{"mistral-unmasked": {"5": {"micro_precision": 0.8660287081339713, "micro_recall": 0.8537735849056604, "micro_f1": 0.8598574821852731, "accuracy": 0.9733969986357435}, "29": {"micro_precision": 0.8557692307692307, "micro_recall": 0.839622641509434, "micro_f1": 0.8476190476190476, "accuracy": 0.9716916780354706}, "42": {"micro_precision": 0.8636363636363636, "micro_recall": 0.8066037735849056, "micro_f1": 0.8341463414634147, "accuracy": 0.973055934515689}, "81": {"micro_precision": 0.8472906403940886, "micro_recall": 0.8113207547169812, "micro_f1": 0.8289156626506025, "accuracy": 0.973055934515689}, "123": {"micro_precision": 0.8622448979591837, "micro_recall": 0.7971698113207547, "micro_f1": 0.8284313725490197, "accuracy": 0.968281036834925}}}