{"gemma2-repeat-k": {"5": {"micro_precision": 0.8770053475935828, "micro_recall": 0.7735849056603774, "micro_f1": 0.8220551378446116, "accuracy": 0.9716916780354706}, "29": {"micro_precision": 0.875, "micro_recall": 0.7924528301886793, "micro_f1": 0.8316831683168316, "accuracy": 0.9723738062755798}, "42": {"micro_precision": 0.8704663212435233, "micro_recall": 0.7924528301886793, "micro_f1": 0.8296296296296296, "accuracy": 0.9733969986357435}, "81": {"micro_precision": 0.8717948717948718, "micro_recall": 0.8018867924528302, "micro_f1": 0.8353808353808354, "accuracy": 0.9723738062755798}, "123": {"micro_precision": 0.8823529411764706, "micro_recall": 0.7783018867924528, "micro_f1": 0.8270676691729323, "accuracy": 0.9723738062755798}}}