{"gemma-repeat-k": {"5": {"micro_precision": 0.8442211055276382, "micro_recall": 0.7924528301886793, "micro_f1": 0.8175182481751826, "accuracy": 0.9713506139154161}, "29": {"micro_precision": 0.8762376237623762, "micro_recall": 0.8349056603773585, "micro_f1": 0.8550724637681159, "accuracy": 0.9740791268758526}, "42": {"micro_precision": 0.8924731182795699, "micro_recall": 0.7830188679245284, "micro_f1": 0.8341708542713568, "accuracy": 0.9727148703956344}, "81": {"micro_precision": 0.8613861386138614, "micro_recall": 0.8207547169811321, "micro_f1": 0.8405797101449276, "accuracy": 0.9733969986357435}, "123": {"micro_precision": 0.8781725888324873, "micro_recall": 0.8160377358490566, "micro_f1": 0.8459657701711492, "accuracy": 0.9761255115961801}}}