{"mistral-repeat-k-early-exit": {"5": {"micro_precision": 0.8452012383900929, "micro_recall": 0.7755681818181818, "micro_f1": 0.8088888888888889, "accuracy": 0.9696080124330858}, "29": {"micro_precision": 0.7944785276073619, "micro_recall": 0.7357954545454546, "micro_f1": 0.7640117994100294, "accuracy": 0.9656363322396823}, "42": {"micro_precision": 0.6794117647058824, "micro_recall": 0.65625, "micro_f1": 0.6676300578034682, "accuracy": 0.9516491106890002}, "81": {"micro_precision": 0.7857142857142857, "micro_recall": 0.75, "micro_f1": 0.7674418604651163, "accuracy": 0.9661543774823002}, "123": {"micro_precision": 0.7595907928388747, "micro_recall": 0.84375, "micro_f1": 0.7994616419919245, "accuracy": 0.9683992402003109}}}