{"mistral-repeat-k": {"5": {"micro_precision": 0.8205882352941176, "micro_recall": 0.7926136363636364, "micro_f1": 0.8063583815028901, "accuracy": 0.972198238646175}, "29": {"micro_precision": 0.8176638176638177, "micro_recall": 0.8153409090909091, "micro_f1": 0.8165007112375533, "accuracy": 0.9727162838887929}, "42": {"micro_precision": 0.8208955223880597, "micro_recall": 0.78125, "micro_f1": 0.8005822416302767, "accuracy": 0.9720255568986358}, "81": {"micro_precision": 0.8103448275862069, "micro_recall": 0.8011363636363636, "micro_f1": 0.8057142857142857, "accuracy": 0.9723709203937144}, "123": {"micro_precision": 0.8144927536231884, "micro_recall": 0.7982954545454546, "micro_f1": 0.8063127690100432, "accuracy": 0.9701260576757037}}}