{"qwen3-repeat-k-early-exit": {"5": {"micro_precision": 0.7537537537537538, "micro_recall": 0.7130681818181818, "micro_f1": 0.7328467153284671, "accuracy": 0.9625280607839751}, "29": {"micro_precision": 0.759375, "micro_recall": 0.6903409090909091, "micro_f1": 0.7232142857142857, "accuracy": 0.9604558798135037}, "42": {"micro_precision": 0.7238372093023255, "micro_recall": 0.7073863636363636, "micro_f1": 0.7155172413793105, "accuracy": 0.9602831980659644}, "81": {"micro_precision": 0.7345679012345679, "micro_recall": 0.6761363636363636, "micro_f1": 0.7041420118343196, "accuracy": 0.9575202901053359}, "123": {"micro_precision": 0.7522123893805309, "micro_recall": 0.7244318181818182, "micro_f1": 0.7380607814761216, "accuracy": 0.9623553790364359}}}