{"mistral-repeat-k-early-exit": {"5": {"micro_precision": 0.893048128342246, "micro_recall": 0.7877358490566038, "micro_f1": 0.837092731829574, "accuracy": 0.9713506139154161}, "29": {"micro_precision": 0.8769230769230769, "micro_recall": 0.8066037735849056, "micro_f1": 0.8402948402948403, "accuracy": 0.9747612551159618}, "42": {"micro_precision": 0.855, "micro_recall": 0.8066037735849056, "micro_f1": 0.8300970873786407, "accuracy": 0.9737380627557981}, "81": {"micro_precision": 0.8267326732673267, "micro_recall": 0.7877358490566038, "micro_f1": 0.8067632850241546, "accuracy": 0.9716916780354706}, "123": {"micro_precision": 0.8254716981132075, "micro_recall": 0.8254716981132075, "micro_f1": 0.8254716981132075, "accuracy": 0.9703274215552524}}}