{"qwen3-repeat-k": {"5": {"micro_precision": 0.782608695652174, "micro_recall": 0.7670454545454546, "micro_f1": 0.7747489239598279, "accuracy": 0.9666724227249179}, "29": {"micro_precision": 0.8100890207715133, "micro_recall": 0.7755681818181818, "micro_f1": 0.7924528301886793, "accuracy": 0.9682265584527715}, "42": {"micro_precision": 0.7910447761194029, "micro_recall": 0.7528409090909091, "micro_f1": 0.7714701601164483, "accuracy": 0.9649456052495251}, "81": {"micro_precision": 0.782991202346041, "micro_recall": 0.7585227272727273, "micro_f1": 0.7705627705627706, "accuracy": 0.9682265584527715}, "123": {"micro_precision": 0.7876106194690266, "micro_recall": 0.7585227272727273, "micro_f1": 0.7727930535455863, "accuracy": 0.9664997409773787}}}