{"gemma2-unmasked-middle": {"5": {"micro_precision": 0.7846607669616519, "micro_recall": 0.7556818181818182, "micro_f1": 0.7698986975397974, "accuracy": 0.9677085132101537}, "29": {"micro_precision": 0.7894736842105263, "micro_recall": 0.7670454545454546, "micro_f1": 0.7780979827089337, "accuracy": 0.9670177862199966}, "42": {"micro_precision": 0.815028901734104, "micro_recall": 0.8011363636363636, "micro_f1": 0.8080229226361031, "accuracy": 0.9708167846658609}, "81": {"micro_precision": 0.7800586510263929, "micro_recall": 0.7556818181818182, "micro_f1": 0.7676767676767677, "accuracy": 0.9680538767052322}, "123": {"micro_precision": 0.792507204610951, "micro_recall": 0.78125, "micro_f1": 0.7868383404864092, "accuracy": 0.9682265584527715}}}