{"qwen3": {"5": {"micro_precision": 0.7111111111111111, "micro_recall": 0.6363636363636364, "micro_f1": 0.671664167916042, "accuracy": 0.9499222932136073}, "29": {"micro_precision": 0.6835443037974683, "micro_recall": 0.6136363636363636, "micro_f1": 0.6467065868263473, "accuracy": 0.9487135209808323}, "42": {"micro_precision": 0.6925465838509317, "micro_recall": 0.6335227272727273, "micro_f1": 0.6617210682492582, "accuracy": 0.9511310654463823}, "81": {"micro_precision": 0.6656626506024096, "micro_recall": 0.6278409090909091, "micro_f1": 0.6461988304093567, "accuracy": 0.948540839233293}, "123": {"micro_precision": 0.6613418530351438, "micro_recall": 0.5880681818181818, "micro_f1": 0.6225563909774435, "accuracy": 0.9476774304955966}}}