{"mistral-repeat-k-early-exit": {"5": {"micro_precision": 0.8005780346820809, "micro_recall": 0.7869318181818182, "micro_f1": 0.7936962750716332, "accuracy": 0.9690899671904679}, "29": {"micro_precision": 0.8288288288288288, "micro_recall": 0.7840909090909091, "micro_f1": 0.805839416058394, "accuracy": 0.9697806941806251}, "42": {"micro_precision": 0.75, "micro_recall": 0.7244318181818182, "micro_f1": 0.7369942196531791, "accuracy": 0.9621826972888966}, "81": {"micro_precision": 0.8029850746268656, "micro_recall": 0.7642045454545454, "micro_f1": 0.7831149927219796, "accuracy": 0.9673631497150751}, "123": {"micro_precision": 0.7953890489913544, "micro_recall": 0.7840909090909091, "micro_f1": 0.7896995708154507, "accuracy": 0.9687446036953894}}}