{"mistral-repeat-k-early-exit": {"5": {"micro_precision": 0.8481675392670157, "micro_recall": 0.7641509433962265, "micro_f1": 0.8039702233250621, "accuracy": 0.9689631650750341}, "29": {"micro_precision": 0.8095238095238095, "micro_recall": 0.8018867924528302, "micro_f1": 0.8056872037914692, "accuracy": 0.9665757162346521}, "42": {"micro_precision": 0.8478260869565217, "micro_recall": 0.7358490566037735, "micro_f1": 0.7878787878787878, "accuracy": 0.9655525238744884}, "81": {"micro_precision": 0.8586387434554974, "micro_recall": 0.7735849056603774, "micro_f1": 0.8138957816377171, "accuracy": 0.9696452933151433}, "123": {"micro_precision": 0.8429319371727748, "micro_recall": 0.7594339622641509, "micro_f1": 0.7990074441687345, "accuracy": 0.965893587994543}}}