{"gemma": {"5": {"micro_precision": 0.7670454545454546, "micro_recall": 0.6367924528301887, "micro_f1": 0.6958762886597939, "accuracy": 0.9553206002728513}, "29": {"micro_precision": 0.7578947368421053, "micro_recall": 0.6792452830188679, "micro_f1": 0.7164179104477613, "accuracy": 0.9546384720327421}, "42": {"micro_precision": 0.7040816326530612, "micro_recall": 0.6509433962264151, "micro_f1": 0.676470588235294, "accuracy": 0.9529331514324693}, "81": {"micro_precision": 0.7473118279569892, "micro_recall": 0.6556603773584906, "micro_f1": 0.6984924623115578, "accuracy": 0.9553206002728513}, "123": {"micro_precision": 0.7474226804123711, "micro_recall": 0.6839622641509434, "micro_f1": 0.7142857142857143, "accuracy": 0.9570259208731241}}}