{"mistral-repeat-k-early-exit": {"5": {"micro_precision": 0.8888888888888888, "micro_recall": 0.7924528301886793, "micro_f1": 0.8379052369077307, "accuracy": 0.9713506139154161}, "29": {"micro_precision": 0.8789473684210526, "micro_recall": 0.7877358490566038, "micro_f1": 0.8308457711442786, "accuracy": 0.9727148703956344}, "42": {"micro_precision": 0.8341463414634146, "micro_recall": 0.8066037735849056, "micro_f1": 0.8201438848920862, "accuracy": 0.970668485675307}, "81": {"micro_precision": 0.8775510204081632, "micro_recall": 0.8113207547169812, "micro_f1": 0.8431372549019608, "accuracy": 0.9723738062755798}, "123": {"micro_precision": 0.8418367346938775, "micro_recall": 0.7783018867924528, "micro_f1": 0.8088235294117647, "accuracy": 0.9686221009549796}}}