{"mistral-unmasked-middle": {"5": {"micro_precision": 0.8888888888888888, "micro_recall": 0.8301886792452831, "micro_f1": 0.8585365853658536, "accuracy": 0.9761255115961801}, "29": {"micro_precision": 0.8585858585858586, "micro_recall": 0.8018867924528302, "micro_f1": 0.8292682926829269, "accuracy": 0.9713506139154161}, "42": {"micro_precision": 0.8285714285714286, "micro_recall": 0.8207547169811321, "micro_f1": 0.8246445497630333, "accuracy": 0.970668485675307}, "81": {"micro_precision": 0.8686868686868687, "micro_recall": 0.8113207547169812, "micro_f1": 0.8390243902439025, "accuracy": 0.9733969986357435}, "123": {"micro_precision": 0.8480392156862745, "micro_recall": 0.8160377358490566, "micro_f1": 0.8317307692307693, "accuracy": 0.9740791268758526}}}