{"gemma-repeat-k": {"5": {"micro_precision": 0.8941798941798942, "micro_recall": 0.7971698113207547, "micro_f1": 0.8428927680798005, "accuracy": 0.9720327421555253}, "29": {"micro_precision": 0.865, "micro_recall": 0.8160377358490566, "micro_f1": 0.8398058252427184, "accuracy": 0.9757844474761255}, "42": {"micro_precision": 0.865, "micro_recall": 0.8160377358490566, "micro_f1": 0.8398058252427184, "accuracy": 0.975443383356071}, "81": {"micro_precision": 0.9015544041450777, "micro_recall": 0.8207547169811321, "micro_f1": 0.8592592592592593, "accuracy": 0.9785129604365621}, "123": {"micro_precision": 0.8634146341463415, "micro_recall": 0.8349056603773585, "micro_f1": 0.8489208633093525, "accuracy": 0.9744201909959073}}}