{"gemma2-unmasked-middle": {"5": {"micro_precision": 0.8864864864864865, "micro_recall": 0.7735849056603774, "micro_f1": 0.8261964735516373, "accuracy": 0.9716916780354706}, "29": {"micro_precision": 0.8677248677248677, "micro_recall": 0.7735849056603774, "micro_f1": 0.8179551122194514, "accuracy": 0.968281036834925}, "42": {"micro_precision": 0.8090452261306532, "micro_recall": 0.7594339622641509, "micro_f1": 0.7834549878345498, "accuracy": 0.9699863574351978}, "81": {"micro_precision": 0.8548387096774194, "micro_recall": 0.75, "micro_f1": 0.7989949748743718, "accuracy": 0.9679399727148704}, "123": {"micro_precision": 0.8290155440414507, "micro_recall": 0.7547169811320755, "micro_f1": 0.7901234567901234, "accuracy": 0.9669167803547067}}}