{"mistral-repeat-k-early-exit": {"5": {"micro_precision": 0.8067484662576687, "micro_recall": 0.7471590909090909, "micro_f1": 0.7758112094395281, "accuracy": 0.9687446036953894}, "29": {"micro_precision": 0.8264705882352941, "micro_recall": 0.7982954545454546, "micro_f1": 0.8121387283236995, "accuracy": 0.9725436021412537}, "42": {"micro_precision": 0.8095238095238095, "micro_recall": 0.7727272727272727, "micro_f1": 0.7906976744186046, "accuracy": 0.9697806941806251}, "81": {"micro_precision": 0.7817109144542773, "micro_recall": 0.7528409090909091, "micro_f1": 0.7670043415340088, "accuracy": 0.9671904679675358}, "123": {"micro_precision": 0.8040345821325648, "micro_recall": 0.7926136363636364, "micro_f1": 0.7982832618025751, "accuracy": 0.9699533759281644}}}