{"qwen3-unmasked": {"5": {"micro_precision": 0.7956989247311828, "micro_recall": 0.6981132075471698, "micro_f1": 0.7437185929648241, "accuracy": 0.9590723055934516}, "29": {"micro_precision": 0.7875647668393783, "micro_recall": 0.7169811320754716, "micro_f1": 0.7506172839506173, "accuracy": 0.9618008185538881}, "42": {"micro_precision": 0.8021390374331551, "micro_recall": 0.7075471698113207, "micro_f1": 0.7518796992481204, "accuracy": 0.9638472032742156}, "81": {"micro_precision": 0.7571428571428571, "micro_recall": 0.75, "micro_f1": 0.7535545023696683, "accuracy": 0.9618008185538881}, "123": {"micro_precision": 0.7810945273631841, "micro_recall": 0.7405660377358491, "micro_f1": 0.7602905569007264, "accuracy": 0.9624829467939973}}}