{"qwen3-unmasked": {"5": {"micro_precision": 0.6927710843373494, "micro_recall": 0.6534090909090909, "micro_f1": 0.672514619883041, "accuracy": 0.9554481091348644}, "29": {"micro_precision": 0.6706231454005934, "micro_recall": 0.6420454545454546, "micro_f1": 0.656023222060958, "accuracy": 0.9542393369020894}, "42": {"micro_precision": 0.7625, "micro_recall": 0.6931818181818182, "micro_f1": 0.7261904761904763, "accuracy": 0.9592471075807287}, "81": {"micro_precision": 0.709375, "micro_recall": 0.6448863636363636, "micro_f1": 0.6755952380952381, "accuracy": 0.955793472629943}, "123": {"micro_precision": 0.668769716088328, "micro_recall": 0.6022727272727273, "micro_f1": 0.6337817638266069, "accuracy": 0.9507857019513037}}}