{"gemma2": {"5": {"micro_precision": 0.7525252525252525, "micro_recall": 0.7028301886792453, "micro_f1": 0.7268292682926829, "accuracy": 0.9570259208731241}, "29": {"micro_precision": 0.7783783783783784, "micro_recall": 0.6792452830188679, "micro_f1": 0.7254408060453401, "accuracy": 0.9573669849931787}, "42": {"micro_precision": 0.7473684210526316, "micro_recall": 0.6698113207547169, "micro_f1": 0.7064676616915423, "accuracy": 0.9549795361527967}, "81": {"micro_precision": 0.7438423645320197, "micro_recall": 0.7122641509433962, "micro_f1": 0.727710843373494, "accuracy": 0.9556616643929059}, "123": {"micro_precision": 0.7268041237113402, "micro_recall": 0.6650943396226415, "micro_f1": 0.6945812807881774, "accuracy": 0.9522510231923602}}}