{"mistral-repeat-k-early-exit": {"5": {"micro_precision": 0.883248730964467, "micro_recall": 0.8207547169811321, "micro_f1": 0.8508557457212714, "accuracy": 0.973055934515689}, "29": {"micro_precision": 0.8494623655913979, "micro_recall": 0.7452830188679245, "micro_f1": 0.7939698492462313, "accuracy": 0.9669167803547067}, "42": {"micro_precision": 0.7637362637362637, "micro_recall": 0.6556603773584906, "micro_f1": 0.7055837563451777, "accuracy": 0.9502046384720327}, "81": {"micro_precision": 0.8526315789473684, "micro_recall": 0.7641509433962265, "micro_f1": 0.8059701492537313, "accuracy": 0.9675989085948158}, "123": {"micro_precision": 0.8155339805825242, "micro_recall": 0.7924528301886793, "micro_f1": 0.8038277511961723, "accuracy": 0.968281036834925}}}