{"gemma2-unmasked-middle": {"5": {"micro_precision": 0.9139784946236559, "micro_recall": 0.8018867924528302, "micro_f1": 0.8542713567839196, "accuracy": 0.9761255115961801}, "29": {"micro_precision": 0.8617021276595744, "micro_recall": 0.7641509433962265, "micro_f1": 0.8099999999999999, "accuracy": 0.9703274215552524}, "42": {"micro_precision": 0.8374384236453202, "micro_recall": 0.8018867924528302, "micro_f1": 0.819277108433735, "accuracy": 0.9699863574351978}, "81": {"micro_precision": 0.8941798941798942, "micro_recall": 0.7971698113207547, "micro_f1": 0.8428927680798005, "accuracy": 0.9720327421555253}, "123": {"micro_precision": 0.84375, "micro_recall": 0.7641509433962265, "micro_f1": 0.8019801980198021, "accuracy": 0.9693042291950886}}}