{"qwen3-repeat-k-early-exit": {"5": {"micro_precision": 0.8082901554404145, "micro_recall": 0.7358490566037735, "micro_f1": 0.7703703703703704, "accuracy": 0.9624829467939973}, "29": {"micro_precision": 0.7766497461928934, "micro_recall": 0.7216981132075472, "micro_f1": 0.7481662591687042, "accuracy": 0.9580491132332879}, "42": {"micro_precision": 0.7405660377358491, "micro_recall": 0.7405660377358491, "micro_f1": 0.7405660377358491, "accuracy": 0.9590723055934516}, "81": {"micro_precision": 0.8, "micro_recall": 0.7358490566037735, "micro_f1": 0.7665847665847666, "accuracy": 0.9607776261937244}, "123": {"micro_precision": 0.7947368421052632, "micro_recall": 0.7122641509433962, "micro_f1": 0.7512437810945275, "accuracy": 0.958731241473397}}}