{"qwen3-repeat-k": {"5": {"micro_precision": 0.7754491017964071, "micro_recall": 0.7357954545454546, "micro_f1": 0.7551020408163265, "accuracy": 0.9640821965118287}, "29": {"micro_precision": 0.7594202898550725, "micro_recall": 0.7443181818181818, "micro_f1": 0.7517934002869441, "accuracy": 0.964254878259368}, "42": {"micro_precision": 0.7905604719764012, "micro_recall": 0.7613636363636364, "micro_f1": 0.7756874095513748, "accuracy": 0.9656363322396823}, "81": {"micro_precision": 0.7994011976047904, "micro_recall": 0.7585227272727273, "micro_f1": 0.7784256559766763, "accuracy": 0.9671904679675358}, "123": {"micro_precision": 0.7780979827089337, "micro_recall": 0.7670454545454546, "micro_f1": 0.7725321888412018, "accuracy": 0.965463650492143}}}