{"qwen3-repeat-k": {"5": {"micro_precision": 0.8756756756756757, "micro_recall": 0.7641509433962265, "micro_f1": 0.8161209068010076, "accuracy": 0.9686221009549796}, "29": {"micro_precision": 0.8393782383419689, "micro_recall": 0.7641509433962265, "micro_f1": 0.8, "accuracy": 0.9665757162346521}, "42": {"micro_precision": 0.8563829787234043, "micro_recall": 0.7594339622641509, "micro_f1": 0.805, "accuracy": 0.9669167803547067}, "81": {"micro_precision": 0.8429319371727748, "micro_recall": 0.7594339622641509, "micro_f1": 0.7990074441687345, "accuracy": 0.9665757162346521}, "123": {"micro_precision": 0.8722222222222222, "micro_recall": 0.7405660377358491, "micro_f1": 0.8010204081632655, "accuracy": 0.9669167803547067}}}