{"mistral-repeat-k": {"5": {"micro_precision": 0.8242074927953891, "micro_recall": 0.8125, "micro_f1": 0.8183118741058655, "accuracy": 0.9740977378691072}, "29": {"micro_precision": 0.7994186046511628, "micro_recall": 0.78125, "micro_f1": 0.7902298850574713, "accuracy": 0.9708167846658609}, "42": {"micro_precision": 0.7816091954022989, "micro_recall": 0.7727272727272727, "micro_f1": 0.777142857142857, "accuracy": 0.9680538767052322}, "81": {"micro_precision": 0.8492753623188406, "micro_recall": 0.8323863636363636, "micro_f1": 0.8407460545193687, "accuracy": 0.9737523743740286}, "123": {"micro_precision": 0.8166666666666667, "micro_recall": 0.8352272727272727, "micro_f1": 0.8258426966292135, "accuracy": 0.9728889656363322}}}