{"gemma-repeat-k": {"5": {"micro_precision": 0.828080229226361, "micro_recall": 0.8210227272727273, "micro_f1": 0.8245363766048501, "accuracy": 0.9723709203937144}, "29": {"micro_precision": 0.7828571428571428, "micro_recall": 0.7784090909090909, "micro_f1": 0.7806267806267806, "accuracy": 0.9682265584527715}, "42": {"micro_precision": 0.8132530120481928, "micro_recall": 0.7670454545454546, "micro_f1": 0.7894736842105264, "accuracy": 0.970298739423243}, "81": {"micro_precision": 0.811965811965812, "micro_recall": 0.8096590909090909, "micro_f1": 0.8108108108108107, "accuracy": 0.9711621481609394}, "123": {"micro_precision": 0.8117977528089888, "micro_recall": 0.8210227272727273, "micro_f1": 0.8163841807909605, "accuracy": 0.9723709203937144}}}