{"mistral-repeat-k-early-exit": {"5": {"micro_precision": 0.8115942028985508, "micro_recall": 0.7954545454545454, "micro_f1": 0.8034433285509326, "accuracy": 0.9708167846658609}, "29": {"micro_precision": 0.841642228739003, "micro_recall": 0.8153409090909091, "micro_f1": 0.8282828282828283, "accuracy": 0.9720255568986358}, "42": {"micro_precision": 0.8284023668639053, "micro_recall": 0.7954545454545454, "micro_f1": 0.8115942028985507, "accuracy": 0.9713348299084786}, "81": {"micro_precision": 0.793010752688172, "micro_recall": 0.8380681818181818, "micro_f1": 0.8149171270718233, "accuracy": 0.970298739423243}, "123": {"micro_precision": 0.8282548476454293, "micro_recall": 0.8494318181818182, "micro_f1": 0.8387096774193548, "accuracy": 0.9730616473838716}}}