{"qwen3-unmasked-middle": {"5": {"micro_precision": 0.7620481927710844, "micro_recall": 0.71875, "micro_f1": 0.7397660818713451, "accuracy": 0.963046106026593}, "29": {"micro_precision": 0.7492795389048992, "micro_recall": 0.7386363636363636, "micro_f1": 0.7439198855507869, "accuracy": 0.9637368330167502}, "42": {"micro_precision": 0.7596439169139466, "micro_recall": 0.7272727272727273, "micro_f1": 0.7431059506531206, "accuracy": 0.9623553790364359}, "81": {"micro_precision": 0.7443181818181818, "micro_recall": 0.7443181818181818, "micro_f1": 0.7443181818181818, "accuracy": 0.9625280607839751}, "123": {"micro_precision": 0.7667638483965015, "micro_recall": 0.7471590909090909, "micro_f1": 0.7568345323741007, "accuracy": 0.9652909687446037}}}