{"qwen3-repeat-k": {"5": {"micro_precision": 0.7784431137724551, "micro_recall": 0.7386363636363636, "micro_f1": 0.7580174927113702, "accuracy": 0.9675358314626143}, "29": {"micro_precision": 0.7831325301204819, "micro_recall": 0.7386363636363636, "micro_f1": 0.7602339181286549, "accuracy": 0.9658090139872215}, "42": {"micro_precision": 0.8029411764705883, "micro_recall": 0.7755681818181818, "micro_f1": 0.7890173410404623, "accuracy": 0.970298739423243}, "81": {"micro_precision": 0.800561797752809, "micro_recall": 0.8096590909090909, "micro_f1": 0.8050847457627118, "accuracy": 0.9709894664134001}, "123": {"micro_precision": 0.7745664739884393, "micro_recall": 0.7613636363636364, "micro_f1": 0.7679083094555875, "accuracy": 0.9651182869970644}}}