{"qwen3": {"5": {"micro_precision": 0.6898395721925134, "micro_recall": 0.6084905660377359, "micro_f1": 0.6466165413533834, "accuracy": 0.9464529331514324}, "29": {"micro_precision": 0.6927710843373494, "micro_recall": 0.5424528301886793, "micro_f1": 0.6084656084656085, "accuracy": 0.9409959072305594}, "42": {"micro_precision": 0.64, "micro_recall": 0.5283018867924528, "micro_f1": 0.578811369509044, "accuracy": 0.9382673942701227}, "81": {"micro_precision": 0.7016574585635359, "micro_recall": 0.5990566037735849, "micro_f1": 0.6463104325699746, "accuracy": 0.9450886766712142}, "123": {"micro_precision": 0.6910994764397905, "micro_recall": 0.6226415094339622, "micro_f1": 0.6550868486352357, "accuracy": 0.949181446111869}}}