{"gemma": {"5": {"micro_precision": 0.7286585365853658, "micro_recall": 0.6789772727272727, "micro_f1": 0.7029411764705882, "accuracy": 0.957002244862718}, "29": {"micro_precision": 0.7155688622754491, "micro_recall": 0.6789772727272727, "micro_f1": 0.6967930029154518, "accuracy": 0.9538939734070109}, "42": {"micro_precision": 0.672514619883041, "micro_recall": 0.6534090909090909, "micro_f1": 0.6628242074927955, "accuracy": 0.9514764289414609}, "81": {"micro_precision": 0.7422360248447205, "micro_recall": 0.6789772727272727, "micro_f1": 0.7091988130563799, "accuracy": 0.9575202901053359}, "123": {"micro_precision": 0.7181008902077152, "micro_recall": 0.6875, "micro_f1": 0.7024673439767779, "accuracy": 0.9535486099119324}}}