{"gemma2-unmasked-middle": {"5": {"micro_precision": 0.7880597014925373, "micro_recall": 0.75, "micro_f1": 0.7685589519650654, "accuracy": 0.9685719219478501}, "29": {"micro_precision": 0.7698863636363636, "micro_recall": 0.7698863636363636, "micro_f1": 0.7698863636363635, "accuracy": 0.9673631497150751}, "42": {"micro_precision": 0.7909604519774012, "micro_recall": 0.7954545454545454, "micro_f1": 0.7932011331444759, "accuracy": 0.9685719219478501}, "81": {"micro_precision": 0.788235294117647, "micro_recall": 0.7613636363636364, "micro_f1": 0.7745664739884393, "accuracy": 0.9670177862199966}, "123": {"micro_precision": 0.7964071856287425, "micro_recall": 0.7556818181818182, "micro_f1": 0.7755102040816326, "accuracy": 0.9680538767052322}}}