{"qwen3-unmasked-middle": {"5": {"micro_precision": 0.8206521739130435, "micro_recall": 0.7122641509433962, "micro_f1": 0.7626262626262627, "accuracy": 0.9618008185538881}, "29": {"micro_precision": 0.798941798941799, "micro_recall": 0.7122641509433962, "micro_f1": 0.7531172069825436, "accuracy": 0.9618008185538881}, "42": {"micro_precision": 0.8042328042328042, "micro_recall": 0.7169811320754716, "micro_f1": 0.7581047381546135, "accuracy": 0.9621418826739427}, "81": {"micro_precision": 0.8128342245989305, "micro_recall": 0.7169811320754716, "micro_f1": 0.7619047619047619, "accuracy": 0.9631650750341064}, "123": {"micro_precision": 0.806282722513089, "micro_recall": 0.7264150943396226, "micro_f1": 0.7642679900744417, "accuracy": 0.9614597544338336}}}