{"mistral": {"5": {"micro_precision": 0.7082066869300911, "micro_recall": 0.6619318181818182, "micro_f1": 0.6842878120411159, "accuracy": 0.9530305646693145}, "29": {"micro_precision": 0.7189349112426036, "micro_recall": 0.6903409090909091, "micro_f1": 0.7043478260869565, "accuracy": 0.9547573821447073}, "42": {"micro_precision": 0.7507987220447284, "micro_recall": 0.6676136363636364, "micro_f1": 0.7067669172932332, "accuracy": 0.9544120186496288}, "81": {"micro_precision": 0.6985074626865672, "micro_recall": 0.6647727272727273, "micro_f1": 0.6812227074235808, "accuracy": 0.9525125194266966}, "123": {"micro_precision": 0.7398119122257053, "micro_recall": 0.6704545454545454, "micro_f1": 0.7034277198211625, "accuracy": 0.9544120186496288}}}