{"mistral-repeat-k-early-exit": {"5": {"micro_precision": 0.8704663212435233, "micro_recall": 0.7924528301886793, "micro_f1": 0.8296296296296296, "accuracy": 0.9740791268758526}, "29": {"micro_precision": 0.832579185520362, "micro_recall": 0.8679245283018868, "micro_f1": 0.8498845265588916, "accuracy": 0.9744201909959073}, "42": {"micro_precision": 0.8634146341463415, "micro_recall": 0.8349056603773585, "micro_f1": 0.8489208633093525, "accuracy": 0.9757844474761255}, "81": {"micro_precision": 0.8802083333333334, "micro_recall": 0.7971698113207547, "micro_f1": 0.8366336633663366, "accuracy": 0.9727148703956344}, "123": {"micro_precision": 0.8477157360406091, "micro_recall": 0.7877358490566038, "micro_f1": 0.8166259168704156, "accuracy": 0.9720327421555253}}}