{"gemma-unmasked-middle": {"5": {"micro_precision": 0.8663366336633663, "micro_recall": 0.8254716981132075, "micro_f1": 0.8454106280193238, "accuracy": 0.9757844474761255}, "29": {"micro_precision": 0.8557213930348259, "micro_recall": 0.8113207547169812, "micro_f1": 0.8329297820823245, "accuracy": 0.9744201909959073}, "42": {"micro_precision": 0.8317307692307693, "micro_recall": 0.8160377358490566, "micro_f1": 0.8238095238095239, "accuracy": 0.9689631650750341}, "81": {"micro_precision": 0.8341968911917098, "micro_recall": 0.7594339622641509, "micro_f1": 0.7950617283950616, "accuracy": 0.9703274215552524}, "123": {"micro_precision": 0.8571428571428571, "micro_recall": 0.8207547169811321, "micro_f1": 0.8385542168674699, "accuracy": 0.975443383356071}}}