{"mistral": {"5": {"micro_precision": 0.7865168539325843, "micro_recall": 0.660377358490566, "micro_f1": 0.717948717948718, "accuracy": 0.9532742155525239}, "29": {"micro_precision": 0.7445652173913043, "micro_recall": 0.6462264150943396, "micro_f1": 0.6919191919191919, "accuracy": 0.9532742155525239}, "42": {"micro_precision": 0.7624309392265194, "micro_recall": 0.6509433962264151, "micro_f1": 0.7022900763358778, "accuracy": 0.9556616643929059}, "81": {"micro_precision": 0.7474226804123711, "micro_recall": 0.6839622641509434, "micro_f1": 0.7142857142857143, "accuracy": 0.9577080491132333}, "123": {"micro_precision": 0.7473684210526316, "micro_recall": 0.6698113207547169, "micro_f1": 0.7064676616915423, "accuracy": 0.953956343792633}}}