{"mistral-repeat-k": {"5": {"micro_precision": 0.8817733990147784, "micro_recall": 0.8443396226415094, "micro_f1": 0.8626506024096386, "accuracy": 0.973055934515689}, "29": {"micro_precision": 0.896551724137931, "micro_recall": 0.8584905660377359, "micro_f1": 0.8771084337349397, "accuracy": 0.9785129604365621}, "42": {"micro_precision": 0.8905472636815921, "micro_recall": 0.8443396226415094, "micro_f1": 0.8668280871670703, "accuracy": 0.977830832196453}, "81": {"micro_precision": 0.8613861386138614, "micro_recall": 0.8207547169811321, "micro_f1": 0.8405797101449276, "accuracy": 0.9751023192360164}, "123": {"micro_precision": 0.8418604651162791, "micro_recall": 0.8537735849056604, "micro_f1": 0.847775175644028, "accuracy": 0.9751023192360164}}}