{"qwen3-repeat-k": {"5": {"micro_precision": 0.8541666666666666, "micro_recall": 0.7735849056603774, "micro_f1": 0.811881188118812, "accuracy": 0.9686221009549796}, "29": {"micro_precision": 0.8556149732620321, "micro_recall": 0.7547169811320755, "micro_f1": 0.8020050125313283, "accuracy": 0.9675989085948158}, "42": {"micro_precision": 0.8724489795918368, "micro_recall": 0.8066037735849056, "micro_f1": 0.8382352941176472, "accuracy": 0.9716916780354706}, "81": {"micro_precision": 0.8534031413612565, "micro_recall": 0.7688679245283019, "micro_f1": 0.8089330024813897, "accuracy": 0.968281036834925}, "123": {"micro_precision": 0.8222222222222222, "micro_recall": 0.6981132075471698, "micro_f1": 0.7551020408163266, "accuracy": 0.9638472032742156}}}