{"qwen3-repeat-k-early-exit": {"5": {"micro_precision": 0.7665706051873199, "micro_recall": 0.7556818181818182, "micro_f1": 0.7610872675250359, "accuracy": 0.9640821965118287}, "29": {"micro_precision": 0.7392550143266475, "micro_recall": 0.7329545454545454, "micro_f1": 0.7360912981455064, "accuracy": 0.9611466068036608}, "42": {"micro_precision": 0.7569230769230769, "micro_recall": 0.6988636363636364, "micro_f1": 0.7267355982274741, "accuracy": 0.9608012433085823}, "81": {"micro_precision": 0.75, "micro_recall": 0.7159090909090909, "micro_f1": 0.7325581395348838, "accuracy": 0.9595924710758073}, "123": {"micro_precision": 0.7439024390243902, "micro_recall": 0.6931818181818182, "micro_f1": 0.7176470588235295, "accuracy": 0.957002244862718}}}