{"mistral-repeat-k-early-exit": {"5": {"micro_precision": 0.7784090909090909, "micro_recall": 0.7784090909090909, "micro_f1": 0.7784090909090909, "accuracy": 0.9668451044724573}, "29": {"micro_precision": 0.7581521739130435, "micro_recall": 0.7926136363636364, "micro_f1": 0.775, "accuracy": 0.9639095147642894}, "42": {"micro_precision": 0.7542372881355932, "micro_recall": 0.7585227272727273, "micro_f1": 0.7563739376770537, "accuracy": 0.9647729235019858}, "81": {"micro_precision": 0.7884057971014493, "micro_recall": 0.7727272727272727, "micro_f1": 0.7804878048780488, "accuracy": 0.9668451044724573}, "123": {"micro_precision": 0.7207207207207207, "micro_recall": 0.6818181818181818, "micro_f1": 0.7007299270072992, "accuracy": 0.954584700397168}}}