{"qwen3-repeat-k-early-exit": {"5": {"micro_precision": 0.788659793814433, "micro_recall": 0.7216981132075472, "micro_f1": 0.7536945812807881, "accuracy": 0.9614597544338336}, "29": {"micro_precision": 0.7708333333333334, "micro_recall": 0.6981132075471698, "micro_f1": 0.7326732673267327, "accuracy": 0.956343792633015}, "42": {"micro_precision": 0.7894736842105263, "micro_recall": 0.7075471698113207, "micro_f1": 0.746268656716418, "accuracy": 0.9590723055934516}, "81": {"micro_precision": 0.7766497461928934, "micro_recall": 0.7216981132075472, "micro_f1": 0.7481662591687042, "accuracy": 0.9590723055934516}, "123": {"micro_precision": 0.7969543147208121, "micro_recall": 0.7405660377358491, "micro_f1": 0.7677261613691931, "accuracy": 0.9604365620736699}}}