{"mistral-repeat-k-early-exit": {"5": {"micro_precision": 0.8274111675126904, "micro_recall": 0.7688679245283019, "micro_f1": 0.7970660146699267, "accuracy": 0.9679399727148704}, "29": {"micro_precision": 0.8514851485148515, "micro_recall": 0.8113207547169812, "micro_f1": 0.8309178743961353, "accuracy": 0.9713506139154161}, "42": {"micro_precision": 0.8549222797927462, "micro_recall": 0.7783018867924528, "micro_f1": 0.8148148148148148, "accuracy": 0.9710095497953616}, "81": {"micro_precision": 0.8505154639175257, "micro_recall": 0.7783018867924528, "micro_f1": 0.812807881773399, "accuracy": 0.9686221009549796}, "123": {"micro_precision": 0.7071823204419889, "micro_recall": 0.6037735849056604, "micro_f1": 0.6513994910941476, "accuracy": 0.9454297407912687}}}