{"qwen3": {"5": {"micro_precision": 0.6935483870967742, "micro_recall": 0.6084905660377359, "micro_f1": 0.6482412060301509, "accuracy": 0.9461118690313779}, "29": {"micro_precision": 0.6703910614525139, "micro_recall": 0.5660377358490566, "micro_f1": 0.6138107416879794, "accuracy": 0.9430422919508867}, "42": {"micro_precision": 0.6988636363636364, "micro_recall": 0.5801886792452831, "micro_f1": 0.634020618556701, "accuracy": 0.9478171896316507}, "81": {"micro_precision": 0.6935483870967742, "micro_recall": 0.6084905660377359, "micro_f1": 0.6482412060301509, "accuracy": 0.944406548431105}, "123": {"micro_precision": 0.6961325966850829, "micro_recall": 0.5943396226415094, "micro_f1": 0.6412213740458015, "accuracy": 0.9450886766712142}}}