{"qwen3-unmasked-middle": {"5": {"micro_precision": 0.7676767676767676, "micro_recall": 0.7169811320754716, "micro_f1": 0.7414634146341463, "accuracy": 0.9556616643929059}, "29": {"micro_precision": 0.7958115183246073, "micro_recall": 0.7169811320754716, "micro_f1": 0.7543424317617866, "accuracy": 0.9577080491132333}, "42": {"micro_precision": 0.7708333333333334, "micro_recall": 0.6981132075471698, "micro_f1": 0.7326732673267327, "accuracy": 0.9594133697135061}, "81": {"micro_precision": 0.7921348314606742, "micro_recall": 0.6650943396226415, "micro_f1": 0.7230769230769231, "accuracy": 0.9594133697135061}, "123": {"micro_precision": 0.774869109947644, "micro_recall": 0.6981132075471698, "micro_f1": 0.7344913151364765, "accuracy": 0.9583901773533424}}}