{"gemma2-repeat-k": {"5": {"micro_precision": 0.8489583333333334, "micro_recall": 0.7688679245283019, "micro_f1": 0.806930693069307, "accuracy": 0.9679399727148704}, "29": {"micro_precision": 0.8142857142857143, "micro_recall": 0.8066037735849056, "micro_f1": 0.8104265402843601, "accuracy": 0.9699863574351978}, "42": {"micro_precision": 0.8900523560209425, "micro_recall": 0.8018867924528302, "micro_f1": 0.8436724565756824, "accuracy": 0.9723738062755798}, "81": {"micro_precision": 0.8629441624365483, "micro_recall": 0.8018867924528302, "micro_f1": 0.8312958435207825, "accuracy": 0.9723738062755798}, "123": {"micro_precision": 0.8691099476439791, "micro_recall": 0.7830188679245284, "micro_f1": 0.8238213399503722, "accuracy": 0.9699863574351978}}}