{"mistral-repeat-k": {"5": {"micro_precision": 0.868020304568528, "micro_recall": 0.8066037735849056, "micro_f1": 0.8361858190709046, "accuracy": 0.9733969986357435}, "29": {"micro_precision": 0.8923076923076924, "micro_recall": 0.8207547169811321, "micro_f1": 0.8550368550368551, "accuracy": 0.9740791268758526}, "42": {"micro_precision": 0.8808290155440415, "micro_recall": 0.8018867924528302, "micro_f1": 0.8395061728395062, "accuracy": 0.973055934515689}, "81": {"micro_precision": 0.8502415458937198, "micro_recall": 0.8301886792452831, "micro_f1": 0.8400954653937948, "accuracy": 0.9733969986357435}, "123": {"micro_precision": 0.8537735849056604, "micro_recall": 0.8537735849056604, "micro_f1": 0.8537735849056604, "accuracy": 0.975443383356071}}}