{"mistral-repeat-k": {"5": {"micro_precision": 0.8, "micro_recall": 0.8409090909090909, "micro_f1": 0.8199445983379502, "accuracy": 0.9732343291314108}, "29": {"micro_precision": 0.8128654970760234, "micro_recall": 0.7897727272727273, "micro_f1": 0.8011527377521614, "accuracy": 0.9701260576757037}, "42": {"micro_precision": 0.7867435158501441, "micro_recall": 0.7755681818181818, "micro_f1": 0.7811158798283261, "accuracy": 0.9708167846658609}, "81": {"micro_precision": 0.8171091445427728, "micro_recall": 0.7869318181818182, "micro_f1": 0.8017366136034733, "accuracy": 0.9708167846658609}, "123": {"micro_precision": 0.7810026385224275, "micro_recall": 0.8409090909090909, "micro_f1": 0.8098495212038305, "accuracy": 0.9706441029183215}}}