{"gemma2-repeat-k": {"5": {"micro_precision": 0.8154761904761905, "micro_recall": 0.7784090909090909, "micro_f1": 0.7965116279069767, "accuracy": 0.9699533759281644}, "29": {"micro_precision": 0.8250728862973761, "micro_recall": 0.8039772727272727, "micro_f1": 0.814388489208633, "accuracy": 0.9706441029183215}, "42": {"micro_precision": 0.8219584569732937, "micro_recall": 0.7869318181818182, "micro_f1": 0.8040638606676342, "accuracy": 0.9690899671904679}, "81": {"micro_precision": 0.8029411764705883, "micro_recall": 0.7755681818181818, "micro_f1": 0.7890173410404623, "accuracy": 0.9694353306855465}, "123": {"micro_precision": 0.8028985507246377, "micro_recall": 0.7869318181818182, "micro_f1": 0.7948350071736012, "accuracy": 0.9696080124330858}}}