{"qwen3-repeat-k": {"5": {"micro_precision": 0.8383838383838383, "micro_recall": 0.7830188679245284, "micro_f1": 0.8097560975609757, "accuracy": 0.968281036834925}, "29": {"micro_precision": 0.8516746411483254, "micro_recall": 0.839622641509434, "micro_f1": 0.845605700712589, "accuracy": 0.9713506139154161}, "42": {"micro_precision": 0.8367346938775511, "micro_recall": 0.7735849056603774, "micro_f1": 0.803921568627451, "accuracy": 0.9672578444747613}, "81": {"micro_precision": 0.8776595744680851, "micro_recall": 0.7783018867924528, "micro_f1": 0.8250000000000001, "accuracy": 0.9689631650750341}, "123": {"micro_precision": 0.8564102564102564, "micro_recall": 0.7877358490566038, "micro_f1": 0.8206388206388207, "accuracy": 0.9723738062755798}}}