{"mistral-repeat-k-early-exit": {"5": {"micro_precision": 0.7910863509749304, "micro_recall": 0.8068181818181818, "micro_f1": 0.79887482419128, "accuracy": 0.9699533759281644}, "29": {"micro_precision": 0.7573333333333333, "micro_recall": 0.8068181818181818, "micro_f1": 0.7812929848693259, "accuracy": 0.9649456052495251}, "42": {"micro_precision": 0.8093841642228738, "micro_recall": 0.7840909090909091, "micro_f1": 0.7965367965367967, "accuracy": 0.9689172854429287}, "81": {"micro_precision": 0.8083832335329342, "micro_recall": 0.7670454545454546, "micro_f1": 0.7871720116618076, "accuracy": 0.9685719219478501}, "123": {"micro_precision": 0.8197674418604651, "micro_recall": 0.8011363636363636, "micro_f1": 0.8103448275862069, "accuracy": 0.9709894664134001}}}