{"gemma2": {"5": {"micro_precision": 0.7514450867052023, "micro_recall": 0.6132075471698113, "micro_f1": 0.6753246753246753, "accuracy": 0.9508867667121419}, "29": {"micro_precision": 0.7068062827225131, "micro_recall": 0.6367924528301887, "micro_f1": 0.6699751861042184, "accuracy": 0.949181446111869}, "42": {"micro_precision": 0.7121212121212122, "micro_recall": 0.6650943396226415, "micro_f1": 0.6878048780487804, "accuracy": 0.9532742155525239}, "81": {"micro_precision": 0.6974358974358974, "micro_recall": 0.6415094339622641, "micro_f1": 0.6683046683046683, "accuracy": 0.9488403819918144}, "123": {"micro_precision": 0.7239583333333334, "micro_recall": 0.6556603773584906, "micro_f1": 0.6881188118811882, "accuracy": 0.9508867667121419}}}