{"qwen3-repeat-k": {"5": {"micro_precision": 0.8277511961722488, "micro_recall": 0.8160377358490566, "micro_f1": 0.8218527315914489, "accuracy": 0.9689631650750341}, "29": {"micro_precision": 0.8571428571428571, "micro_recall": 0.7641509433962265, "micro_f1": 0.8079800498753117, "accuracy": 0.9679399727148704}, "42": {"micro_precision": 0.8617021276595744, "micro_recall": 0.7641509433962265, "micro_f1": 0.8099999999999999, "accuracy": 0.9665757162346521}, "81": {"micro_precision": 0.8762886597938144, "micro_recall": 0.8018867924528302, "micro_f1": 0.8374384236453203, "accuracy": 0.9723738062755798}, "123": {"micro_precision": 0.868421052631579, "micro_recall": 0.7783018867924528, "micro_f1": 0.8208955223880596, "accuracy": 0.9703274215552524}}}