{"qwen3-unmasked": {"5": {"micro_precision": 0.8181818181818182, "micro_recall": 0.7216981132075472, "micro_f1": 0.7669172932330827, "accuracy": 0.9597544338335607}, "29": {"micro_precision": 0.824468085106383, "micro_recall": 0.7311320754716981, "micro_f1": 0.775, "accuracy": 0.9655525238744884}, "42": {"micro_precision": 0.8102564102564103, "micro_recall": 0.7452830188679245, "micro_f1": 0.7764127764127764, "accuracy": 0.961118690313779}, "81": {"micro_precision": 0.8121827411167513, "micro_recall": 0.7547169811320755, "micro_f1": 0.78239608801956, "accuracy": 0.9607776261937244}, "123": {"micro_precision": 0.8663101604278075, "micro_recall": 0.7641509433962265, "micro_f1": 0.81203007518797, "accuracy": 0.9672578444747613}}}