{"qwen3": {"5": {"micro_precision": 0.6767676767676768, "micro_recall": 0.5710227272727273, "micro_f1": 0.6194144838212636, "accuracy": 0.946123294767743}, "29": {"micro_precision": 0.6622516556291391, "micro_recall": 0.5681818181818182, "micro_f1": 0.6116207951070337, "accuracy": 0.9435330685546538}, "42": {"micro_precision": 0.6341463414634146, "micro_recall": 0.5170454545454546, "micro_f1": 0.5696400625978091, "accuracy": 0.9409428423415644}, "81": {"micro_precision": 0.6404109589041096, "micro_recall": 0.53125, "micro_f1": 0.5807453416149068, "accuracy": 0.941806251079261}, "123": {"micro_precision": 0.6447368421052632, "micro_recall": 0.5568181818181818, "micro_f1": 0.5975609756097561, "accuracy": 0.9414608875841823}}}