{"gemma2-repeat-k": {"5": {"micro_precision": 0.8984771573604061, "micro_recall": 0.8349056603773585, "micro_f1": 0.8655256723716381, "accuracy": 0.9723738062755798}, "29": {"micro_precision": 0.907103825136612, "micro_recall": 0.7830188679245284, "micro_f1": 0.8405063291139241, "accuracy": 0.9727148703956344}, "42": {"micro_precision": 0.8941798941798942, "micro_recall": 0.7971698113207547, "micro_f1": 0.8428927680798005, "accuracy": 0.9727148703956344}, "81": {"micro_precision": 0.9020618556701031, "micro_recall": 0.8254716981132075, "micro_f1": 0.8620689655172413, "accuracy": 0.9744201909959073}, "123": {"micro_precision": 0.8426395939086294, "micro_recall": 0.7830188679245284, "micro_f1": 0.8117359413202935, "accuracy": 0.9703274215552524}}}