{"qwen3": {"5": {"micro_precision": 0.6890243902439024, "micro_recall": 0.5330188679245284, "micro_f1": 0.6010638297872339, "accuracy": 0.9403137789904502}, "29": {"micro_precision": 0.6867469879518072, "micro_recall": 0.5377358490566038, "micro_f1": 0.6031746031746031, "accuracy": 0.9369031377899045}, "42": {"micro_precision": 0.6867469879518072, "micro_recall": 0.5377358490566038, "micro_f1": 0.6031746031746031, "accuracy": 0.9406548431105047}, "81": {"micro_precision": 0.6835443037974683, "micro_recall": 0.5094339622641509, "micro_f1": 0.5837837837837837, "accuracy": 0.9423601637107776}, "123": {"micro_precision": 0.6551724137931034, "micro_recall": 0.5377358490566038, "micro_f1": 0.5906735751295337, "accuracy": 0.9362210095497954}}}