{"mistral-repeat-k-early-exit": {"5": {"micro_precision": 0.8028985507246377, "micro_recall": 0.7869318181818182, "micro_f1": 0.7948350071736012, "accuracy": 0.9718528751510965}, "29": {"micro_precision": 0.8005390835579514, "micro_recall": 0.84375, "micro_f1": 0.8215767634854773, "accuracy": 0.9732343291314108}, "42": {"micro_precision": 0.7988338192419825, "micro_recall": 0.7784090909090909, "micro_f1": 0.7884892086330936, "accuracy": 0.9704714211707822}, "81": {"micro_precision": 0.8515151515151516, "micro_recall": 0.7982954545454546, "micro_f1": 0.8240469208211144, "accuracy": 0.972198238646175}, "123": {"micro_precision": 0.8005698005698005, "micro_recall": 0.7982954545454546, "micro_f1": 0.7994310099573257, "accuracy": 0.971507511656018}}}