{"mistral-repeat-k-early-exit": {"5": {"micro_precision": 0.8415841584158416, "micro_recall": 0.8018867924528302, "micro_f1": 0.821256038647343, "accuracy": 0.970668485675307}, "29": {"micro_precision": 0.8215962441314554, "micro_recall": 0.8254716981132075, "micro_f1": 0.8235294117647057, "accuracy": 0.9703274215552524}, "42": {"micro_precision": 0.8461538461538461, "micro_recall": 0.7783018867924528, "micro_f1": 0.8108108108108107, "accuracy": 0.9689631650750341}, "81": {"micro_precision": 0.84375, "micro_recall": 0.7641509433962265, "micro_f1": 0.8019801980198021, "accuracy": 0.9699863574351978}, "123": {"micro_precision": 0.8507462686567164, "micro_recall": 0.8066037735849056, "micro_f1": 0.8280871670702179, "accuracy": 0.9716916780354706}}}