{"qwen3-repeat-k-early-exit": {"5": {"micro_precision": 0.7478260869565218, "micro_recall": 0.7329545454545454, "micro_f1": 0.7403156384505021, "accuracy": 0.9625280607839751}, "29": {"micro_precision": 0.7507418397626113, "micro_recall": 0.71875, "micro_f1": 0.7343976777939042, "accuracy": 0.9613192885512002}, "42": {"micro_precision": 0.744807121661721, "micro_recall": 0.7130681818181818, "micro_f1": 0.7285921625544267, "accuracy": 0.9621826972888966}, "81": {"micro_precision": 0.7802547770700637, "micro_recall": 0.6960227272727273, "micro_f1": 0.7357357357357356, "accuracy": 0.9599378345708859}, "123": {"micro_precision": 0.7204610951008645, "micro_recall": 0.7102272727272727, "micro_f1": 0.7153075822603719, "accuracy": 0.9587290623381108}}}