{"mistral-repeat-k-early-exit": {"5": {"micro_precision": 0.8073654390934845, "micro_recall": 0.8096590909090909, "micro_f1": 0.8085106382978724, "accuracy": 0.9704714211707822}, "29": {"micro_precision": 0.8017751479289941, "micro_recall": 0.7698863636363636, "micro_f1": 0.7855072463768116, "accuracy": 0.9677085132101537}, "42": {"micro_precision": 0.8028169014084507, "micro_recall": 0.8096590909090909, "micro_f1": 0.8062234794908062, "accuracy": 0.9711621481609394}, "81": {"micro_precision": 0.8017241379310345, "micro_recall": 0.7926136363636364, "micro_f1": 0.797142857142857, "accuracy": 0.970298739423243}, "123": {"micro_precision": 0.8092485549132948, "micro_recall": 0.7954545454545454, "micro_f1": 0.8022922636103151, "accuracy": 0.9708167846658609}}}