{"qwen3-repeat-k": {"5": {"micro_precision": 0.8247422680412371, "micro_recall": 0.7547169811320755, "micro_f1": 0.7881773399014779, "accuracy": 0.9655525238744884}, "29": {"micro_precision": 0.8585858585858586, "micro_recall": 0.8018867924528302, "micro_f1": 0.8292682926829269, "accuracy": 0.9689631650750341}, "42": {"micro_precision": 0.8203883495145631, "micro_recall": 0.7971698113207547, "micro_f1": 0.8086124401913874, "accuracy": 0.9696452933151433}, "81": {"micro_precision": 0.8421052631578947, "micro_recall": 0.7547169811320755, "micro_f1": 0.7960199004975125, "accuracy": 0.9665757162346521}, "123": {"micro_precision": 0.7932692307692307, "micro_recall": 0.7783018867924528, "micro_f1": 0.7857142857142857, "accuracy": 0.9648703956343793}}}