{"mistral-repeat-k-early-exit": {"5": {"micro_precision": 0.8383838383838383, "micro_recall": 0.7830188679245284, "micro_f1": 0.8097560975609757, "accuracy": 0.9703274215552524}, "29": {"micro_precision": 0.8666666666666667, "micro_recall": 0.7971698113207547, "micro_f1": 0.8304668304668305, "accuracy": 0.9699863574351978}, "42": {"micro_precision": 0.7704081632653061, "micro_recall": 0.7122641509433962, "micro_f1": 0.7401960784313726, "accuracy": 0.9604365620736699}, "81": {"micro_precision": 0.8366336633663366, "micro_recall": 0.7971698113207547, "micro_f1": 0.8164251207729468, "accuracy": 0.9716916780354706}, "123": {"micro_precision": 0.8341708542713567, "micro_recall": 0.7830188679245284, "micro_f1": 0.8077858880778588, "accuracy": 0.9696452933151433}}}