{"mistral-unmasked-middle": {"5": {"micro_precision": 0.8100890207715133, "micro_recall": 0.7755681818181818, "micro_f1": 0.7924528301886793, "accuracy": 0.9699533759281644}, "29": {"micro_precision": 0.8228228228228228, "micro_recall": 0.7784090909090909, "micro_f1": 0.8, "accuracy": 0.9706441029183215}, "42": {"micro_precision": 0.7771739130434783, "micro_recall": 0.8125, "micro_f1": 0.7944444444444444, "accuracy": 0.9692626489380073}, "81": {"micro_precision": 0.7931034482758621, "micro_recall": 0.7840909090909091, "micro_f1": 0.7885714285714285, "accuracy": 0.9683992402003109}, "123": {"micro_precision": 0.8, "micro_recall": 0.7840909090909091, "micro_f1": 0.7919655667144908, "accuracy": 0.9687446036953894}}}