{"qwen3-repeat-k": {"5": {"micro_precision": 0.8263157894736842, "micro_recall": 0.7405660377358491, "micro_f1": 0.7810945273631841, "accuracy": 0.965893587994543}, "29": {"micro_precision": 0.868421052631579, "micro_recall": 0.7783018867924528, "micro_f1": 0.8208955223880596, "accuracy": 0.970668485675307}, "42": {"micro_precision": 0.8383838383838383, "micro_recall": 0.7830188679245284, "micro_f1": 0.8097560975609757, "accuracy": 0.9679399727148704}, "81": {"micro_precision": 0.86, "micro_recall": 0.8113207547169812, "micro_f1": 0.8349514563106797, "accuracy": 0.970668485675307}, "123": {"micro_precision": 0.859375, "micro_recall": 0.7783018867924528, "micro_f1": 0.8168316831683169, "accuracy": 0.9713506139154161}}}