{"qwen3-unmasked-middle": {"5": {"micro_precision": 0.7339181286549707, "micro_recall": 0.7130681818181818, "micro_f1": 0.723342939481268, "accuracy": 0.9583836988430323}, "29": {"micro_precision": 0.7627627627627628, "micro_recall": 0.7215909090909091, "micro_f1": 0.7416058394160584, "accuracy": 0.9590744258331895}, "42": {"micro_precision": 0.7583081570996979, "micro_recall": 0.7130681818181818, "micro_f1": 0.7349926793557832, "accuracy": 0.9597651528233466}, "81": {"micro_precision": 0.7470238095238095, "micro_recall": 0.7130681818181818, "micro_f1": 0.7296511627906975, "accuracy": 0.9604558798135037}, "123": {"micro_precision": 0.7731343283582089, "micro_recall": 0.7357954545454546, "micro_f1": 0.7540029112081514, "accuracy": 0.9621826972888966}}}