{"qwen3-repeat-k": {"5": {"micro_precision": 0.8205128205128205, "micro_recall": 0.7547169811320755, "micro_f1": 0.7862407862407862, "accuracy": 0.9655525238744884}, "29": {"micro_precision": 0.8586387434554974, "micro_recall": 0.7735849056603774, "micro_f1": 0.8138957816377171, "accuracy": 0.9686221009549796}, "42": {"micro_precision": 0.835, "micro_recall": 0.7877358490566038, "micro_f1": 0.8106796116504854, "accuracy": 0.9672578444747613}, "81": {"micro_precision": 0.8432432432432433, "micro_recall": 0.7358490566037735, "micro_f1": 0.7858942065491185, "accuracy": 0.9669167803547067}, "123": {"micro_precision": 0.8177339901477833, "micro_recall": 0.7830188679245284, "micro_f1": 0.7999999999999999, "accuracy": 0.9631650750341064}}}