{"qwen3-unmasked": {"5": {"micro_precision": 0.7484848484848485, "micro_recall": 0.7017045454545454, "micro_f1": 0.7243401759530792, "accuracy": 0.9621826972888966}, "29": {"micro_precision": 0.7409638554216867, "micro_recall": 0.6988636363636364, "micro_f1": 0.7192982456140351, "accuracy": 0.9611466068036608}, "42": {"micro_precision": 0.7624633431085044, "micro_recall": 0.7386363636363636, "micro_f1": 0.7503607503607505, "accuracy": 0.9646002417544466}, "81": {"micro_precision": 0.7728613569321534, "micro_recall": 0.7443181818181818, "micro_f1": 0.7583212735166426, "accuracy": 0.9637368330167502}, "123": {"micro_precision": 0.7790697674418605, "micro_recall": 0.7613636363636364, "micro_f1": 0.7701149425287357, "accuracy": 0.9664997409773787}}}