{"qwen3-repeat-k": {"5": {"micro_precision": 0.8186528497409327, "micro_recall": 0.7452830188679245, "micro_f1": 0.7802469135802469, "accuracy": 0.9648703956343793}, "29": {"micro_precision": 0.8181818181818182, "micro_recall": 0.7641509433962265, "micro_f1": 0.7902439024390244, "accuracy": 0.9672578444747613}, "42": {"micro_precision": 0.8633879781420765, "micro_recall": 0.7452830188679245, "micro_f1": 0.7999999999999999, "accuracy": 0.9669167803547067}, "81": {"micro_precision": 0.8673469387755102, "micro_recall": 0.8018867924528302, "micro_f1": 0.8333333333333334, "accuracy": 0.9713506139154161}, "123": {"micro_precision": 0.8736263736263736, "micro_recall": 0.75, "micro_f1": 0.8071065989847716, "accuracy": 0.9662346521145976}}}