{"qwen3-repeat-k-early-exit": {"5": {"micro_precision": 0.7563451776649747, "micro_recall": 0.7028301886792453, "micro_f1": 0.7286063569682153, "accuracy": 0.9590723055934516}, "29": {"micro_precision": 0.7766497461928934, "micro_recall": 0.7216981132075472, "micro_f1": 0.7481662591687042, "accuracy": 0.961118690313779}, "42": {"micro_precision": 0.796875, "micro_recall": 0.7216981132075472, "micro_f1": 0.7574257425742573, "accuracy": 0.9583901773533424}, "81": {"micro_precision": 0.7731958762886598, "micro_recall": 0.7075471698113207, "micro_f1": 0.7389162561576353, "accuracy": 0.9580491132332879}, "123": {"micro_precision": 0.7923497267759563, "micro_recall": 0.6839622641509434, "micro_f1": 0.7341772151898734, "accuracy": 0.9553206002728513}}}