{"mistral-repeat-k-early-exit": {"5": {"micro_precision": 0.8272251308900523, "micro_recall": 0.7452830188679245, "micro_f1": 0.7841191066997519, "accuracy": 0.9662346521145976}, "29": {"micro_precision": 0.826530612244898, "micro_recall": 0.7641509433962265, "micro_f1": 0.7941176470588236, "accuracy": 0.9669167803547067}, "42": {"micro_precision": 0.7989690721649485, "micro_recall": 0.7311320754716981, "micro_f1": 0.7635467980295567, "accuracy": 0.9621418826739427}, "81": {"micro_precision": 0.8144329896907216, "micro_recall": 0.7452830188679245, "micro_f1": 0.7783251231527093, "accuracy": 0.9624829467939973}, "123": {"micro_precision": 0.8306878306878307, "micro_recall": 0.7405660377358491, "micro_f1": 0.7830423940149626, "accuracy": 0.9645293315143247}}}