{"qwen3-unmasked": {"5": {"micro_precision": 0.7611111111111111, "micro_recall": 0.6462264150943396, "micro_f1": 0.6989795918367346, "accuracy": 0.9553206002728513}, "29": {"micro_precision": 0.7486338797814208, "micro_recall": 0.6462264150943396, "micro_f1": 0.6936708860759494, "accuracy": 0.9525920873124147}, "42": {"micro_precision": 0.7734806629834254, "micro_recall": 0.660377358490566, "micro_f1": 0.712468193384224, "accuracy": 0.9553206002728513}, "81": {"micro_precision": 0.7653631284916201, "micro_recall": 0.6462264150943396, "micro_f1": 0.70076726342711, "accuracy": 0.956343792633015}, "123": {"micro_precision": 0.7869822485207101, "micro_recall": 0.6273584905660378, "micro_f1": 0.6981627296587927, "accuracy": 0.9542974079126876}}}