{"qwen3-repeat-k": {"5": {"micro_precision": 0.8258706467661692, "micro_recall": 0.7830188679245284, "micro_f1": 0.8038740920096853, "accuracy": 0.9696452933151433}, "29": {"micro_precision": 0.8040201005025126, "micro_recall": 0.7547169811320755, "micro_f1": 0.7785888077858881, "accuracy": 0.9662346521145976}, "42": {"micro_precision": 0.824468085106383, "micro_recall": 0.7311320754716981, "micro_f1": 0.775, "accuracy": 0.9648703956343793}, "81": {"micro_precision": 0.8412698412698413, "micro_recall": 0.75, "micro_f1": 0.7930174563591021, "accuracy": 0.9669167803547067}, "123": {"micro_precision": 0.84375, "micro_recall": 0.7641509433962265, "micro_f1": 0.8019801980198021, "accuracy": 0.9665757162346521}}}