{"gemma2-repeat-k": {"5": {"micro_precision": 0.8835978835978836, "micro_recall": 0.7877358490566038, "micro_f1": 0.8329177057356608, "accuracy": 0.9727148703956344}, "29": {"micro_precision": 0.8711340206185567, "micro_recall": 0.7971698113207547, "micro_f1": 0.8325123152709359, "accuracy": 0.9727148703956344}, "42": {"micro_precision": 0.8882978723404256, "micro_recall": 0.7877358490566038, "micro_f1": 0.835, "accuracy": 0.9720327421555253}, "81": {"micro_precision": 0.865979381443299, "micro_recall": 0.7924528301886793, "micro_f1": 0.8275862068965517, "accuracy": 0.9737380627557981}, "123": {"micro_precision": 0.84375, "micro_recall": 0.7641509433962265, "micro_f1": 0.8019801980198021, "accuracy": 0.9696452933151433}}}