{"qwen3-repeat-k-early-exit": {"5": {"micro_precision": 0.7664670658682635, "micro_recall": 0.7272727272727273, "micro_f1": 0.7463556851311953, "accuracy": 0.9632187877741323}, "29": {"micro_precision": 0.7401129943502824, "micro_recall": 0.7443181818181818, "micro_f1": 0.7422096317280454, "accuracy": 0.9628734242790538}, "42": {"micro_precision": 0.7450424929178471, "micro_recall": 0.7471590909090909, "micro_f1": 0.7460992907801418, "accuracy": 0.9614919702987395}, "81": {"micro_precision": 0.73125, "micro_recall": 0.6647727272727273, "micro_f1": 0.6964285714285714, "accuracy": 0.9592471075807287}, "123": {"micro_precision": 0.7313432835820896, "micro_recall": 0.6960227272727273, "micro_f1": 0.713245997088792, "accuracy": 0.9589017440856501}}}