{"mistral-repeat-k-early-exit": {"5": {"micro_precision": 0.8078078078078078, "micro_recall": 0.7642045454545454, "micro_f1": 0.7854014598540145, "accuracy": 0.9682265584527715}, "29": {"micro_precision": 0.7855072463768116, "micro_recall": 0.7698863636363636, "micro_f1": 0.7776183644189384, "accuracy": 0.9694353306855465}, "42": {"micro_precision": 0.8230088495575221, "micro_recall": 0.7926136363636364, "micro_f1": 0.8075253256150506, "accuracy": 0.9706441029183215}, "81": {"micro_precision": 0.8017751479289941, "micro_recall": 0.7698863636363636, "micro_f1": 0.7855072463768116, "accuracy": 0.9673631497150751}, "123": {"micro_precision": 0.6893203883495146, "micro_recall": 0.6051136363636364, "micro_f1": 0.6444780635400907, "accuracy": 0.9483681574857538}}}