{"qwen3-repeat-k-early-exit": {"5": {"micro_precision": 0.7671957671957672, "micro_recall": 0.6839622641509434, "micro_f1": 0.7231920199501248, "accuracy": 0.9604365620736699}, "29": {"micro_precision": 0.847457627118644, "micro_recall": 0.7075471698113207, "micro_f1": 0.7712082262210797, "accuracy": 0.9597544338335607}, "42": {"micro_precision": 0.8287292817679558, "micro_recall": 0.7075471698113207, "micro_f1": 0.763358778625954, "accuracy": 0.961118690313779}, "81": {"micro_precision": 0.7604166666666666, "micro_recall": 0.6886792452830188, "micro_f1": 0.7227722772277227, "accuracy": 0.9566848567530696}, "123": {"micro_precision": 0.848314606741573, "micro_recall": 0.7122641509433962, "micro_f1": 0.7743589743589744, "accuracy": 0.9614597544338336}}}