{"mistral-repeat-k": {"5": {"micro_precision": 0.8656716417910447, "micro_recall": 0.8207547169811321, "micro_f1": 0.8426150121065376, "accuracy": 0.9723738062755798}, "29": {"micro_precision": 0.8686868686868687, "micro_recall": 0.8113207547169812, "micro_f1": 0.8390243902439025, "accuracy": 0.9720327421555253}, "42": {"micro_precision": 0.8446601941747572, "micro_recall": 0.8207547169811321, "micro_f1": 0.832535885167464, "accuracy": 0.9727148703956344}, "81": {"micro_precision": 0.8364485981308412, "micro_recall": 0.8443396226415094, "micro_f1": 0.8403755868544601, "accuracy": 0.973055934515689}, "123": {"micro_precision": 0.8629441624365483, "micro_recall": 0.8018867924528302, "micro_f1": 0.8312958435207825, "accuracy": 0.9723738062755798}}}