{"gemma-unmasked": {"5": {"micro_precision": 0.7657657657657657, "micro_recall": 0.7244318181818182, "micro_f1": 0.7445255474452556, "accuracy": 0.9625280607839751}, "29": {"micro_precision": 0.7914110429447853, "micro_recall": 0.7329545454545454, "micro_f1": 0.7610619469026549, "accuracy": 0.9644275600069073}, "42": {"micro_precision": 0.729483282674772, "micro_recall": 0.6818181818181818, "micro_f1": 0.7048458149779736, "accuracy": 0.957002244862718}, "81": {"micro_precision": 0.7542857142857143, "micro_recall": 0.75, "micro_f1": 0.752136752136752, "accuracy": 0.9632187877741323}, "123": {"micro_precision": 0.7870370370370371, "micro_recall": 0.7244318181818182, "micro_f1": 0.7544378698224853, "accuracy": 0.9633914695216715}}}