{"gemma2": {"5": {"micro_precision": 0.7228915662650602, "micro_recall": 0.6818181818181818, "micro_f1": 0.7017543859649122, "accuracy": 0.9544120186496288}, "29": {"micro_precision": 0.6848484848484848, "micro_recall": 0.6420454545454546, "micro_f1": 0.6627565982404692, "accuracy": 0.9523398376791573}, "42": {"micro_precision": 0.7247706422018348, "micro_recall": 0.6732954545454546, "micro_f1": 0.6980854197349043, "accuracy": 0.9537212916594716}, "81": {"micro_precision": 0.7095808383233533, "micro_recall": 0.6732954545454546, "micro_f1": 0.6909620991253644, "accuracy": 0.9519944741840788}, "123": {"micro_precision": 0.7134328358208956, "micro_recall": 0.6789772727272727, "micro_f1": 0.6957787481804949, "accuracy": 0.9551027456397859}}}