{"mistral-repeat-k-early-exit": {"5": {"micro_precision": 0.8626373626373627, "micro_recall": 0.7405660377358491, "micro_f1": 0.7969543147208122, "accuracy": 0.9672578444747613}, "29": {"micro_precision": 0.825, "micro_recall": 0.7783018867924528, "micro_f1": 0.8009708737864076, "accuracy": 0.9672578444747613}, "42": {"micro_precision": 0.8795811518324608, "micro_recall": 0.7924528301886793, "micro_f1": 0.8337468982630273, "accuracy": 0.9696452933151433}, "81": {"micro_precision": 0.8366336633663366, "micro_recall": 0.7971698113207547, "micro_f1": 0.8164251207729468, "accuracy": 0.9672578444747613}, "123": {"micro_precision": 0.8846153846153846, "micro_recall": 0.7594339622641509, "micro_f1": 0.8172588832487309, "accuracy": 0.9696452933151433}}}