{"mistral-repeat-k-early-exit": {"5": {"micro_precision": 0.7827298050139275, "micro_recall": 0.7982954545454546, "micro_f1": 0.790436005625879, "accuracy": 0.9673631497150751}, "29": {"micro_precision": 0.8123167155425219, "micro_recall": 0.7869318181818182, "micro_f1": 0.7994227994227995, "accuracy": 0.967881194957693}, "42": {"micro_precision": 0.7527777777777778, "micro_recall": 0.7698863636363636, "micro_f1": 0.7612359550561797, "accuracy": 0.9635641512692108}, "81": {"micro_precision": 0.7920489296636085, "micro_recall": 0.7357954545454546, "micro_f1": 0.7628865979381443, "accuracy": 0.9644275600069073}, "123": {"micro_precision": 0.7900874635568513, "micro_recall": 0.7698863636363636, "micro_f1": 0.7798561151079136, "accuracy": 0.9677085132101537}}}