{"qwen3-repeat-k": {"5": {"micro_precision": 0.8017751479289941, "micro_recall": 0.7698863636363636, "micro_f1": 0.7855072463768116, "accuracy": 0.9687446036953894}, "29": {"micro_precision": 0.7936962750716332, "micro_recall": 0.7869318181818182, "micro_f1": 0.7902995720399429, "accuracy": 0.9680538767052322}, "42": {"micro_precision": 0.7632978723404256, "micro_recall": 0.8153409090909091, "micro_f1": 0.7884615384615385, "accuracy": 0.9685719219478501}, "81": {"micro_precision": 0.7506849315068493, "micro_recall": 0.7784090909090909, "micro_f1": 0.7642956764295675, "accuracy": 0.9647729235019858}, "123": {"micro_precision": 0.8023255813953488, "micro_recall": 0.7840909090909091, "micro_f1": 0.7931034482758621, "accuracy": 0.9697806941806251}}}