{"qwen3-repeat-k": {"5": {"micro_precision": 0.7899686520376176, "micro_recall": 0.7159090909090909, "micro_f1": 0.7511177347242921, "accuracy": 0.9652909687446037}, "29": {"micro_precision": 0.7784431137724551, "micro_recall": 0.7386363636363636, "micro_f1": 0.7580174927113702, "accuracy": 0.9637368330167502}, "42": {"micro_precision": 0.8023952095808383, "micro_recall": 0.7613636363636364, "micro_f1": 0.7813411078717202, "accuracy": 0.9682265584527715}, "81": {"micro_precision": 0.7887323943661971, "micro_recall": 0.7954545454545454, "micro_f1": 0.792079207920792, "accuracy": 0.9677085132101537}, "123": {"micro_precision": 0.774294670846395, "micro_recall": 0.7017045454545454, "micro_f1": 0.7362146050670639, "accuracy": 0.9628734242790538}}}