{"qwen3-unmasked-middle": {"5": {"micro_precision": 0.8238636363636364, "micro_recall": 0.6839622641509434, "micro_f1": 0.7474226804123711, "accuracy": 0.9614597544338336}, "29": {"micro_precision": 0.8756756756756757, "micro_recall": 0.7641509433962265, "micro_f1": 0.8161209068010076, "accuracy": 0.9648703956343793}, "42": {"micro_precision": 0.8163265306122449, "micro_recall": 0.7547169811320755, "micro_f1": 0.7843137254901962, "accuracy": 0.963506139154161}, "81": {"micro_precision": 0.8157894736842105, "micro_recall": 0.7311320754716981, "micro_f1": 0.7711442786069652, "accuracy": 0.963506139154161}, "123": {"micro_precision": 0.8157894736842105, "micro_recall": 0.7311320754716981, "micro_f1": 0.7711442786069652, "accuracy": 0.9641882673942701}}}