{"gemma-repeat-k": {"5": {"micro_precision": 0.8195266272189349, "micro_recall": 0.7869318181818182, "micro_f1": 0.8028985507246378, "accuracy": 0.9690899671904679}, "29": {"micro_precision": 0.8050847457627118, "micro_recall": 0.8096590909090909, "micro_f1": 0.8073654390934843, "accuracy": 0.9716801934035573}, "42": {"micro_precision": 0.8493975903614458, "micro_recall": 0.8011363636363636, "micro_f1": 0.8245614035087719, "accuracy": 0.9720255568986358}, "81": {"micro_precision": 0.7596685082872928, "micro_recall": 0.78125, "micro_f1": 0.7703081232492998, "accuracy": 0.9664997409773787}, "123": {"micro_precision": 0.7900874635568513, "micro_recall": 0.7698863636363636, "micro_f1": 0.7798561151079136, "accuracy": 0.9692626489380073}}}