{"qwen3-repeat-k-early-exit": {"5": {"micro_precision": 0.7927461139896373, "micro_recall": 0.7216981132075472, "micro_f1": 0.7555555555555555, "accuracy": 0.961118690313779}, "29": {"micro_precision": 0.8388888888888889, "micro_recall": 0.7122641509433962, "micro_f1": 0.7704081632653061, "accuracy": 0.9631650750341064}, "42": {"micro_precision": 0.7777777777777778, "micro_recall": 0.7264150943396226, "micro_f1": 0.7512195121951221, "accuracy": 0.9577080491132333}, "81": {"micro_precision": 0.7461928934010152, "micro_recall": 0.6933962264150944, "micro_f1": 0.7188264058679706, "accuracy": 0.9536152796725784}, "123": {"micro_precision": 0.8369565217391305, "micro_recall": 0.7264150943396226, "micro_f1": 0.7777777777777778, "accuracy": 0.9597544338335607}}}