{"qwen3-repeat-k-early-exit": {"5": {"micro_precision": 0.7183908045977011, "micro_recall": 0.7102272727272727, "micro_f1": 0.7142857142857143, "accuracy": 0.9585563805905716}, "29": {"micro_precision": 0.6996904024767802, "micro_recall": 0.6420454545454546, "micro_f1": 0.6696296296296296, "accuracy": 0.955793472629943}, "42": {"micro_precision": 0.7353846153846154, "micro_recall": 0.6789772727272727, "micro_f1": 0.7060561299852289, "accuracy": 0.9595924710758073}, "81": {"micro_precision": 0.7616099071207431, "micro_recall": 0.6988636363636364, "micro_f1": 0.7288888888888889, "accuracy": 0.9623553790364359}, "123": {"micro_precision": 0.746268656716418, "micro_recall": 0.7102272727272727, "micro_f1": 0.7278020378457059, "accuracy": 0.9602831980659644}}}