{"qwen3-unmasked": {"5": {"micro_precision": 0.764525993883792, "micro_recall": 0.7102272727272727, "micro_f1": 0.7363770250368189, "accuracy": 0.9599378345708859}, "29": {"micro_precision": 0.7655786350148368, "micro_recall": 0.7329545454545454, "micro_f1": 0.7489114658925979, "accuracy": 0.9628734242790538}, "42": {"micro_precision": 0.7725856697819314, "micro_recall": 0.7045454545454546, "micro_f1": 0.7369985141158989, "accuracy": 0.9614919702987395}, "81": {"micro_precision": 0.7262872628726287, "micro_recall": 0.7613636363636364, "micro_f1": 0.7434119278779473, "accuracy": 0.9616646520462787}, "123": {"micro_precision": 0.7538461538461538, "micro_recall": 0.6960227272727273, "micro_f1": 0.723781388478582, "accuracy": 0.961837333793818}}}