{"gemma2-repeat-k": {"5": {"micro_precision": 0.885, "micro_recall": 0.8349056603773585, "micro_f1": 0.8592233009708737, "accuracy": 0.9740791268758526}, "29": {"micro_precision": 0.8969072164948454, "micro_recall": 0.8207547169811321, "micro_f1": 0.8571428571428572, "accuracy": 0.9768076398362893}, "42": {"micro_precision": 0.8638743455497382, "micro_recall": 0.7783018867924528, "micro_f1": 0.8188585607940447, "accuracy": 0.970668485675307}, "81": {"micro_precision": 0.9095744680851063, "micro_recall": 0.8066037735849056, "micro_f1": 0.855, "accuracy": 0.973055934515689}, "123": {"micro_precision": 0.8723404255319149, "micro_recall": 0.7735849056603774, "micro_f1": 0.8200000000000001, "accuracy": 0.9737380627557981}}}