{"gemma-repeat-k": {"5": {"micro_precision": 0.8382352941176471, "micro_recall": 0.8096590909090909, "micro_f1": 0.8236994219653179, "accuracy": 0.9734070108789501}, "29": {"micro_precision": 0.7796143250688705, "micro_recall": 0.8039772727272727, "micro_f1": 0.7916083916083916, "accuracy": 0.9701260576757037}, "42": {"micro_precision": 0.8081395348837209, "micro_recall": 0.7897727272727273, "micro_f1": 0.7988505747126438, "accuracy": 0.9704714211707822}, "81": {"micro_precision": 0.847953216374269, "micro_recall": 0.8238636363636364, "micro_f1": 0.8357348703170029, "accuracy": 0.9742704196166465}, "123": {"micro_precision": 0.8055555555555556, "micro_recall": 0.8238636363636364, "micro_f1": 0.8146067415730336, "accuracy": 0.9716801934035573}}}