{"qwen3-repeat-k": {"5": {"micro_precision": 0.7816091954022989, "micro_recall": 0.7727272727272727, "micro_f1": 0.777142857142857, "accuracy": 0.9680538767052322}, "29": {"micro_precision": 0.7663817663817664, "micro_recall": 0.7642045454545454, "micro_f1": 0.7652916073968704, "accuracy": 0.9656363322396823}, "42": {"micro_precision": 0.7880597014925373, "micro_recall": 0.75, "micro_f1": 0.7685589519650654, "accuracy": 0.9683992402003109}, "81": {"micro_precision": 0.8088235294117647, "micro_recall": 0.78125, "micro_f1": 0.7947976878612717, "accuracy": 0.9699533759281644}, "123": {"micro_precision": 0.8170731707317073, "micro_recall": 0.7613636363636364, "micro_f1": 0.788235294117647, "accuracy": 0.9689172854429287}}}