{"qwen3": {"5": {"micro_precision": 0.6666666666666666, "micro_recall": 0.6306818181818182, "micro_f1": 0.6481751824817519, "accuracy": 0.9480227939906752}, "29": {"micro_precision": 0.6451612903225806, "micro_recall": 0.5681818181818182, "micro_f1": 0.6042296072507553, "accuracy": 0.9443964772923502}, "42": {"micro_precision": 0.7015384615384616, "micro_recall": 0.6477272727272727, "micro_f1": 0.673559822747415, "accuracy": 0.9499222932136073}, "81": {"micro_precision": 0.6785714285714286, "micro_recall": 0.59375, "micro_f1": 0.6333333333333334, "accuracy": 0.9466413400103609}, "123": {"micro_precision": 0.6957928802588996, "micro_recall": 0.6107954545454546, "micro_f1": 0.6505295007564297, "accuracy": 0.9473320670005181}}}