{"gemma2-repeat-k": {"5": {"micro_precision": 0.8888888888888888, "micro_recall": 0.8301886792452831, "micro_f1": 0.8585365853658536, "accuracy": 0.9744201909959073}, "29": {"micro_precision": 0.8691099476439791, "micro_recall": 0.7830188679245284, "micro_f1": 0.8238213399503722, "accuracy": 0.9720327421555253}, "42": {"micro_precision": 0.8974358974358975, "micro_recall": 0.8254716981132075, "micro_f1": 0.85995085995086, "accuracy": 0.975443383356071}, "81": {"micro_precision": 0.8923076923076924, "micro_recall": 0.8207547169811321, "micro_f1": 0.8550368550368551, "accuracy": 0.9761255115961801}, "123": {"micro_precision": 0.8936170212765957, "micro_recall": 0.7924528301886793, "micro_f1": 0.8400000000000001, "accuracy": 0.9740791268758526}}}