{"gemma2-repeat-k": {"5": {"micro_precision": 0.7619047619047619, "micro_recall": 0.7727272727272727, "micro_f1": 0.7672778561354019, "accuracy": 0.9673631497150751}, "29": {"micro_precision": 0.7761627906976745, "micro_recall": 0.7585227272727273, "micro_f1": 0.767241379310345, "accuracy": 0.9670177862199966}, "42": {"micro_precision": 0.8023255813953488, "micro_recall": 0.7840909090909091, "micro_f1": 0.7931034482758621, "accuracy": 0.9687446036953894}, "81": {"micro_precision": 0.8108108108108109, "micro_recall": 0.7670454545454546, "micro_f1": 0.7883211678832117, "accuracy": 0.9699533759281644}, "123": {"micro_precision": 0.7797101449275362, "micro_recall": 0.7642045454545454, "micro_f1": 0.7718794835007172, "accuracy": 0.9689172854429287}}}