{"qwen3-repeat-k": {"5": {"micro_precision": 0.7863501483679525, "micro_recall": 0.7528409090909091, "micro_f1": 0.7692307692307692, "accuracy": 0.9677085132101537}, "29": {"micro_precision": 0.7823529411764706, "micro_recall": 0.7556818181818182, "micro_f1": 0.7687861271676302, "accuracy": 0.9658090139872215}, "42": {"micro_precision": 0.7946428571428571, "micro_recall": 0.7585227272727273, "micro_f1": 0.7761627906976744, "accuracy": 0.9685719219478501}, "81": {"micro_precision": 0.8058823529411765, "micro_recall": 0.7784090909090909, "micro_f1": 0.7919075144508669, "accuracy": 0.9680538767052322}, "123": {"micro_precision": 0.7987804878048781, "micro_recall": 0.7443181818181818, "micro_f1": 0.7705882352941177, "accuracy": 0.9683992402003109}}}