{"mistral-repeat-k-early-exit": {"5": {"micro_precision": 0.8380952380952381, "micro_recall": 0.8301886792452831, "micro_f1": 0.8341232227488152, "accuracy": 0.9737380627557981}, "29": {"micro_precision": 0.8676470588235294, "micro_recall": 0.8349056603773585, "micro_f1": 0.8509615384615384, "accuracy": 0.9757844474761255}, "42": {"micro_precision": 0.8541666666666666, "micro_recall": 0.7735849056603774, "micro_f1": 0.811881188118812, "accuracy": 0.9720327421555253}, "81": {"micro_precision": 0.8563829787234043, "micro_recall": 0.7594339622641509, "micro_f1": 0.805, "accuracy": 0.9693042291950886}, "123": {"micro_precision": 0.8762886597938144, "micro_recall": 0.8018867924528302, "micro_f1": 0.8374384236453203, "accuracy": 0.9723738062755798}}}