{"gemma-unmasked": {"5": {"micro_precision": 0.8181818181818182, "micro_recall": 0.7641509433962265, "micro_f1": 0.7902439024390244, "accuracy": 0.9675989085948158}, "29": {"micro_precision": 0.8195121951219512, "micro_recall": 0.7924528301886793, "micro_f1": 0.8057553956834532, "accuracy": 0.9669167803547067}, "42": {"micro_precision": 0.8494623655913979, "micro_recall": 0.7452830188679245, "micro_f1": 0.7939698492462313, "accuracy": 0.963506139154161}, "81": {"micro_precision": 0.8358974358974359, "micro_recall": 0.7688679245283019, "micro_f1": 0.8009828009828011, "accuracy": 0.9679399727148704}, "123": {"micro_precision": 0.851063829787234, "micro_recall": 0.7547169811320755, "micro_f1": 0.8, "accuracy": 0.9662346521145976}}}