{"qwen3-repeat-k-early-exit": {"5": {"micro_precision": 0.7712609970674487, "micro_recall": 0.7471590909090909, "micro_f1": 0.7590187590187589, "accuracy": 0.9639095147642894}, "29": {"micro_precision": 0.7597597597597597, "micro_recall": 0.71875, "micro_f1": 0.7386861313868612, "accuracy": 0.9623553790364359}, "42": {"micro_precision": 0.7617647058823529, "micro_recall": 0.7357954545454546, "micro_f1": 0.7485549132947977, "accuracy": 0.9621826972888966}, "81": {"micro_precision": 0.745398773006135, "micro_recall": 0.6903409090909091, "micro_f1": 0.7168141592920353, "accuracy": 0.9592471075807287}, "123": {"micro_precision": 0.7296511627906976, "micro_recall": 0.7130681818181818, "micro_f1": 0.7212643678160918, "accuracy": 0.9611466068036608}}}