{"mistral-repeat-k-early-exit": {"5": {"micro_precision": 0.8978494623655914, "micro_recall": 0.7877358490566038, "micro_f1": 0.8391959798994975, "accuracy": 0.9744201909959073}, "29": {"micro_precision": 0.8472906403940886, "micro_recall": 0.8113207547169812, "micro_f1": 0.8289156626506025, "accuracy": 0.9733969986357435}, "42": {"micro_precision": 0.8492462311557789, "micro_recall": 0.7971698113207547, "micro_f1": 0.8223844282238442, "accuracy": 0.9713506139154161}, "81": {"micro_precision": 0.8411214953271028, "micro_recall": 0.8490566037735849, "micro_f1": 0.8450704225352114, "accuracy": 0.9727148703956344}, "123": {"micro_precision": 0.865, "micro_recall": 0.8160377358490566, "micro_f1": 0.8398058252427184, "accuracy": 0.9716916780354706}}}