{"mistral-repeat-k-early-exit": {"5": {"micro_precision": 0.8, "micro_recall": 0.7613636363636364, "micro_f1": 0.7802037845705968, "accuracy": 0.9671904679675358}, "29": {"micro_precision": 0.7546174142480211, "micro_recall": 0.8125, "micro_f1": 0.7824897400820794, "accuracy": 0.9663270592298394}, "42": {"micro_precision": 0.8050847457627118, "micro_recall": 0.8096590909090909, "micro_f1": 0.8073654390934843, "accuracy": 0.9692626489380073}, "81": {"micro_precision": 0.793002915451895, "micro_recall": 0.7727272727272727, "micro_f1": 0.7827338129496403, "accuracy": 0.9680538767052322}, "123": {"micro_precision": 0.7964071856287425, "micro_recall": 0.7556818181818182, "micro_f1": 0.7755102040816326, "accuracy": 0.9656363322396823}}}