{"gemma-repeat-k": {"5": {"micro_precision": 0.8601036269430051, "micro_recall": 0.7830188679245284, "micro_f1": 0.819753086419753, "accuracy": 0.9727148703956344}, "29": {"micro_precision": 0.8631578947368421, "micro_recall": 0.7735849056603774, "micro_f1": 0.8159203980099502, "accuracy": 0.9693042291950886}, "42": {"micro_precision": 0.898989898989899, "micro_recall": 0.839622641509434, "micro_f1": 0.8682926829268292, "accuracy": 0.9771487039563438}, "81": {"micro_precision": 0.864321608040201, "micro_recall": 0.8113207547169812, "micro_f1": 0.8369829683698297, "accuracy": 0.9733969986357435}, "123": {"micro_precision": 0.8860103626943006, "micro_recall": 0.8066037735849056, "micro_f1": 0.8444444444444444, "accuracy": 0.9733969986357435}}}