{"gemma2-repeat-k": {"5": {"micro_precision": 0.7854984894259819, "micro_recall": 0.7386363636363636, "micro_f1": 0.7613469985358712, "accuracy": 0.9675358314626143}, "29": {"micro_precision": 0.8005780346820809, "micro_recall": 0.7869318181818182, "micro_f1": 0.7936962750716332, "accuracy": 0.970298739423243}, "42": {"micro_precision": 0.8219584569732937, "micro_recall": 0.7869318181818182, "micro_f1": 0.8040638606676342, "accuracy": 0.9708167846658609}, "81": {"micro_precision": 0.8211143695014663, "micro_recall": 0.7954545454545454, "micro_f1": 0.8080808080808081, "accuracy": 0.9706441029183215}, "123": {"micro_precision": 0.7940298507462686, "micro_recall": 0.7556818181818182, "micro_f1": 0.7743813682678311, "accuracy": 0.9683992402003109}}}