{"qwen3-repeat-k": {"5": {"micro_precision": 0.8729281767955801, "micro_recall": 0.7452830188679245, "micro_f1": 0.8040712468193384, "accuracy": 0.965893587994543}, "29": {"micro_precision": 0.8412698412698413, "micro_recall": 0.75, "micro_f1": 0.7930174563591021, "accuracy": 0.965893587994543}, "42": {"micro_precision": 0.8571428571428571, "micro_recall": 0.7641509433962265, "micro_f1": 0.8079800498753117, "accuracy": 0.9679399727148704}, "81": {"micro_precision": 0.8489583333333334, "micro_recall": 0.7688679245283019, "micro_f1": 0.806930693069307, "accuracy": 0.9679399727148704}, "123": {"micro_precision": 0.850828729281768, "micro_recall": 0.7264150943396226, "micro_f1": 0.7837150127226463, "accuracy": 0.9641882673942701}}}