{"mistral-repeat-k-early-exit": {"5": {"micro_precision": 0.8367346938775511, "micro_recall": 0.7735849056603774, "micro_f1": 0.803921568627451, "accuracy": 0.9693042291950886}, "29": {"micro_precision": 0.835, "micro_recall": 0.7877358490566038, "micro_f1": 0.8106796116504854, "accuracy": 0.9665757162346521}, "42": {"micro_precision": 0.8418367346938775, "micro_recall": 0.7783018867924528, "micro_f1": 0.8088235294117647, "accuracy": 0.965893587994543}, "81": {"micro_precision": 0.837696335078534, "micro_recall": 0.7547169811320755, "micro_f1": 0.794044665012407, "accuracy": 0.968281036834925}, "123": {"micro_precision": 0.8385416666666666, "micro_recall": 0.7594339622641509, "micro_f1": 0.7970297029702971, "accuracy": 0.9662346521145976}}}