{"qwen3-repeat-k": {"5": {"micro_precision": 0.7631578947368421, "micro_recall": 0.8238636363636364, "micro_f1": 0.7923497267759563, "accuracy": 0.9692626489380073}, "29": {"micro_precision": 0.7880597014925373, "micro_recall": 0.75, "micro_f1": 0.7685589519650654, "accuracy": 0.9666724227249179}, "42": {"micro_precision": 0.7936046511627907, "micro_recall": 0.7755681818181818, "micro_f1": 0.7844827586206896, "accuracy": 0.9671904679675358}, "81": {"micro_precision": 0.8011869436201781, "micro_recall": 0.7670454545454546, "micro_f1": 0.7837445573294631, "accuracy": 0.9670177862199966}, "123": {"micro_precision": 0.7714285714285715, "micro_recall": 0.7670454545454546, "micro_f1": 0.7692307692307693, "accuracy": 0.9666724227249179}}}