{"gemma2-repeat-k": {"5": {"micro_precision": 0.7840236686390533, "micro_recall": 0.7528409090909091, "micro_f1": 0.7681159420289856, "accuracy": 0.965463650492143}, "29": {"micro_precision": 0.776536312849162, "micro_recall": 0.7897727272727273, "micro_f1": 0.7830985915492957, "accuracy": 0.9692626489380073}, "42": {"micro_precision": 0.8041543026706232, "micro_recall": 0.7698863636363636, "micro_f1": 0.7866473149492017, "accuracy": 0.9694353306855465}, "81": {"micro_precision": 0.7952522255192879, "micro_recall": 0.7613636363636364, "micro_f1": 0.7779390420899854, "accuracy": 0.9677085132101537}, "123": {"micro_precision": 0.8065476190476191, "micro_recall": 0.7698863636363636, "micro_f1": 0.7877906976744184, "accuracy": 0.9683992402003109}}}