{"mistral-repeat-k-early-exit": {"5": {"micro_precision": 0.8097982708933718, "micro_recall": 0.7982954545454546, "micro_f1": 0.804005722460658, "accuracy": 0.972198238646175}, "29": {"micro_precision": 0.8575757575757575, "micro_recall": 0.8039772727272727, "micro_f1": 0.8299120234604104, "accuracy": 0.9742704196166465}, "42": {"micro_precision": 0.8276923076923077, "micro_recall": 0.7642045454545454, "micro_f1": 0.7946824224519942, "accuracy": 0.971507511656018}, "81": {"micro_precision": 0.8328445747800587, "micro_recall": 0.8068181818181818, "micro_f1": 0.8196248196248197, "accuracy": 0.972198238646175}, "123": {"micro_precision": 0.8123167155425219, "micro_recall": 0.7869318181818182, "micro_f1": 0.7994227994227995, "accuracy": 0.9713348299084786}}}