{"mistral-unmasked": {"5": {"micro_precision": 0.7893258426966292, "micro_recall": 0.7982954545454546, "micro_f1": 0.7937853107344632, "accuracy": 0.9711621481609394}, "29": {"micro_precision": 0.8152492668621701, "micro_recall": 0.7897727272727273, "micro_f1": 0.8023088023088023, "accuracy": 0.9701260576757037}, "42": {"micro_precision": 0.8130563798219584, "micro_recall": 0.7784090909090909, "micro_f1": 0.795355587808418, "accuracy": 0.9704714211707822}, "81": {"micro_precision": 0.8284883720930233, "micro_recall": 0.8096590909090909, "micro_f1": 0.8189655172413793, "accuracy": 0.9725436021412537}, "123": {"micro_precision": 0.8128654970760234, "micro_recall": 0.7897727272727273, "micro_f1": 0.8011527377521614, "accuracy": 0.9709894664134001}}}