{"gemma2": {"5": {"micro_precision": 0.6975308641975309, "micro_recall": 0.6420454545454546, "micro_f1": 0.6686390532544378, "accuracy": 0.9518217924365394}, "29": {"micro_precision": 0.6646341463414634, "micro_recall": 0.6193181818181818, "micro_f1": 0.6411764705882353, "accuracy": 0.9500949749611466}, "42": {"micro_precision": 0.6717791411042945, "micro_recall": 0.6221590909090909, "micro_f1": 0.6460176991150443, "accuracy": 0.9504403384562252}, "81": {"micro_precision": 0.6596385542168675, "micro_recall": 0.6221590909090909, "micro_f1": 0.6403508771929824, "accuracy": 0.9495769297185288}, "123": {"micro_precision": 0.6957831325301205, "micro_recall": 0.65625, "micro_f1": 0.6754385964912281, "accuracy": 0.9507857019513037}}}