{"gemma2-unmasked": {"5": {"micro_precision": 0.88268156424581, "micro_recall": 0.7452830188679245, "micro_f1": 0.8081841432225063, "accuracy": 0.9699863574351978}, "29": {"micro_precision": 0.8795811518324608, "micro_recall": 0.7924528301886793, "micro_f1": 0.8337468982630273, "accuracy": 0.9696452933151433}, "42": {"micro_precision": 0.8697916666666666, "micro_recall": 0.7877358490566038, "micro_f1": 0.8267326732673267, "accuracy": 0.9710095497953616}, "81": {"micro_precision": 0.8756476683937824, "micro_recall": 0.7971698113207547, "micro_f1": 0.8345679012345678, "accuracy": 0.970668485675307}, "123": {"micro_precision": 0.8465608465608465, "micro_recall": 0.7547169811320755, "micro_f1": 0.798004987531172, "accuracy": 0.9672578444747613}}}