{"gemma2-unmasked": {"5": {"micro_precision": 0.7940298507462686, "micro_recall": 0.7556818181818182, "micro_f1": 0.7743813682678311, "accuracy": 0.9677085132101537}, "29": {"micro_precision": 0.7478260869565218, "micro_recall": 0.7329545454545454, "micro_f1": 0.7403156384505021, "accuracy": 0.9670177862199966}, "42": {"micro_precision": 0.7850746268656716, "micro_recall": 0.7471590909090909, "micro_f1": 0.7656477438136827, "accuracy": 0.9677085132101537}, "81": {"micro_precision": 0.7877906976744186, "micro_recall": 0.7698863636363636, "micro_f1": 0.7787356321839081, "accuracy": 0.9694353306855465}, "123": {"micro_precision": 0.7834757834757835, "micro_recall": 0.78125, "micro_f1": 0.7823613086770982, "accuracy": 0.9689172854429287}}}