{"mistral-repeat-k-early-exit": {"5": {"micro_precision": 0.8316326530612245, "micro_recall": 0.7688679245283019, "micro_f1": 0.7990196078431374, "accuracy": 0.9675989085948158}, "29": {"micro_precision": 0.8292682926829268, "micro_recall": 0.8018867924528302, "micro_f1": 0.815347721822542, "accuracy": 0.9669167803547067}, "42": {"micro_precision": 0.8477157360406091, "micro_recall": 0.7877358490566038, "micro_f1": 0.8166259168704156, "accuracy": 0.9696452933151433}, "81": {"micro_precision": 0.8282828282828283, "micro_recall": 0.7735849056603774, "micro_f1": 0.8, "accuracy": 0.9675989085948158}, "123": {"micro_precision": 0.7801047120418848, "micro_recall": 0.7028301886792453, "micro_f1": 0.7394540942928041, "accuracy": 0.9553206002728513}}}