{"qwen3-repeat-k-early-exit": {"5": {"micro_precision": 0.7628865979381443, "micro_recall": 0.6981132075471698, "micro_f1": 0.7290640394088669, "accuracy": 0.958731241473397}, "29": {"micro_precision": 0.7967032967032966, "micro_recall": 0.6839622641509434, "micro_f1": 0.7360406091370558, "accuracy": 0.9553206002728513}, "42": {"micro_precision": 0.7684210526315789, "micro_recall": 0.6886792452830188, "micro_f1": 0.7263681592039801, "accuracy": 0.9573669849931787}, "81": {"micro_precision": 0.8100558659217877, "micro_recall": 0.6839622641509434, "micro_f1": 0.7416879795396419, "accuracy": 0.9590723055934516}, "123": {"micro_precision": 0.7461139896373057, "micro_recall": 0.6792452830188679, "micro_f1": 0.7111111111111111, "accuracy": 0.9553206002728513}}}