{"mistral-repeat-k": {"5": {"micro_precision": 0.885, "micro_recall": 0.8349056603773585, "micro_f1": 0.8592233009708737, "accuracy": 0.9761255115961801}, "29": {"micro_precision": 0.8826530612244898, "micro_recall": 0.8160377358490566, "micro_f1": 0.8480392156862746, "accuracy": 0.9764665757162346}, "42": {"micro_precision": 0.8557213930348259, "micro_recall": 0.8113207547169812, "micro_f1": 0.8329297820823245, "accuracy": 0.9751023192360164}, "81": {"micro_precision": 0.8556701030927835, "micro_recall": 0.7830188679245284, "micro_f1": 0.8177339901477833, "accuracy": 0.973055934515689}, "123": {"micro_precision": 0.84688995215311, "micro_recall": 0.8349056603773585, "micro_f1": 0.840855106888361, "accuracy": 0.973055934515689}}}