{"gemma2-unmasked": {"5": {"micro_precision": 0.8864864864864865, "micro_recall": 0.7735849056603774, "micro_f1": 0.8261964735516373, "accuracy": 0.9710095497953616}, "29": {"micro_precision": 0.8659217877094972, "micro_recall": 0.7311320754716981, "micro_f1": 0.792838874680307, "accuracy": 0.9713506139154161}, "42": {"micro_precision": 0.8756756756756757, "micro_recall": 0.7641509433962265, "micro_f1": 0.8161209068010076, "accuracy": 0.9689631650750341}, "81": {"micro_precision": 0.8814432989690721, "micro_recall": 0.8066037735849056, "micro_f1": 0.8423645320197045, "accuracy": 0.973055934515689}, "123": {"micro_precision": 0.8350515463917526, "micro_recall": 0.7641509433962265, "micro_f1": 0.7980295566502463, "accuracy": 0.9699863574351978}}}