{"qwen3-repeat-k": {"5": {"micro_precision": 0.845360824742268, "micro_recall": 0.7735849056603774, "micro_f1": 0.8078817733990147, "accuracy": 0.9672578444747613}, "29": {"micro_precision": 0.8465608465608465, "micro_recall": 0.7547169811320755, "micro_f1": 0.798004987531172, "accuracy": 0.9689631650750341}, "42": {"micro_precision": 0.873015873015873, "micro_recall": 0.7783018867924528, "micro_f1": 0.8229426433915213, "accuracy": 0.9689631650750341}, "81": {"micro_precision": 0.8412698412698413, "micro_recall": 0.75, "micro_f1": 0.7930174563591021, "accuracy": 0.9679399727148704}, "123": {"micro_precision": 0.8722222222222222, "micro_recall": 0.7405660377358491, "micro_f1": 0.8010204081632655, "accuracy": 0.9686221009549796}}}