{"qwen3-repeat-k": {"5": {"micro_precision": 0.7794117647058824, "micro_recall": 0.7528409090909091, "micro_f1": 0.7658959537572255, "accuracy": 0.9651182869970644}, "29": {"micro_precision": 0.8103975535168195, "micro_recall": 0.7528409090909091, "micro_f1": 0.7805596465390279, "accuracy": 0.9668451044724573}, "42": {"micro_precision": 0.7716763005780347, "micro_recall": 0.7585227272727273, "micro_f1": 0.7650429799426934, "accuracy": 0.9666724227249179}, "81": {"micro_precision": 0.8017751479289941, "micro_recall": 0.7698863636363636, "micro_f1": 0.7855072463768116, "accuracy": 0.9670177862199966}, "123": {"micro_precision": 0.788135593220339, "micro_recall": 0.7926136363636364, "micro_f1": 0.7903682719546742, "accuracy": 0.9673631497150751}}}