{"gemma-repeat-k": {"5": {"micro_precision": 0.8235294117647058, "micro_recall": 0.7954545454545454, "micro_f1": 0.8092485549132947, "accuracy": 0.9725436021412537}, "29": {"micro_precision": 0.793939393939394, "micro_recall": 0.7443181818181818, "micro_f1": 0.7683284457478006, "accuracy": 0.9675358314626143}, "42": {"micro_precision": 0.8005780346820809, "micro_recall": 0.7869318181818182, "micro_f1": 0.7936962750716332, "accuracy": 0.9697806941806251}, "81": {"micro_precision": 0.8249258160237388, "micro_recall": 0.7897727272727273, "micro_f1": 0.8069666182873729, "accuracy": 0.970298739423243}, "123": {"micro_precision": 0.808955223880597, "micro_recall": 0.7698863636363636, "micro_f1": 0.7889374090247454, "accuracy": 0.9692626489380073}}}