{"gemma2-repeat-k": {"5": {"micro_precision": 0.772972972972973, "micro_recall": 0.8125, "micro_f1": 0.7922437673130193, "accuracy": 0.9680538767052322}, "29": {"micro_precision": 0.8203592814371258, "micro_recall": 0.7784090909090909, "micro_f1": 0.7988338192419826, "accuracy": 0.9680538767052322}, "42": {"micro_precision": 0.7675675675675676, "micro_recall": 0.8068181818181818, "micro_f1": 0.7867036011080332, "accuracy": 0.9689172854429287}, "81": {"micro_precision": 0.8047337278106509, "micro_recall": 0.7727272727272727, "micro_f1": 0.7884057971014493, "accuracy": 0.9683992402003109}, "123": {"micro_precision": 0.7976190476190477, "micro_recall": 0.7613636363636364, "micro_f1": 0.7790697674418605, "accuracy": 0.9680538767052322}}}