{"gemma-repeat-k": {"5": {"micro_precision": 0.8380952380952381, "micro_recall": 0.8301886792452831, "micro_f1": 0.8341232227488152, "accuracy": 0.9733969986357435}, "29": {"micro_precision": 0.8736842105263158, "micro_recall": 0.7830188679245284, "micro_f1": 0.8258706467661692, "accuracy": 0.9710095497953616}, "42": {"micro_precision": 0.8527918781725888, "micro_recall": 0.7924528301886793, "micro_f1": 0.8215158924205379, "accuracy": 0.9733969986357435}, "81": {"micro_precision": 0.875, "micro_recall": 0.8254716981132075, "micro_f1": 0.8495145631067961, "accuracy": 0.9757844474761255}, "123": {"micro_precision": 0.8686868686868687, "micro_recall": 0.8113207547169812, "micro_f1": 0.8390243902439025, "accuracy": 0.9720327421555253}}}