{"gemma2-repeat-k": {"5": {"micro_precision": 0.8284023668639053, "micro_recall": 0.7954545454545454, "micro_f1": 0.8115942028985507, "accuracy": 0.9697806941806251}, "29": {"micro_precision": 0.8005865102639296, "micro_recall": 0.7755681818181818, "micro_f1": 0.7878787878787877, "accuracy": 0.9682265584527715}, "42": {"micro_precision": 0.8035190615835777, "micro_recall": 0.7784090909090909, "micro_f1": 0.7907647907647907, "accuracy": 0.9685719219478501}, "81": {"micro_precision": 0.8287461773700305, "micro_recall": 0.7698863636363636, "micro_f1": 0.7982326951399117, "accuracy": 0.9690899671904679}, "123": {"micro_precision": 0.7981927710843374, "micro_recall": 0.7528409090909091, "micro_f1": 0.7748538011695906, "accuracy": 0.9675358314626143}}}