{"qwen3-repeat-k-early-exit": {"5": {"micro_precision": 0.8125, "micro_recall": 0.7358490566037735, "micro_f1": 0.7722772277227722, "accuracy": 0.9621418826739427}, "29": {"micro_precision": 0.806282722513089, "micro_recall": 0.7264150943396226, "micro_f1": 0.7642679900744417, "accuracy": 0.9600954979536153}, "42": {"micro_precision": 0.7487684729064039, "micro_recall": 0.7169811320754716, "micro_f1": 0.7325301204819277, "accuracy": 0.9580491132332879}, "81": {"micro_precision": 0.796875, "micro_recall": 0.7216981132075472, "micro_f1": 0.7574257425742573, "accuracy": 0.9614597544338336}, "123": {"micro_precision": 0.7704081632653061, "micro_recall": 0.7122641509433962, "micro_f1": 0.7401960784313726, "accuracy": 0.9583901773533424}}}