{"qwen3-repeat-k": {"5": {"micro_precision": 0.7683284457478006, "micro_recall": 0.7443181818181818, "micro_f1": 0.756132756132756, "accuracy": 0.9652909687446037}, "29": {"micro_precision": 0.7883435582822086, "micro_recall": 0.7301136363636364, "micro_f1": 0.7581120943952803, "accuracy": 0.9661543774823002}, "42": {"micro_precision": 0.7795031055900621, "micro_recall": 0.7130681818181818, "micro_f1": 0.7448071216617211, "accuracy": 0.9639095147642894}, "81": {"micro_precision": 0.7850746268656716, "micro_recall": 0.7471590909090909, "micro_f1": 0.7656477438136827, "accuracy": 0.9663270592298394}, "123": {"micro_precision": 0.7976190476190477, "micro_recall": 0.7613636363636364, "micro_f1": 0.7790697674418605, "accuracy": 0.965463650492143}}}