{"mistral-repeat-k-early-exit": {"5": {"micro_precision": 0.8585858585858586, "micro_recall": 0.8018867924528302, "micro_f1": 0.8292682926829269, "accuracy": 0.973055934515689}, "29": {"micro_precision": 0.8860103626943006, "micro_recall": 0.8066037735849056, "micro_f1": 0.8444444444444444, "accuracy": 0.9744201909959073}, "42": {"micro_precision": 0.8615384615384616, "micro_recall": 0.7924528301886793, "micro_f1": 0.8255528255528256, "accuracy": 0.9720327421555253}, "81": {"micro_precision": 0.8789473684210526, "micro_recall": 0.7877358490566038, "micro_f1": 0.8308457711442786, "accuracy": 0.9727148703956344}, "123": {"micro_precision": 0.8743718592964824, "micro_recall": 0.8207547169811321, "micro_f1": 0.8467153284671532, "accuracy": 0.9744201909959073}}}