{"mistral-repeat-k-early-exit": {"5": {"micro_precision": 0.801829268292683, "micro_recall": 0.7471590909090909, "micro_f1": 0.7735294117647059, "accuracy": 0.9659816957347608}, "29": {"micro_precision": 0.8226299694189603, "micro_recall": 0.7642045454545454, "micro_f1": 0.792341678939617, "accuracy": 0.9673631497150751}, "42": {"micro_precision": 0.7787610619469026, "micro_recall": 0.75, "micro_f1": 0.7641099855282201, "accuracy": 0.9652909687446037}, "81": {"micro_precision": 0.7857142857142857, "micro_recall": 0.75, "micro_f1": 0.7674418604651163, "accuracy": 0.9659816957347608}, "123": {"micro_precision": 0.7732558139534884, "micro_recall": 0.7556818181818182, "micro_f1": 0.764367816091954, "accuracy": 0.9640821965118287}}}