{"gemma2-unmasked": {"5": {"micro_precision": 0.7904191616766467, "micro_recall": 0.75, "micro_f1": 0.7696793002915452, "accuracy": 0.9649456052495251}, "29": {"micro_precision": 0.8181818181818182, "micro_recall": 0.7670454545454546, "micro_f1": 0.7917888563049853, "accuracy": 0.9687446036953894}, "42": {"micro_precision": 0.7694610778443114, "micro_recall": 0.7301136363636364, "micro_f1": 0.7492711370262389, "accuracy": 0.9647729235019858}, "81": {"micro_precision": 0.7740963855421686, "micro_recall": 0.7301136363636364, "micro_f1": 0.7514619883040935, "accuracy": 0.9661543774823002}, "123": {"micro_precision": 0.7535014005602241, "micro_recall": 0.7642045454545454, "micro_f1": 0.7588152327221438, "accuracy": 0.9666724227249179}}}