{"qwen3-repeat-k": {"5": {"micro_precision": 0.7455621301775148, "micro_recall": 0.7159090909090909, "micro_f1": 0.7304347826086957, "accuracy": 0.9599378345708859}, "29": {"micro_precision": 0.774294670846395, "micro_recall": 0.7017045454545454, "micro_f1": 0.7362146050670639, "accuracy": 0.9632187877741323}, "42": {"micro_precision": 0.7993527508090615, "micro_recall": 0.7017045454545454, "micro_f1": 0.7473524962178518, "accuracy": 0.9625280607839751}, "81": {"micro_precision": 0.7366946778711485, "micro_recall": 0.7471590909090909, "micro_f1": 0.7418899858956278, "accuracy": 0.9627007425315144}, "123": {"micro_precision": 0.804953560371517, "micro_recall": 0.7386363636363636, "micro_f1": 0.7703703703703703, "accuracy": 0.9639095147642894}}}