{"gemma-unmasked-middle": {"5": {"micro_precision": 0.8179347826086957, "micro_recall": 0.8551136363636364, "micro_f1": 0.8361111111111111, "accuracy": 0.9735796926264894}, "29": {"micro_precision": 0.800561797752809, "micro_recall": 0.8096590909090909, "micro_f1": 0.8050847457627118, "accuracy": 0.970298739423243}, "42": {"micro_precision": 0.7725947521865889, "micro_recall": 0.7528409090909091, "micro_f1": 0.7625899280575539, "accuracy": 0.9658090139872215}, "81": {"micro_precision": 0.813953488372093, "micro_recall": 0.7954545454545454, "micro_f1": 0.8045977011494252, "accuracy": 0.9706441029183215}, "123": {"micro_precision": 0.7777777777777778, "micro_recall": 0.7954545454545454, "micro_f1": 0.7865168539325843, "accuracy": 0.9682265584527715}}}