{"qwen3-repeat-k": {"5": {"micro_precision": 0.7936962750716332, "micro_recall": 0.7869318181818182, "micro_f1": 0.7902995720399429, "accuracy": 0.9682265584527715}, "29": {"micro_precision": 0.7738095238095238, "micro_recall": 0.7386363636363636, "micro_f1": 0.7558139534883721, "accuracy": 0.9644275600069073}, "42": {"micro_precision": 0.7804878048780488, "micro_recall": 0.8181818181818182, "micro_f1": 0.7988904299583912, "accuracy": 0.9689172854429287}, "81": {"micro_precision": 0.7975460122699386, "micro_recall": 0.7386363636363636, "micro_f1": 0.7669616519174041, "accuracy": 0.9646002417544466}, "123": {"micro_precision": 0.8046647230320699, "micro_recall": 0.7840909090909091, "micro_f1": 0.7942446043165466, "accuracy": 0.9675358314626143}}}