{"gemma2-repeat-k": {"5": {"micro_precision": 0.7946428571428571, "micro_recall": 0.7585227272727273, "micro_f1": 0.7761627906976744, "accuracy": 0.9677085132101537}, "29": {"micro_precision": 0.7988668555240793, "micro_recall": 0.8011363636363636, "micro_f1": 0.8, "accuracy": 0.9706441029183215}, "42": {"micro_precision": 0.7987987987987988, "micro_recall": 0.7556818181818182, "micro_f1": 0.7766423357664234, "accuracy": 0.9671904679675358}, "81": {"micro_precision": 0.7988165680473372, "micro_recall": 0.7670454545454546, "micro_f1": 0.782608695652174, "accuracy": 0.9701260576757037}, "123": {"micro_precision": 0.8144654088050315, "micro_recall": 0.7357954545454546, "micro_f1": 0.773134328358209, "accuracy": 0.9682265584527715}}}