{"gemma2-repeat-k": {"5": {"micro_precision": 0.7942028985507247, "micro_recall": 0.7784090909090909, "micro_f1": 0.7862266857962696, "accuracy": 0.970298739423243}, "29": {"micro_precision": 0.7777777777777778, "micro_recall": 0.7954545454545454, "micro_f1": 0.7865168539325843, "accuracy": 0.9692626489380073}, "42": {"micro_precision": 0.8176470588235294, "micro_recall": 0.7897727272727273, "micro_f1": 0.8034682080924855, "accuracy": 0.9697806941806251}, "81": {"micro_precision": 0.7863501483679525, "micro_recall": 0.7528409090909091, "micro_f1": 0.7692307692307692, "accuracy": 0.9683992402003109}, "123": {"micro_precision": 0.7806267806267806, "micro_recall": 0.7784090909090909, "micro_f1": 0.7795163584637269, "accuracy": 0.9706441029183215}}}