{"qwen3-repeat-k-early-exit": {"5": {"micro_precision": 0.8102564102564103, "micro_recall": 0.7452830188679245, "micro_f1": 0.7764127764127764, "accuracy": 0.9628240109140518}, "29": {"micro_precision": 0.8076923076923077, "micro_recall": 0.6933962264150944, "micro_f1": 0.7461928934010152, "accuracy": 0.9583901773533424}, "42": {"micro_precision": 0.7948717948717948, "micro_recall": 0.7311320754716981, "micro_f1": 0.7616707616707616, "accuracy": 0.9600954979536153}, "81": {"micro_precision": 0.8212290502793296, "micro_recall": 0.6933962264150944, "micro_f1": 0.751918158567775, "accuracy": 0.9570259208731241}, "123": {"micro_precision": 0.8085106382978723, "micro_recall": 0.7169811320754716, "micro_f1": 0.76, "accuracy": 0.9590723055934516}}}