{"qwen3-repeat-k": {"5": {"micro_precision": 0.8518518518518519, "micro_recall": 0.7594339622641509, "micro_f1": 0.802992518703242, "accuracy": 0.9631650750341064}, "29": {"micro_precision": 0.8040201005025126, "micro_recall": 0.7547169811320755, "micro_f1": 0.7785888077858881, "accuracy": 0.9614597544338336}, "42": {"micro_precision": 0.8342541436464088, "micro_recall": 0.7122641509433962, "micro_f1": 0.7684478371501272, "accuracy": 0.9628240109140518}, "81": {"micro_precision": 0.8272251308900523, "micro_recall": 0.7452830188679245, "micro_f1": 0.7841191066997519, "accuracy": 0.9665757162346521}, "123": {"micro_precision": 0.806282722513089, "micro_recall": 0.7264150943396226, "micro_f1": 0.7642679900744417, "accuracy": 0.9594133697135061}}}