{"mistral-repeat-k-early-exit": {"5": {"micro_precision": 0.7814207650273224, "micro_recall": 0.8125, "micro_f1": 0.796657381615599, "accuracy": 0.9708167846658609}, "29": {"micro_precision": 0.8328358208955224, "micro_recall": 0.7926136363636364, "micro_f1": 0.812227074235808, "accuracy": 0.9727162838887929}, "42": {"micro_precision": 0.8313609467455622, "micro_recall": 0.7982954545454546, "micro_f1": 0.8144927536231884, "accuracy": 0.9728889656363322}, "81": {"micro_precision": 0.8128654970760234, "micro_recall": 0.7897727272727273, "micro_f1": 0.8011527377521614, "accuracy": 0.9706441029183215}, "123": {"micro_precision": 0.8181818181818182, "micro_recall": 0.8181818181818182, "micro_f1": 0.8181818181818182, "accuracy": 0.9716801934035573}}}