{"mistral-repeat-k-early-exit": {"5": {"micro_precision": 0.8035714285714286, "micro_recall": 0.7670454545454546, "micro_f1": 0.7848837209302326, "accuracy": 0.9677085132101537}, "29": {"micro_precision": 0.7982456140350878, "micro_recall": 0.7755681818181818, "micro_f1": 0.7867435158501441, "accuracy": 0.9675358314626143}, "42": {"micro_precision": 0.7914285714285715, "micro_recall": 0.7869318181818182, "micro_f1": 0.7891737891737892, "accuracy": 0.9682265584527715}, "81": {"micro_precision": 0.7916666666666666, "micro_recall": 0.8096590909090909, "micro_f1": 0.800561797752809, "accuracy": 0.9696080124330858}, "123": {"micro_precision": 0.8134556574923547, "micro_recall": 0.7556818181818182, "micro_f1": 0.7835051546391752, "accuracy": 0.967881194957693}}}