{"mistral-repeat-k-early-exit": {"5": {"micro_precision": 0.8144654088050315, "micro_recall": 0.7357954545454546, "micro_f1": 0.773134328358209, "accuracy": 0.9670177862199966}, "29": {"micro_precision": 0.8075801749271136, "micro_recall": 0.7869318181818182, "micro_f1": 0.7971223021582735, "accuracy": 0.9687446036953894}, "42": {"micro_precision": 0.7951070336391437, "micro_recall": 0.7386363636363636, "micro_f1": 0.7658321060382915, "accuracy": 0.9666724227249179}, "81": {"micro_precision": 0.797583081570997, "micro_recall": 0.75, "micro_f1": 0.7730600292825769, "accuracy": 0.9663270592298394}, "123": {"micro_precision": 0.8157894736842105, "micro_recall": 0.7926136363636364, "micro_f1": 0.8040345821325648, "accuracy": 0.9687446036953894}}}