{"mistral-repeat-k": {"5": {"micro_precision": 0.7894736842105263, "micro_recall": 0.8096590909090909, "micro_f1": 0.7994389901823282, "accuracy": 0.9699533759281644}, "29": {"micro_precision": 0.8141592920353983, "micro_recall": 0.7840909090909091, "micro_f1": 0.7988422575976845, "accuracy": 0.9706441029183215}, "42": {"micro_precision": 0.7771587743732591, "micro_recall": 0.7926136363636364, "micro_f1": 0.7848101265822784, "accuracy": 0.9689172854429287}, "81": {"micro_precision": 0.8140845070422535, "micro_recall": 0.8210227272727273, "micro_f1": 0.8175388967468176, "accuracy": 0.9730616473838716}, "123": {"micro_precision": 0.7994269340974212, "micro_recall": 0.7926136363636364, "micro_f1": 0.7960057061340942, "accuracy": 0.9704714211707822}}}