{"gemma2-repeat-k": {"5": {"micro_precision": 0.8871794871794871, "micro_recall": 0.8160377358490566, "micro_f1": 0.8501228501228502, "accuracy": 0.9727148703956344}, "29": {"micro_precision": 0.9086294416243654, "micro_recall": 0.8443396226415094, "micro_f1": 0.8753056234718826, "accuracy": 0.9771487039563438}, "42": {"micro_precision": 0.8978494623655914, "micro_recall": 0.7877358490566038, "micro_f1": 0.8391959798994975, "accuracy": 0.9723738062755798}, "81": {"micro_precision": 0.8882978723404256, "micro_recall": 0.7877358490566038, "micro_f1": 0.835, "accuracy": 0.9723738062755798}, "123": {"micro_precision": 0.8871794871794871, "micro_recall": 0.8160377358490566, "micro_f1": 0.8501228501228502, "accuracy": 0.9740791268758526}}}