{"qwen3-repeat-k-early-exit": {"5": {"micro_precision": 0.775811209439528, "micro_recall": 0.7471590909090909, "micro_f1": 0.7612156295224314, "accuracy": 0.9659816957347608}, "29": {"micro_precision": 0.7337278106508875, "micro_recall": 0.7045454545454546, "micro_f1": 0.7188405797101449, "accuracy": 0.9602831980659644}, "42": {"micro_precision": 0.75, "micro_recall": 0.6988636363636364, "micro_f1": 0.723529411764706, "accuracy": 0.9613192885512002}, "81": {"micro_precision": 0.7277936962750716, "micro_recall": 0.7215909090909091, "micro_f1": 0.724679029957204, "accuracy": 0.9611466068036608}, "123": {"micro_precision": 0.747093023255814, "micro_recall": 0.7301136363636364, "micro_f1": 0.7385057471264367, "accuracy": 0.9620100155413572}}}