{"mistral-repeat-k-early-exit": {"5": {"micro_precision": 0.8802083333333334, "micro_recall": 0.7971698113207547, "micro_f1": 0.8366336633663366, "accuracy": 0.9716916780354706}, "29": {"micro_precision": 0.8541666666666666, "micro_recall": 0.7735849056603774, "micro_f1": 0.811881188118812, "accuracy": 0.9696452933151433}, "42": {"micro_precision": 0.8793969849246231, "micro_recall": 0.8254716981132075, "micro_f1": 0.8515815085158152, "accuracy": 0.9723738062755798}, "81": {"micro_precision": 0.85, "micro_recall": 0.8018867924528302, "micro_f1": 0.8252427184466019, "accuracy": 0.970668485675307}, "123": {"micro_precision": 0.8645833333333334, "micro_recall": 0.7830188679245284, "micro_f1": 0.8217821782178217, "accuracy": 0.9696452933151433}}}