{"qwen3-repeat-k-early-exit": {"5": {"micro_precision": 0.7767584097859327, "micro_recall": 0.7215909090909091, "micro_f1": 0.748159057437408, "accuracy": 0.9623553790364359}, "29": {"micro_precision": 0.7404129793510325, "micro_recall": 0.7130681818181818, "micro_f1": 0.7264833574529667, "accuracy": 0.9592471075807287}, "42": {"micro_precision": 0.6882022471910112, "micro_recall": 0.6960227272727273, "micro_f1": 0.692090395480226, "accuracy": 0.9552754273873252}, "81": {"micro_precision": 0.7476340694006309, "micro_recall": 0.6732954545454546, "micro_f1": 0.7085201793721974, "accuracy": 0.9566568813676395}, "123": {"micro_precision": 0.711764705882353, "micro_recall": 0.6875, "micro_f1": 0.6994219653179191, "accuracy": 0.9576929718528752}}}