{"qwen3-unmasked-middle": {"5": {"micro_precision": 0.7443181818181818, "micro_recall": 0.7443181818181818, "micro_f1": 0.7443181818181818, "accuracy": 0.9623553790364359}, "29": {"micro_precision": 0.7442528735632183, "micro_recall": 0.7357954545454546, "micro_f1": 0.74, "accuracy": 0.961837333793818}, "42": {"micro_precision": 0.7650429799426934, "micro_recall": 0.7585227272727273, "micro_f1": 0.7617689015691869, "accuracy": 0.9644275600069073}, "81": {"micro_precision": 0.7751479289940828, "micro_recall": 0.7443181818181818, "micro_f1": 0.7594202898550724, "accuracy": 0.9637368330167502}, "123": {"micro_precision": 0.7507163323782235, "micro_recall": 0.7443181818181818, "micro_f1": 0.7475035663338089, "accuracy": 0.9625280607839751}}}