{"gemma2-repeat-k": {"5": {"micro_precision": 0.8300970873786407, "micro_recall": 0.8066037735849056, "micro_f1": 0.8181818181818181, "accuracy": 0.9699863574351978}, "29": {"micro_precision": 0.8865979381443299, "micro_recall": 0.8113207547169812, "micro_f1": 0.8472906403940886, "accuracy": 0.9740791268758526}, "42": {"micro_precision": 0.8543689320388349, "micro_recall": 0.8301886792452831, "micro_f1": 0.8421052631578948, "accuracy": 0.973055934515689}, "81": {"micro_precision": 0.8787878787878788, "micro_recall": 0.8207547169811321, "micro_f1": 0.8487804878048781, "accuracy": 0.975443383356071}, "123": {"micro_precision": 0.875, "micro_recall": 0.7924528301886793, "micro_f1": 0.8316831683168316, "accuracy": 0.9710095497953616}}}