{"qwen3": {"5": {"micro_precision": 0.5701754385964912, "micro_recall": 0.6326034063260341, "micro_f1": 0.5997693194925029, "accuracy": 0.9364749844301432}, "29": {"micro_precision": 0.5714285714285714, "micro_recall": 0.5936739659367397, "micro_f1": 0.5823389021479715, "accuracy": 0.9362673863400457}, "42": {"micro_precision": 0.6111111111111112, "micro_recall": 0.5888077858880778, "micro_f1": 0.5997521685254027, "accuracy": 0.9375129748806311}, "81": {"micro_precision": 0.6071428571428571, "micro_recall": 0.6204379562043796, "micro_f1": 0.6137184115523464, "accuracy": 0.9366825825202408}, "123": {"micro_precision": 0.6414634146341464, "micro_recall": 0.6399026763990268, "micro_f1": 0.6406820950060901, "accuracy": 0.9422877309528752}}}