{"gemma2": {"5": {"micro_precision": 0.6394557823129252, "micro_recall": 0.6861313868613139, "micro_f1": 0.6619718309859156, "accuracy": 0.9466472908449243}, "29": {"micro_precision": 0.6533333333333333, "micro_recall": 0.7153284671532847, "micro_f1": 0.6829268292682927, "accuracy": 0.9493460660161926}, "42": {"micro_precision": 0.6586538461538461, "micro_recall": 0.6666666666666666, "micro_f1": 0.6626360338573156, "accuracy": 0.9468548889350218}, "81": {"micro_precision": 0.644880174291939, "micro_recall": 0.7201946472019465, "micro_f1": 0.6804597701149425, "accuracy": 0.9456093003944364}, "123": {"micro_precision": 0.6843373493975904, "micro_recall": 0.6909975669099757, "micro_f1": 0.6876513317191284, "accuracy": 0.952044841187461}}}