{"qwen3-repeat-k": {"5": {"micro_precision": 0.8183172002978406, "micro_recall": 0.8057184750733137, "micro_f1": 0.8119689693387514, "accuracy": 0.9596426612334457}, "29": {"micro_precision": 0.8263785394932935, "micro_recall": 0.8130498533724341, "micro_f1": 0.819660014781966, "accuracy": 0.9594859337042552}, "42": {"micro_precision": 0.8163265306122449, "micro_recall": 0.8211143695014663, "micro_f1": 0.8187134502923976, "accuracy": 0.9598777525272314}, "81": {"micro_precision": 0.8067047075606276, "micro_recall": 0.8291788856304986, "micro_f1": 0.8177874186550975, "accuracy": 0.9600344800564219}, "123": {"micro_precision": 0.8197424892703863, "micro_recall": 0.8401759530791789, "micro_f1": 0.829833454018827, "accuracy": 0.9624637567588747}}}