{"qwen3-repeat-k-early-exit": {"5": {"micro_precision": 0.7174462705436156, "micro_recall": 0.8321114369501467, "micro_f1": 0.7705363204344875, "accuracy": 0.950709192069587}, "29": {"micro_precision": 0.7243022464261403, "micro_recall": 0.7800586510263929, "micro_f1": 0.7511471937875044, "accuracy": 0.9477313690149675}, "42": {"micro_precision": 0.7676317743132888, "micro_recall": 0.7580645161290323, "micro_f1": 0.7628181482847658, "accuracy": 0.9492986443068725}, "81": {"micro_precision": 0.7592329545454546, "micro_recall": 0.783724340175953, "micro_f1": 0.7712842712842712, "accuracy": 0.9505524645403965}, "123": {"micro_precision": 0.7097591888466414, "micro_recall": 0.8211143695014663, "micro_f1": 0.7613868116927262, "accuracy": 0.9465559125460387}}}