{"mistral-repeat-k-early-exit": {"5": {"micro_precision": 0.8307142857142857, "micro_recall": 0.8526392961876833, "micro_f1": 0.8415340086830679, "accuracy": 0.9640310320507797}, "29": {"micro_precision": 0.790665751544269, "micro_recall": 0.844574780058651, "micro_f1": 0.816731655441333, "accuracy": 0.9599561162918266}, "42": {"micro_precision": 0.8241134751773049, "micro_recall": 0.8519061583577713, "micro_f1": 0.8377793799567411, "accuracy": 0.9641877595799703}, "81": {"micro_precision": 0.8283045977011494, "micro_recall": 0.8453079178885631, "micro_f1": 0.8367198838896952, "accuracy": 0.9626988480526605}, "123": {"micro_precision": 0.8216292134831461, "micro_recall": 0.8577712609970675, "micro_f1": 0.8393113342898135, "accuracy": 0.9646579421675417}}}