{"qwen3-repeat-k": {"5": {"micro_precision": 0.7129629629629629, "micro_recall": 0.7493917274939172, "micro_f1": 0.730723606168446, "accuracy": 0.9518372430973635}, "29": {"micro_precision": 0.7158836689038032, "micro_recall": 0.7785888077858881, "micro_f1": 0.745920745920746, "accuracy": 0.9547436163587295}, "42": {"micro_precision": 0.7188940092165899, "micro_recall": 0.7591240875912408, "micro_f1": 0.7384615384615385, "accuracy": 0.9547436163587295}, "81": {"micro_precision": 0.7180094786729858, "micro_recall": 0.7372262773722628, "micro_f1": 0.7274909963985593, "accuracy": 0.9522524392775586}, "123": {"micro_precision": 0.665943600867679, "micro_recall": 0.7469586374695864, "micro_f1": 0.7041284403669724, "accuracy": 0.9476852812954121}}}