{"qwen3-repeat-k": {"5": {"micro_precision": 0.7915632754342432, "micro_recall": 0.7761557177615572, "micro_f1": 0.7837837837837838, "accuracy": 0.9615943533319493}, "29": {"micro_precision": 0.7860696517412935, "micro_recall": 0.7688564476885644, "micro_f1": 0.7773677736777368, "accuracy": 0.960763960971559}, "42": {"micro_precision": 0.7644230769230769, "micro_recall": 0.7737226277372263, "micro_f1": 0.7690447400241838, "accuracy": 0.9601411667012664}, "81": {"micro_precision": 0.7299107142857143, "micro_recall": 0.7956204379562044, "micro_f1": 0.761350407450524, "accuracy": 0.9574423915299979}, "123": {"micro_precision": 0.774818401937046, "micro_recall": 0.7785888077858881, "micro_f1": 0.7766990291262137, "accuracy": 0.9605563628814615}}}