{"mistral-repeat-k-early-exit": {"5": {"micro_precision": 0.789598108747045, "micro_recall": 0.8126520681265207, "micro_f1": 0.8009592326139088, "accuracy": 0.9649159227735105}, "29": {"micro_precision": 0.7540229885057471, "micro_recall": 0.7980535279805353, "micro_f1": 0.7754137115839244, "accuracy": 0.9620095495121445}, "42": {"micro_precision": 0.7828162291169452, "micro_recall": 0.7980535279805353, "micro_f1": 0.7903614457831325, "accuracy": 0.9638779323230227}, "81": {"micro_precision": 0.7921760391198044, "micro_recall": 0.7883211678832117, "micro_f1": 0.7902439024390244, "accuracy": 0.9645007265933153}, "123": {"micro_precision": 0.7942583732057417, "micro_recall": 0.8077858880778589, "micro_f1": 0.8009650180940894, "accuracy": 0.9653311189537056}}}