{"gemma2-repeat-k": {"5": {"micro_precision": 0.7725225225225225, "micro_recall": 0.8345498783454988, "micro_f1": 0.8023391812865498, "accuracy": 0.9655387170438032}, "29": {"micro_precision": 0.7869249394673123, "micro_recall": 0.7907542579075426, "micro_f1": 0.7888349514563107, "accuracy": 0.9653311189537056}, "42": {"micro_precision": 0.7672811059907834, "micro_recall": 0.8102189781021898, "micro_f1": 0.7881656804733728, "accuracy": 0.9640855304131202}, "81": {"micro_precision": 0.7865429234338747, "micro_recall": 0.8248175182481752, "micro_f1": 0.8052256532066508, "accuracy": 0.9657463151339007}, "123": {"micro_precision": 0.7800925925925926, "micro_recall": 0.8199513381995134, "micro_f1": 0.7995255041518387, "accuracy": 0.9655387170438032}}}