{"qwen3-unmasked-middle": {"5": {"micro_precision": 0.7475961538461539, "micro_recall": 0.7566909975669099, "micro_f1": 0.7521160822249093, "accuracy": 0.9568195972597052}, "29": {"micro_precision": 0.7709923664122137, "micro_recall": 0.7372262773722628, "micro_f1": 0.753731343283582, "accuracy": 0.9576499896200955}, "42": {"micro_precision": 0.7853658536585366, "micro_recall": 0.7834549878345499, "micro_f1": 0.7844092570036542, "accuracy": 0.9626323437824372}, "81": {"micro_precision": 0.7844611528822055, "micro_recall": 0.7615571776155717, "micro_f1": 0.7728395061728395, "accuracy": 0.9595183724309736}, "123": {"micro_precision": 0.8137755102040817, "micro_recall": 0.7761557177615572, "micro_f1": 0.7945205479452055, "accuracy": 0.9634627361428275}}}