{"qwen3-repeat-k-early-exit": {"5": {"micro_precision": 0.7286219081272085, "micro_recall": 0.7558651026392962, "micro_f1": 0.741993522849946, "accuracy": 0.9461640937230624}, "29": {"micro_precision": 0.7023004059539919, "micro_recall": 0.7609970674486803, "micro_f1": 0.7304714989444053, "accuracy": 0.9434213619622287}, "42": {"micro_precision": 0.7061252580867171, "micro_recall": 0.7521994134897361, "micro_f1": 0.7284345047923323, "accuracy": 0.9416973591411332}, "81": {"micro_precision": 0.7185454545454546, "micro_recall": 0.7243401759530792, "micro_f1": 0.7214311792625047, "accuracy": 0.9428728156100619}, "123": {"micro_precision": 0.6899736147757256, "micro_recall": 0.7668621700879765, "micro_f1": 0.726388888888889, "accuracy": 0.9416973591411332}}}