{"qwen3-unmasked-middle": {"5": {"micro_precision": 0.7889125799573561, "micro_recall": 0.8137829912023461, "micro_f1": 0.801154817755323, "accuracy": 0.9572133845309929}, "29": {"micro_precision": 0.7706043956043956, "micro_recall": 0.8225806451612904, "micro_f1": 0.7957446808510639, "accuracy": 0.9552542904161115}, "42": {"micro_precision": 0.7878136200716845, "micro_recall": 0.8057184750733137, "micro_f1": 0.7966654584994562, "accuracy": 0.9568999294726118}, "81": {"micro_precision": 0.8037593984962406, "micro_recall": 0.783724340175953, "micro_f1": 0.793615441722346, "accuracy": 0.9554893817098974}, "123": {"micro_precision": 0.7989575577066269, "micro_recall": 0.7866568914956011, "micro_f1": 0.7927595123753233, "accuracy": 0.9556461092390879}}}