{"qwen3-repeat-k": {"5": {"micro_precision": 0.7162162162162162, "micro_recall": 0.7737226277372263, "micro_f1": 0.743859649122807, "accuracy": 0.9553664106290222}, "29": {"micro_precision": 0.7094017094017094, "micro_recall": 0.8077858880778589, "micro_f1": 0.7554038680318544, "accuracy": 0.957857587710193}, "42": {"micro_precision": 0.7257281553398058, "micro_recall": 0.7274939172749392, "micro_f1": 0.7266099635479951, "accuracy": 0.9530828316379489}, "81": {"micro_precision": 0.7453703703703703, "micro_recall": 0.7834549878345499, "micro_f1": 0.763938315539739, "accuracy": 0.9564044010795101}, "123": {"micro_precision": 0.7647058823529411, "micro_recall": 0.7274939172749392, "micro_f1": 0.7456359102244389, "accuracy": 0.9547436163587295}}}