{"gemma2-repeat-k": {"5": {"micro_precision": 0.7900136798905609, "micro_recall": 0.8467741935483871, "micro_f1": 0.8174097664543525, "accuracy": 0.9599561162918266}, "29": {"micro_precision": 0.8153185397279885, "micro_recall": 0.8350439882697948, "micro_f1": 0.8250633828323072, "accuracy": 0.9613666640545412}, "42": {"micro_precision": 0.8181818181818182, "micro_recall": 0.8379765395894428, "micro_f1": 0.8279608837377763, "accuracy": 0.9614450278191364}, "81": {"micro_precision": 0.8083273510409189, "micro_recall": 0.8255131964809385, "micro_f1": 0.8168298875589409, "accuracy": 0.9594859337042552}, "123": {"micro_precision": 0.8013840830449827, "micro_recall": 0.8489736070381232, "micro_f1": 0.8244927020291919, "accuracy": 0.9604262988793981}}}