{"mistral-repeat-k-early-exit": {"5": {"micro_precision": 0.8036853295535081, "micro_recall": 0.8313782991202346, "micro_f1": 0.8172972972972973, "accuracy": 0.9607397539377792}, "29": {"micro_precision": 0.7852631578947369, "micro_recall": 0.8203812316715543, "micro_f1": 0.802438149874507, "accuracy": 0.9572917482955882}, "42": {"micro_precision": 0.796622097114708, "micro_recall": 0.8299120234604106, "micro_f1": 0.8129263913824057, "accuracy": 0.9588590235874932}, "81": {"micro_precision": 0.8099929627023223, "micro_recall": 0.843841642228739, "micro_f1": 0.8265709156193896, "accuracy": 0.9615233915837317}, "123": {"micro_precision": 0.7872340425531915, "micro_recall": 0.8409090909090909, "micro_f1": 0.8131868131868133, "accuracy": 0.9589373873520884}}}