{"qwen3-repeat-k-early-exit": {"5": {"micro_precision": 0.6716417910447762, "micro_recall": 0.656934306569343, "micro_f1": 0.6642066420664207, "accuracy": 0.9441561137637534}, "29": {"micro_precision": 0.6449438202247191, "micro_recall": 0.6982968369829684, "micro_f1": 0.6705607476635513, "accuracy": 0.9447789080340461}, "42": {"micro_precision": 0.6099773242630385, "micro_recall": 0.6545012165450121, "micro_f1": 0.6314553990610328, "accuracy": 0.9375129748806311}, "81": {"micro_precision": 0.6367816091954023, "micro_recall": 0.6739659367396593, "micro_f1": 0.6548463356973995, "accuracy": 0.9441561137637534}, "123": {"micro_precision": 0.5944206008583691, "micro_recall": 0.6739659367396593, "micro_f1": 0.6316989737742305, "accuracy": 0.9368901806103384}}}