{"gemma2-repeat-k": {"5": {"micro_precision": 0.8085553997194951, "micro_recall": 0.8453079178885631, "micro_f1": 0.8265232974910394, "accuracy": 0.9616017553483269}, "29": {"micro_precision": 0.8180525941719972, "micro_recall": 0.843841642228739, "micro_f1": 0.8307470227354745, "accuracy": 0.963482485698613}, "42": {"micro_precision": 0.7908771929824562, "micro_recall": 0.8262463343108505, "micro_f1": 0.8081749731086412, "accuracy": 0.9590157511166837}, "81": {"micro_precision": 0.8051496172581768, "micro_recall": 0.8482404692082112, "micro_f1": 0.8261335237415208, "accuracy": 0.9620719379358984}, "123": {"micro_precision": 0.8050668543279381, "micro_recall": 0.8387096774193549, "micro_f1": 0.8215439856373429, "accuracy": 0.9605046626439934}}}