{"gemma2-unmasked": {"5": {"micro_precision": 0.7772397094430993, "micro_recall": 0.781021897810219, "micro_f1": 0.7791262135922331, "accuracy": 0.9609715590616567}, "29": {"micro_precision": 0.7772277227722773, "micro_recall": 0.7639902676399026, "micro_f1": 0.7705521472392638, "accuracy": 0.9615943533319493}, "42": {"micro_precision": 0.7622549019607843, "micro_recall": 0.7566909975669099, "micro_f1": 0.7594627594627595, "accuracy": 0.9599335686111687}, "81": {"micro_precision": 0.7744360902255639, "micro_recall": 0.7518248175182481, "micro_f1": 0.762962962962963, "accuracy": 0.9580651858002907}, "123": {"micro_precision": 0.762589928057554, "micro_recall": 0.7737226277372263, "micro_f1": 0.7681159420289855, "accuracy": 0.9611791571517542}}}