{"qwen3-repeat-k-early-exit": {"5": {"micro_precision": 0.6840909090909091, "micro_recall": 0.732360097323601, "micro_f1": 0.707403055229142, "accuracy": 0.9501764583765829}, "29": {"micro_precision": 0.6896551724137931, "micro_recall": 0.7299270072992701, "micro_f1": 0.7092198581560284, "accuracy": 0.9474776832053146}, "42": {"micro_precision": 0.7286432160804021, "micro_recall": 0.7055961070559611, "micro_f1": 0.7169344870210136, "accuracy": 0.9493460660161926}, "81": {"micro_precision": 0.7156398104265402, "micro_recall": 0.7347931873479319, "micro_f1": 0.7250900360144058, "accuracy": 0.9526676354577538}, "123": {"micro_precision": 0.7790368271954674, "micro_recall": 0.6690997566909975, "micro_f1": 0.7198952879581152, "accuracy": 0.9524600373676562}}}