{"qwen3-repeat-k": {"5": {"micro_precision": 0.8172323759791122, "micro_recall": 0.7615571776155717, "micro_f1": 0.7884130982367759, "accuracy": 0.9615943533319493}, "29": {"micro_precision": 0.7920792079207921, "micro_recall": 0.7785888077858881, "micro_f1": 0.7852760736196319, "accuracy": 0.9624247456923396}, "42": {"micro_precision": 0.7647058823529411, "micro_recall": 0.7591240875912408, "micro_f1": 0.7619047619047619, "accuracy": 0.9584803819804858}, "81": {"micro_precision": 0.7825, "micro_recall": 0.7615571776155717, "micro_f1": 0.7718865598027127, "accuracy": 0.9601411667012664}, "123": {"micro_precision": 0.75, "micro_recall": 0.7883211678832117, "micro_f1": 0.7686832740213524, "accuracy": 0.9601411667012664}}}