{"qwen3-unmasked-middle": {"5": {"micro_precision": 0.7486072423398329, "micro_recall": 0.7881231671554252, "micro_f1": 0.7678571428571428, "accuracy": 0.949768826894444}, "29": {"micro_precision": 0.7518142235123367, "micro_recall": 0.7595307917888563, "micro_f1": 0.7556528081692195, "accuracy": 0.9483582791317295}, "42": {"micro_precision": 0.7456521739130435, "micro_recall": 0.7543988269794721, "micro_f1": 0.75, "accuracy": 0.94851500666092}, "81": {"micro_precision": 0.7590361445783133, "micro_recall": 0.7390029325513197, "micro_f1": 0.7488855869242199, "accuracy": 0.9486717341901105}, "123": {"micro_precision": 0.754297994269341, "micro_recall": 0.7719941348973607, "micro_f1": 0.7630434782608696, "accuracy": 0.950395737011206}}}