{"mistral-repeat-k-early-exit": {"5": {"micro_precision": 0.7586206896551724, "micro_recall": 0.8029197080291971, "micro_f1": 0.7801418439716313, "accuracy": 0.9634627361428275}, "29": {"micro_precision": 0.7905882352941176, "micro_recall": 0.8175182481751825, "micro_f1": 0.8038277511961722, "accuracy": 0.9653311189537056}, "42": {"micro_precision": 0.7927710843373494, "micro_recall": 0.8004866180048662, "micro_f1": 0.7966101694915254, "accuracy": 0.9642931285032178}, "81": {"micro_precision": 0.7540983606557377, "micro_recall": 0.7834549878345499, "micro_f1": 0.7684964200477326, "accuracy": 0.9605563628814615}, "123": {"micro_precision": 0.7980295566502463, "micro_recall": 0.7883211678832117, "micro_f1": 0.7931456548347613, "accuracy": 0.9649159227735105}}}