{"gemma2-unmasked-middle": {"5": {"micro_precision": 0.8108298171589311, "micro_recall": 0.8453079178885631, "micro_f1": 0.8277099784637474, "accuracy": 0.9603479351148029}, "29": {"micro_precision": 0.8065201984408221, "micro_recall": 0.8343108504398827, "micro_f1": 0.8201801801801804, "accuracy": 0.9594859337042552}, "42": {"micro_precision": 0.7993031358885018, "micro_recall": 0.8409090909090909, "micro_f1": 0.8195784208645944, "accuracy": 0.960661390173184}, "81": {"micro_precision": 0.8008356545961003, "micro_recall": 0.843108504398827, "micro_f1": 0.8214285714285715, "accuracy": 0.9602695713502076}, "123": {"micro_precision": 0.8008356545961003, "micro_recall": 0.843108504398827, "micro_f1": 0.8214285714285715, "accuracy": 0.9602695713502076}}}