{"mistral-repeat-k-early-exit": {"5": {"micro_precision": 0.7694117647058824, "micro_recall": 0.7956204379562044, "micro_f1": 0.7822966507177035, "accuracy": 0.9622171476022421}, "29": {"micro_precision": 0.7975308641975308, "micro_recall": 0.7858880778588808, "micro_f1": 0.7916666666666666, "accuracy": 0.9632551380527299}, "42": {"micro_precision": 0.7839805825242718, "micro_recall": 0.7858880778588808, "micro_f1": 0.784933171324423, "accuracy": 0.9622171476022421}, "81": {"micro_precision": 0.7466367713004485, "micro_recall": 0.8102189781021898, "micro_f1": 0.7771295215869312, "accuracy": 0.9609715590616567}, "123": {"micro_precision": 0.7511415525114156, "micro_recall": 0.8004866180048662, "micro_f1": 0.7750294464075383, "accuracy": 0.9601411667012664}}}