{"qwen3-unmasked": {"5": {"micro_precision": 0.7117794486215538, "micro_recall": 0.6909975669099757, "micro_f1": 0.7012345679012346, "accuracy": 0.9510068507369732}, "29": {"micro_precision": 0.680952380952381, "micro_recall": 0.6958637469586375, "micro_f1": 0.6883273164861613, "accuracy": 0.9474776832053146}, "42": {"micro_precision": 0.7081339712918661, "micro_recall": 0.7201946472019465, "micro_f1": 0.7141133896260554, "accuracy": 0.9526676354577538}, "81": {"micro_precision": 0.707808564231738, "micro_recall": 0.683698296836983, "micro_f1": 0.6955445544554456, "accuracy": 0.9503840564666806}, "123": {"micro_precision": 0.719047619047619, "micro_recall": 0.7347931873479319, "micro_f1": 0.7268351383874849, "accuracy": 0.9524600373676562}}}