{"mistral-repeat-k-early-exit": {"5": {"micro_precision": 0.810126582278481, "micro_recall": 0.7785888077858881, "micro_f1": 0.7940446650124069, "accuracy": 0.9659539132239984}, "29": {"micro_precision": 0.8097560975609757, "micro_recall": 0.8077858880778589, "micro_f1": 0.8087697929354446, "accuracy": 0.9678222960348765}, "42": {"micro_precision": 0.7975609756097561, "micro_recall": 0.7956204379562044, "micro_f1": 0.7965895249695494, "accuracy": 0.9645007265933153}, "81": {"micro_precision": 0.7874396135265701, "micro_recall": 0.7931873479318735, "micro_f1": 0.7903030303030303, "accuracy": 0.9634627361428275}, "123": {"micro_precision": 0.7975609756097561, "micro_recall": 0.7956204379562044, "micro_f1": 0.7965895249695494, "accuracy": 0.9653311189537056}}}