{"mistral-repeat-k-early-exit": {"5": {"micro_precision": 0.7975609756097561, "micro_recall": 0.7956204379562044, "micro_f1": 0.7965895249695494, "accuracy": 0.9645007265933153}, "29": {"micro_precision": 0.7780373831775701, "micro_recall": 0.8102189781021898, "micro_f1": 0.793802145411204, "accuracy": 0.9640855304131202}, "42": {"micro_precision": 0.8072916666666666, "micro_recall": 0.754257907542579, "micro_f1": 0.7798742138364778, "accuracy": 0.963670334232925}, "81": {"micro_precision": 0.7833333333333333, "micro_recall": 0.8004866180048662, "micro_f1": 0.7918170878459688, "accuracy": 0.9642931285032178}, "123": {"micro_precision": 0.7723004694835681, "micro_recall": 0.8004866180048662, "micro_f1": 0.7861409796893669, "accuracy": 0.9630475399626324}}}