{"qwen3-unmasked": {"5": {"micro_precision": 0.7842586085734364, "micro_recall": 0.8181818181818182, "micro_f1": 0.8008611410118406, "accuracy": 0.9580753859415406}, "29": {"micro_precision": 0.7843971631205674, "micro_recall": 0.8108504398826979, "micro_f1": 0.7974044700793079, "accuracy": 0.9559595642974689}, "42": {"micro_precision": 0.8061674008810573, "micro_recall": 0.8049853372434017, "micro_f1": 0.8055759354365369, "accuracy": 0.9568999294726118}, "81": {"micro_precision": 0.774260151410874, "micro_recall": 0.8247800586510264, "micro_f1": 0.7987220447284346, "accuracy": 0.9572917482955882}, "123": {"micro_precision": 0.784549964564139, "micro_recall": 0.8115835777126099, "micro_f1": 0.7978378378378378, "accuracy": 0.9577619308831596}}}