{"qwen3-repeat-k": {"5": {"micro_precision": 0.7219730941704036, "micro_recall": 0.7834549878345499, "micro_f1": 0.7514585764294048, "accuracy": 0.9559892048993149}, "29": {"micro_precision": 0.7446808510638298, "micro_recall": 0.7664233576642335, "micro_f1": 0.7553956834532374, "accuracy": 0.9591031762507785}, "42": {"micro_precision": 0.7354988399071926, "micro_recall": 0.7712895377128953, "micro_f1": 0.7529691211401425, "accuracy": 0.9568195972597052}, "81": {"micro_precision": 0.8015463917525774, "micro_recall": 0.7566909975669099, "micro_f1": 0.7784730913642052, "accuracy": 0.9620095495121445}, "123": {"micro_precision": 0.7559241706161137, "micro_recall": 0.7761557177615572, "micro_f1": 0.765906362545018, "accuracy": 0.9605563628814615}}}