{"qwen3-repeat-k-early-exit": {"5": {"micro_precision": 0.6494382022471911, "micro_recall": 0.7031630170316302, "micro_f1": 0.6752336448598132, "accuracy": 0.9451941042142412}, "29": {"micro_precision": 0.6800947867298578, "micro_recall": 0.6982968369829684, "micro_f1": 0.6890756302521008, "accuracy": 0.9468548889350218}, "42": {"micro_precision": 0.6965699208443272, "micro_recall": 0.6423357664233577, "micro_f1": 0.6683544303797467, "accuracy": 0.9462320946647291}, "81": {"micro_precision": 0.672544080604534, "micro_recall": 0.6496350364963503, "micro_f1": 0.6608910891089108, "accuracy": 0.9447789080340461}, "123": {"micro_precision": 0.6859903381642513, "micro_recall": 0.6909975669099757, "micro_f1": 0.6884848484848486, "accuracy": 0.9474776832053146}}}