{"mistral-unmasked": {"5": {"micro_precision": 0.7970660146699267, "micro_recall": 0.7931873479318735, "micro_f1": 0.7951219512195121, "accuracy": 0.9651235208636081}, "29": {"micro_precision": 0.7900943396226415, "micro_recall": 0.8150851581508516, "micro_f1": 0.8023952095808383, "accuracy": 0.9663691094041935}, "42": {"micro_precision": 0.7894736842105263, "micro_recall": 0.8029197080291971, "micro_f1": 0.796139927623643, "accuracy": 0.9647083246834129}, "81": {"micro_precision": 0.7955665024630542, "micro_recall": 0.7858880778588808, "micro_f1": 0.7906976744186046, "accuracy": 0.9618019514220469}, "123": {"micro_precision": 0.780952380952381, "micro_recall": 0.7980535279805353, "micro_f1": 0.789410348977136, "accuracy": 0.963670334232925}}}