{"mistral-repeat-k-early-exit": {"5": {"micro_precision": 0.7943358057990559, "micro_recall": 0.8636363636363636, "micro_f1": 0.8275377590446085, "accuracy": 0.9622286654650889}, "29": {"micro_precision": 0.8228206945428774, "micro_recall": 0.8511730205278593, "micro_f1": 0.8367567567567568, "accuracy": 0.9640310320507797}, "42": {"micro_precision": 0.8312056737588652, "micro_recall": 0.8592375366568915, "micro_f1": 0.8449891852919972, "accuracy": 0.9659117624010658}, "81": {"micro_precision": 0.8262411347517731, "micro_recall": 0.8541055718475073, "micro_f1": 0.839942321557318, "accuracy": 0.9652848522843037}, "123": {"micro_precision": 0.827512473271561, "micro_recall": 0.8511730205278593, "micro_f1": 0.839176002891218, "accuracy": 0.9646579421675417}}}