{"gemma2-repeat-k": {"5": {"micro_precision": 0.8233618233618234, "micro_recall": 0.8475073313782991, "micro_f1": 0.8352601156069364, "accuracy": 0.9635608494632082}, "29": {"micro_precision": 0.8151862464183381, "micro_recall": 0.8343108504398827, "micro_f1": 0.8246376811594204, "accuracy": 0.9623070292296841}, "42": {"micro_precision": 0.8327053504144687, "micro_recall": 0.8101173020527859, "micro_f1": 0.8212560386473429, "accuracy": 0.9605046626439934}, "81": {"micro_precision": 0.8105413105413105, "micro_recall": 0.8343108504398827, "micro_f1": 0.8222543352601156, "accuracy": 0.9619152104067079}, "123": {"micro_precision": 0.8136690647482014, "micro_recall": 0.8291788856304986, "micro_f1": 0.8213507625272332, "accuracy": 0.9617584828775174}}}