{"qwen3-repeat-k-early-exit": {"5": {"micro_precision": 0.6985242445537596, "micro_recall": 0.7287390029325513, "micro_f1": 0.7133118048080372, "accuracy": 0.9425593605516809}, "29": {"micro_precision": 0.7160142348754448, "micro_recall": 0.7375366568914956, "micro_f1": 0.726616106897797, "accuracy": 0.9432646344330382}, "42": {"micro_precision": 0.691358024691358, "micro_recall": 0.7800586510263929, "micro_f1": 0.7330347915949018, "accuracy": 0.9436564532560144}, "81": {"micro_precision": 0.7174071376547706, "micro_recall": 0.7221407624633431, "micro_f1": 0.7197661673364998, "accuracy": 0.9424809967870856}, "123": {"micro_precision": 0.6841032608695652, "micro_recall": 0.7382697947214076, "micro_f1": 0.7101551480959097, "accuracy": 0.9399733563200376}}}