{"qwen3-repeat-k-early-exit": {"5": {"micro_precision": 0.6617954070981211, "micro_recall": 0.7712895377128953, "micro_f1": 0.7123595505617977, "accuracy": 0.9510068507369732}, "29": {"micro_precision": 0.6781609195402298, "micro_recall": 0.7177615571776156, "micro_f1": 0.6973995271867613, "accuracy": 0.9476852812954121}, "42": {"micro_precision": 0.7242268041237113, "micro_recall": 0.683698296836983, "micro_f1": 0.7033792240300375, "accuracy": 0.9485156736558024}, "81": {"micro_precision": 0.7265822784810126, "micro_recall": 0.6982968369829684, "micro_f1": 0.7121588089330025, "accuracy": 0.9497612621963878}, "123": {"micro_precision": 0.6523605150214592, "micro_recall": 0.7396593673965937, "micro_f1": 0.69327251995439, "accuracy": 0.9456093003944364}}}