{"qwen3": {"5": {"micro_precision": 0.6370192307692307, "micro_recall": 0.6447688564476886, "micro_f1": 0.6408706166868198, "accuracy": 0.9416649366825826}, "29": {"micro_precision": 0.6448362720403022, "micro_recall": 0.6228710462287105, "micro_f1": 0.6336633663366337, "accuracy": 0.9393813576915092}, "42": {"micro_precision": 0.6243781094527363, "micro_recall": 0.610705596107056, "micro_f1": 0.6174661746617466, "accuracy": 0.9393813576915092}, "81": {"micro_precision": 0.633495145631068, "micro_recall": 0.635036496350365, "micro_f1": 0.6342648845686513, "accuracy": 0.9410421424122898}, "123": {"micro_precision": 0.5957446808510638, "micro_recall": 0.6131386861313869, "micro_f1": 0.60431654676259, "accuracy": 0.9381357691509238}}}