{"qwen3-repeat-k-early-exit": {"5": {"micro_precision": 0.6805555555555556, "micro_recall": 0.7153284671532847, "micro_f1": 0.697508896797153, "accuracy": 0.9485156736558024}, "29": {"micro_precision": 0.6674876847290641, "micro_recall": 0.6593673965936739, "micro_f1": 0.6634026927784578, "accuracy": 0.9456093003944364}, "42": {"micro_precision": 0.615866388308977, "micro_recall": 0.7177615571776156, "micro_f1": 0.6629213483146067, "accuracy": 0.9402117500518995}, "81": {"micro_precision": 0.6926829268292682, "micro_recall": 0.6909975669099757, "micro_f1": 0.6918392204628502, "accuracy": 0.9497612621963878}, "123": {"micro_precision": 0.6541176470588236, "micro_recall": 0.6763990267639902, "micro_f1": 0.6650717703349283, "accuracy": 0.9449865061241437}}}