{"qwen3-repeat-k": {"5": {"micro_precision": 0.732739420935412, "micro_recall": 0.8004866180048662, "micro_f1": 0.7651162790697675, "accuracy": 0.9582727838903882}, "29": {"micro_precision": 0.7223427331887202, "micro_recall": 0.8102189781021898, "micro_f1": 0.7637614678899083, "accuracy": 0.9574423915299979}, "42": {"micro_precision": 0.7601918465227818, "micro_recall": 0.7712895377128953, "micro_f1": 0.7657004830917874, "accuracy": 0.9595183724309736}, "81": {"micro_precision": 0.7392344497607656, "micro_recall": 0.7518248175182481, "micro_f1": 0.7454764776839565, "accuracy": 0.954951214448827}, "123": {"micro_precision": 0.7695961995249406, "micro_recall": 0.7883211678832117, "micro_f1": 0.7788461538461539, "accuracy": 0.9613867552418518}}}