{"mistral-repeat-k-early-exit": {"5": {"micro_precision": 0.775609756097561, "micro_recall": 0.7737226277372263, "micro_f1": 0.7746650426309379, "accuracy": 0.9603487647913639}, "29": {"micro_precision": 0.7772397094430993, "micro_recall": 0.781021897810219, "micro_f1": 0.7791262135922331, "accuracy": 0.9615943533319493}, "42": {"micro_precision": 0.7932692307692307, "micro_recall": 0.8029197080291971, "micro_f1": 0.7980652962515115, "accuracy": 0.963670334232925}, "81": {"micro_precision": 0.7884130982367759, "micro_recall": 0.7615571776155717, "micro_f1": 0.7747524752475248, "accuracy": 0.9613867552418518}, "123": {"micro_precision": 0.7570754716981132, "micro_recall": 0.781021897810219, "micro_f1": 0.7688622754491018, "accuracy": 0.960763960971559}}}