{"mistral": {"5": {"micro_precision": 0.6545454545454545, "micro_recall": 0.7007299270072993, "micro_f1": 0.6768507638072856, "accuracy": 0.9481004774756072}, "29": {"micro_precision": 0.6799007444168734, "micro_recall": 0.6666666666666666, "micro_f1": 0.6732186732186732, "accuracy": 0.9491384679260951}, "42": {"micro_precision": 0.653012048192771, "micro_recall": 0.6593673965936739, "micro_f1": 0.6561743341404358, "accuracy": 0.9451941042142412}, "81": {"micro_precision": 0.6763285024154589, "micro_recall": 0.681265206812652, "micro_f1": 0.6787878787878788, "accuracy": 0.9505916545567781}, "123": {"micro_precision": 0.6601941747572816, "micro_recall": 0.6618004866180048, "micro_f1": 0.660996354799514, "accuracy": 0.9468548889350218}}}