{"qwen3": {"5": {"micro_precision": 0.5789473684210527, "micro_recall": 0.6155717761557178, "micro_f1": 0.5966981132075472, "accuracy": 0.9356445920697529}, "29": {"micro_precision": 0.5967365967365967, "micro_recall": 0.6228710462287105, "micro_f1": 0.6095238095238096, "accuracy": 0.9375129748806311}, "42": {"micro_precision": 0.6057692307692307, "micro_recall": 0.6131386861313869, "micro_f1": 0.6094316807738814, "accuracy": 0.9354369939796554}, "81": {"micro_precision": 0.5823665893271461, "micro_recall": 0.610705596107056, "micro_f1": 0.5961995249406176, "accuracy": 0.9350217977994603}, "123": {"micro_precision": 0.6033653846153846, "micro_recall": 0.610705596107056, "micro_f1": 0.6070133010882708, "accuracy": 0.9350217977994603}}}