{"gemma-repeat-k": {"5": {"micro_precision": 0.7766749379652605, "micro_recall": 0.7615571776155717, "micro_f1": 0.769041769041769, "accuracy": 0.9613867552418518}, "29": {"micro_precision": 0.7725118483412322, "micro_recall": 0.7931873479318735, "micro_f1": 0.7827130852340937, "accuracy": 0.9630475399626324}, "42": {"micro_precision": 0.7894736842105263, "micro_recall": 0.7664233576642335, "micro_f1": 0.7777777777777777, "accuracy": 0.960763960971559}, "81": {"micro_precision": 0.7346491228070176, "micro_recall": 0.8150851581508516, "micro_f1": 0.7727797001153403, "accuracy": 0.9591031762507785}, "123": {"micro_precision": 0.7688564476885644, "micro_recall": 0.7688564476885644, "micro_f1": 0.7688564476885645, "accuracy": 0.9599335686111687}}}