{"gemma2-repeat-k": {"5": {"micro_precision": 0.7782909930715936, "micro_recall": 0.8199513381995134, "micro_f1": 0.7985781990521327, "accuracy": 0.9653311189537056}, "29": {"micro_precision": 0.7966101694915254, "micro_recall": 0.8004866180048662, "micro_f1": 0.7985436893203883, "accuracy": 0.966576707494291}, "42": {"micro_precision": 0.755656108597285, "micro_recall": 0.8126520681265207, "micro_f1": 0.783118405627198, "accuracy": 0.9630475399626324}, "81": {"micro_precision": 0.7633410672853829, "micro_recall": 0.8004866180048662, "micro_f1": 0.7814726840855107, "accuracy": 0.9618019514220469}, "123": {"micro_precision": 0.7686915887850467, "micro_recall": 0.8004866180048662, "micro_f1": 0.7842669845053635, "accuracy": 0.9647083246834129}}}