{"gemma2": {"5": {"micro_precision": 0.6989898989898989, "micro_recall": 0.7609970674486803, "micro_f1": 0.7286767286767287, "accuracy": 0.9445184546665621}, "29": {"micro_precision": 0.7163865546218487, "micro_recall": 0.75, "micro_f1": 0.732808022922636, "accuracy": 0.9462424574876577}, "42": {"micro_precision": 0.706049822064057, "micro_recall": 0.7272727272727273, "micro_f1": 0.7165041531238715, "accuracy": 0.9430295431392524}, "81": {"micro_precision": 0.7136690647482015, "micro_recall": 0.7272727272727273, "micro_f1": 0.7204066811909948, "accuracy": 0.9447535459603479}, "123": {"micro_precision": 0.7016971279373369, "micro_recall": 0.7881231671554252, "micro_f1": 0.742403314917127, "accuracy": 0.9456155473708957}}}