{"qwen3-repeat-k": {"5": {"micro_precision": 0.7615571776155717, "micro_recall": 0.7615571776155717, "micro_f1": 0.7615571776155717, "accuracy": 0.9572347934399004}, "29": {"micro_precision": 0.7389277389277389, "micro_recall": 0.7712895377128953, "micro_f1": 0.7547619047619046, "accuracy": 0.9551588125389247}, "42": {"micro_precision": 0.7270531400966184, "micro_recall": 0.732360097323601, "micro_f1": 0.7296969696969697, "accuracy": 0.9547436163587295}, "81": {"micro_precision": 0.7630331753554502, "micro_recall": 0.7834549878345499, "micro_f1": 0.773109243697479, "accuracy": 0.9597259705210712}, "123": {"micro_precision": 0.7405660377358491, "micro_recall": 0.7639902676399026, "micro_f1": 0.7520958083832334, "accuracy": 0.9572347934399004}}}