{"mistral-repeat-k-early-exit": {"5": {"micro_precision": 0.7785817655571635, "micro_recall": 0.7888563049853372, "micro_f1": 0.7836853605243991, "accuracy": 0.9547057440639448}, "29": {"micro_precision": 0.7976625273922571, "micro_recall": 0.8005865102639296, "micro_f1": 0.7991218441273327, "accuracy": 0.9573701120601834}, "42": {"micro_precision": 0.7563139931740614, "micro_recall": 0.8123167155425219, "micro_f1": 0.783315659243549, "accuracy": 0.9540788339471828}, "81": {"micro_precision": 0.7653203342618384, "micro_recall": 0.8057184750733137, "micro_f1": 0.7849999999999999, "accuracy": 0.9548624715931353}, "123": {"micro_precision": 0.768384879725086, "micro_recall": 0.8196480938416423, "micro_f1": 0.7931890741397659, "accuracy": 0.9559595642974689}}}