{"qwen3-repeat-k": {"5": {"micro_precision": 0.7521710086840347, "micro_recall": 0.8255131964809385, "micro_f1": 0.7871373645578469, "accuracy": 0.9543922890055638}, "29": {"micro_precision": 0.770042194092827, "micro_recall": 0.8027859237536656, "micro_f1": 0.786073223259153, "accuracy": 0.9544706527701591}, "42": {"micro_precision": 0.7864619678995115, "micro_recall": 0.8262463343108505, "micro_f1": 0.8058634250983195, "accuracy": 0.9568999294726118}, "81": {"micro_precision": 0.7833806818181818, "micro_recall": 0.8086510263929618, "micro_f1": 0.7958152958152959, "accuracy": 0.9563513831204451}, "123": {"micro_precision": 0.78113750899928, "micro_recall": 0.7954545454545454, "micro_f1": 0.7882310207046858, "accuracy": 0.9546273802993496}}}