{"mistral-repeat-k-early-exit": {"5": {"micro_precision": 0.7192118226600985, "micro_recall": 0.7104622871046229, "micro_f1": 0.714810281517748, "accuracy": 0.9534980278181441}, "29": {"micro_precision": 0.7333333333333333, "micro_recall": 0.7226277372262774, "micro_f1": 0.7279411764705882, "accuracy": 0.9555740087191198}, "42": {"micro_precision": 0.7087155963302753, "micro_recall": 0.7518248175182481, "micro_f1": 0.7296340023612751, "accuracy": 0.9532904297280465}, "81": {"micro_precision": 0.7053364269141531, "micro_recall": 0.7396593673965937, "micro_f1": 0.7220902612826603, "accuracy": 0.9545360182686319}, "123": {"micro_precision": 0.7189695550351288, "micro_recall": 0.7469586374695864, "micro_f1": 0.7326968973747017, "accuracy": 0.9555740087191198}}}