{"gemma-repeat-k": {"5": {"micro_precision": 0.7897310513447433, "micro_recall": 0.7858880778588808, "micro_f1": 0.7878048780487805, "accuracy": 0.9626323437824372}, "29": {"micro_precision": 0.7114914425427873, "micro_recall": 0.708029197080292, "micro_f1": 0.7097560975609756, "accuracy": 0.9537056259082416}, "42": {"micro_precision": 0.7414187643020596, "micro_recall": 0.7883211678832117, "micro_f1": 0.7641509433962264, "accuracy": 0.9582727838903882}, "81": {"micro_precision": 0.781021897810219, "micro_recall": 0.781021897810219, "micro_f1": 0.781021897810219, "accuracy": 0.9626323437824372}, "123": {"micro_precision": 0.7766749379652605, "micro_recall": 0.7615571776155717, "micro_f1": 0.769041769041769, "accuracy": 0.9586879800705833}}}