{"gemma-unmasked": {"5": {"micro_precision": 0.7189873417721518, "micro_recall": 0.6909975669099757, "micro_f1": 0.7047146401985113, "accuracy": 0.9501764583765829}, "29": {"micro_precision": 0.7444717444717445, "micro_recall": 0.7372262773722628, "micro_f1": 0.7408312958435208, "accuracy": 0.9551588125389247}, "42": {"micro_precision": 0.6401869158878505, "micro_recall": 0.6666666666666666, "micro_f1": 0.6531585220500596, "accuracy": 0.9439485156736558}, "81": {"micro_precision": 0.7493670886075949, "micro_recall": 0.7201946472019465, "micro_f1": 0.7344913151364765, "accuracy": 0.9532904297280465}, "123": {"micro_precision": 0.6699751861042184, "micro_recall": 0.656934306569343, "micro_f1": 0.6633906633906634, "accuracy": 0.9456093003944364}}}