{"mistral-repeat-k-early-exit": {"5": {"micro_precision": 0.7681159420289855, "micro_recall": 0.7737226277372263, "micro_f1": 0.7709090909090909, "accuracy": 0.9626323437824372}, "29": {"micro_precision": 0.7741176470588236, "micro_recall": 0.8004866180048662, "micro_f1": 0.7870813397129187, "accuracy": 0.9615943533319493}, "42": {"micro_precision": 0.7921760391198044, "micro_recall": 0.7883211678832117, "micro_f1": 0.7902439024390244, "accuracy": 0.9634627361428275}, "81": {"micro_precision": 0.7692307692307693, "micro_recall": 0.8029197080291971, "micro_f1": 0.7857142857142857, "accuracy": 0.9626323437824372}, "123": {"micro_precision": 0.7801932367149759, "micro_recall": 0.7858880778588808, "micro_f1": 0.7830303030303031, "accuracy": 0.9620095495121445}}}