{"gemma2": {"5": {"micro_precision": 0.6976744186046512, "micro_recall": 0.7478005865102639, "micro_f1": 0.7218683651804672, "accuracy": 0.943186270668443}, "29": {"micro_precision": 0.682845744680851, "micro_recall": 0.7529325513196481, "micro_f1": 0.7161785216178521, "accuracy": 0.9435780894914192}, "42": {"micro_precision": 0.7103064066852368, "micro_recall": 0.7478005865102639, "micro_f1": 0.7285714285714286, "accuracy": 0.9438915445498002}, "81": {"micro_precision": 0.6739974126778784, "micro_recall": 0.7639296187683284, "micro_f1": 0.7161512027491409, "accuracy": 0.9431079069038477}, "123": {"micro_precision": 0.6948453608247422, "micro_recall": 0.7412023460410557, "micro_f1": 0.7172756296559063, "accuracy": 0.9420891779641094}}}