{"qwen3-repeat-k": {"5": {"micro_precision": 0.7589498806682577, "micro_recall": 0.7737226277372263, "micro_f1": 0.7662650602409639, "accuracy": 0.9601411667012664}, "29": {"micro_precision": 0.7488038277511961, "micro_recall": 0.7615571776155717, "micro_f1": 0.7551266586248492, "accuracy": 0.9566119991696076}, "42": {"micro_precision": 0.7523364485981309, "micro_recall": 0.7834549878345499, "micro_f1": 0.7675804529201431, "accuracy": 0.9580651858002907}, "81": {"micro_precision": 0.7476635514018691, "micro_recall": 0.7785888077858881, "micro_f1": 0.7628128724672228, "accuracy": 0.9603487647913639}, "123": {"micro_precision": 0.7374429223744292, "micro_recall": 0.7858880778588808, "micro_f1": 0.7608951707891638, "accuracy": 0.9570271953498027}}}