{"mistral-repeat-k-early-exit": {"5": {"micro_precision": 0.8134381701215153, "micro_recall": 0.8343108504398827, "micro_f1": 0.8237423090843287, "accuracy": 0.9613666640545412}, "29": {"micro_precision": 0.809322033898305, "micro_recall": 0.8401759530791789, "micro_f1": 0.8244604316546763, "accuracy": 0.9619152104067079}, "42": {"micro_precision": 0.791578947368421, "micro_recall": 0.8269794721407625, "micro_f1": 0.8088920760129078, "accuracy": 0.9590157511166837}, "81": {"micro_precision": 0.80083857442348, "micro_recall": 0.8401759530791789, "micro_f1": 0.820035778175313, "accuracy": 0.960661390173184}, "123": {"micro_precision": 0.7955493741307371, "micro_recall": 0.8387096774193549, "micro_f1": 0.8165596002855103, "accuracy": 0.9593292061750647}}}