{"qwen3-repeat-k-early-exit": {"5": {"micro_precision": 0.7167785234899329, "micro_recall": 0.782991202346041, "micro_f1": 0.7484232655921514, "accuracy": 0.9470260951336102}, "29": {"micro_precision": 0.7227979274611399, "micro_recall": 0.8181818181818182, "micro_f1": 0.7675378266850068, "accuracy": 0.9495337356006582}, "42": {"micro_precision": 0.7478753541076487, "micro_recall": 0.7741935483870968, "micro_f1": 0.7608069164265129, "accuracy": 0.9484366428963248}, "81": {"micro_precision": 0.744345442083619, "micro_recall": 0.7961876832844574, "micro_f1": 0.7693942614240171, "accuracy": 0.9506308283049918}, "123": {"micro_precision": 0.7797010228166797, "micro_recall": 0.7265395894428153, "micro_f1": 0.7521821631878557, "accuracy": 0.948828461719301}}}