{"qwen3-repeat-k": {"5": {"micro_precision": 0.7944862155388471, "micro_recall": 0.7712895377128953, "micro_f1": 0.7827160493827161, "accuracy": 0.9595183724309736}, "29": {"micro_precision": 0.7926829268292683, "micro_recall": 0.7907542579075426, "micro_f1": 0.7917174177831913, "accuracy": 0.9624247456923396}, "42": {"micro_precision": 0.7345537757437071, "micro_recall": 0.781021897810219, "micro_f1": 0.7570754716981133, "accuracy": 0.9570271953498027}, "81": {"micro_precision": 0.7917675544794189, "micro_recall": 0.7956204379562044, "micro_f1": 0.7936893203883496, "accuracy": 0.9642931285032178}, "123": {"micro_precision": 0.7970660146699267, "micro_recall": 0.7931873479318735, "micro_f1": 0.7951219512195121, "accuracy": 0.9638779323230227}}}