{"mistral-repeat-k": {"5": {"micro_precision": 0.7865707434052758, "micro_recall": 0.7980535279805353, "micro_f1": 0.7922705314009663, "accuracy": 0.9628399418725347}, "29": {"micro_precision": 0.7764705882352941, "micro_recall": 0.8029197080291971, "micro_f1": 0.7894736842105263, "accuracy": 0.9630475399626324}, "42": {"micro_precision": 0.7876543209876543, "micro_recall": 0.7761557177615572, "micro_f1": 0.7818627450980392, "accuracy": 0.9622171476022421}, "81": {"micro_precision": 0.8034825870646766, "micro_recall": 0.7858880778588808, "micro_f1": 0.7945879458794589, "accuracy": 0.9667843055843887}, "123": {"micro_precision": 0.7867647058823529, "micro_recall": 0.781021897810219, "micro_f1": 0.783882783882784, "accuracy": 0.9640855304131202}}}