{"mistral-repeat-k-early-exit": {"5": {"micro_precision": 0.8269230769230769, "micro_recall": 0.8511730205278593, "micro_f1": 0.8388728323699421, "accuracy": 0.9639526682861844}, "29": {"micro_precision": 0.8265524625267666, "micro_recall": 0.8489736070381232, "micro_f1": 0.8376130198915008, "accuracy": 0.9638743045215892}, "42": {"micro_precision": 0.8123249299719888, "micro_recall": 0.8504398826979472, "micro_f1": 0.830945558739255, "accuracy": 0.9626204842880652}, "81": {"micro_precision": 0.8279103398409255, "micro_recall": 0.8394428152492669, "micro_f1": 0.833636694575901, "accuracy": 0.963482485698613}, "123": {"micro_precision": 0.8377192982456141, "micro_recall": 0.8401759530791789, "micro_f1": 0.8389458272327965, "accuracy": 0.9638743045215892}}}