{"gemma2-repeat-k": {"5": {"micro_precision": 0.8346686088856519, "micro_recall": 0.8401759530791789, "micro_f1": 0.8374132261600291, "accuracy": 0.9639526682861844}, "29": {"micro_precision": 0.8264285714285714, "micro_recall": 0.8482404692082112, "micro_f1": 0.8371924746743848, "accuracy": 0.9634041219340177}, "42": {"micro_precision": 0.8119533527696793, "micro_recall": 0.8167155425219942, "micro_f1": 0.814327485380117, "accuracy": 0.9592508424104694}, "81": {"micro_precision": 0.8192090395480226, "micro_recall": 0.8504398826979472, "micro_f1": 0.8345323741007195, "accuracy": 0.963482485698613}, "123": {"micro_precision": 0.814555633310007, "micro_recall": 0.8533724340175953, "micro_f1": 0.8335123523093447, "accuracy": 0.962855575581851}}}