{"qwen3-unmasked": {"5": {"micro_precision": 0.7259414225941423, "micro_recall": 0.7631964809384164, "micro_f1": 0.7441029306647606, "accuracy": 0.9463208212522529}, "29": {"micro_precision": 0.7694503925767309, "micro_recall": 0.7903225806451613, "micro_f1": 0.779746835443038, "accuracy": 0.9530601050074445}, "42": {"micro_precision": 0.7285714285714285, "micro_recall": 0.7478005865102639, "micro_f1": 0.7380607814761216, "accuracy": 0.9460857299584672}, "81": {"micro_precision": 0.7280163599182005, "micro_recall": 0.782991202346041, "micro_f1": 0.7545037089367714, "accuracy": 0.9479664603087532}, "123": {"micro_precision": 0.7295423023578363, "micro_recall": 0.7712609970674487, "micro_f1": 0.7498218104062724, "accuracy": 0.9470260951336102}}}