{"mistral-unmasked-middle": {"5": {"micro_precision": 0.8238719068413392, "micro_recall": 0.8299120234604106, "micro_f1": 0.8268809349890432, "accuracy": 0.9618368466421127}, "29": {"micro_precision": 0.8053408292340126, "micro_recall": 0.8401759530791789, "micro_f1": 0.8223896663078579, "accuracy": 0.9619152104067079}, "42": {"micro_precision": 0.8259023354564756, "micro_recall": 0.8555718475073314, "micro_f1": 0.8404753330932663, "accuracy": 0.9641877595799703}, "81": {"micro_precision": 0.8232727272727273, "micro_recall": 0.8299120234604106, "micro_f1": 0.8265790434465133, "accuracy": 0.9610532089961602}, "123": {"micro_precision": 0.838398813936249, "micro_recall": 0.8291788856304986, "micro_f1": 0.8337633615923332, "accuracy": 0.963482485698613}}}