{"gemma": {"5": {"micro_precision": 0.7064471879286695, "micro_recall": 0.7551319648093842, "micro_f1": 0.7299787384833452, "accuracy": 0.9454588198417052}, "29": {"micro_precision": 0.7123862841147656, "micro_recall": 0.7463343108504399, "micro_f1": 0.7289652703186537, "accuracy": 0.9456155473708957}, "42": {"micro_precision": 0.7194092827004219, "micro_recall": 0.75, "micro_f1": 0.7343862167982771, "accuracy": 0.94538045607711}, "81": {"micro_precision": 0.7000672494956288, "micro_recall": 0.7631964809384164, "micro_f1": 0.7302700806734479, "accuracy": 0.9452237285479195}, "123": {"micro_precision": 0.6968119713728042, "micro_recall": 0.7851906158357771, "micro_f1": 0.7383660806618407, "accuracy": 0.9438131807852049}}}