{"mistral-repeat-k-early-exit": {"5": {"micro_precision": 0.7697841726618705, "micro_recall": 0.781021897810219, "micro_f1": 0.7753623188405797, "accuracy": 0.9620095495121445}, "29": {"micro_precision": 0.7402298850574712, "micro_recall": 0.7834549878345499, "micro_f1": 0.7612293144208037, "accuracy": 0.9586879800705833}, "42": {"micro_precision": 0.7488151658767772, "micro_recall": 0.7688564476885644, "micro_f1": 0.758703481392557, "accuracy": 0.9576499896200955}, "81": {"micro_precision": 0.7629107981220657, "micro_recall": 0.7907542579075426, "micro_f1": 0.7765830346475509, "accuracy": 0.9603487647913639}, "123": {"micro_precision": 0.7303370786516854, "micro_recall": 0.7907542579075426, "micro_f1": 0.7593457943925234, "accuracy": 0.9570271953498027}}}