{"mistral-repeat-k-early-exit": {"5": {"micro_precision": 0.81169757489301, "micro_recall": 0.8343108504398827, "micro_f1": 0.8228488792480116, "accuracy": 0.9618368466421127}, "29": {"micro_precision": 0.8184438040345822, "micro_recall": 0.8328445747800587, "micro_f1": 0.8255813953488372, "accuracy": 0.9616801191129222}, "42": {"micro_precision": 0.8394428152492669, "micro_recall": 0.8394428152492669, "micro_f1": 0.8394428152492669, "accuracy": 0.9635608494632082}, "81": {"micro_precision": 0.826950354609929, "micro_recall": 0.8548387096774194, "micro_f1": 0.8406633020908435, "accuracy": 0.9651281247551132}, "123": {"micro_precision": 0.8240740740740741, "micro_recall": 0.8482404692082112, "micro_f1": 0.8359826589595376, "accuracy": 0.9635608494632082}}}