{"qwen3-unmasked-middle": {"5": {"micro_precision": 0.7924123120973514, "micro_recall": 0.8115835777126099, "micro_f1": 0.8018833755885548, "accuracy": 0.9579186584123501}, "29": {"micro_precision": 0.7951363301400147, "micro_recall": 0.7910557184750733, "micro_f1": 0.7930907754502021, "accuracy": 0.9557244730036831}, "42": {"micro_precision": 0.7981455064194009, "micro_recall": 0.8203812316715543, "micro_f1": 0.8091106290672451, "accuracy": 0.9589373873520884}, "81": {"micro_precision": 0.7963636363636364, "micro_recall": 0.8027859237536656, "micro_f1": 0.7995618838992333, "accuracy": 0.9574484758247787}, "123": {"micro_precision": 0.8130142109199701, "micro_recall": 0.7969208211143695, "micro_f1": 0.8048870788596816, "accuracy": 0.9580753859415406}}}