{"mistral-unmasked": {"5": {"micro_precision": 0.8170121515368121, "micro_recall": 0.8379765395894428, "micro_f1": 0.8273615635179153, "accuracy": 0.9616017553483269}, "29": {"micro_precision": 0.8149748020158387, "micro_recall": 0.8299120234604106, "micro_f1": 0.8223755902651653, "accuracy": 0.960974845231565}, "42": {"micro_precision": 0.8260244428468727, "micro_recall": 0.842375366568915, "micro_f1": 0.8341197822141562, "accuracy": 0.9629339393464462}, "81": {"micro_precision": 0.8240740740740741, "micro_recall": 0.8482404692082112, "micro_f1": 0.8359826589595376, "accuracy": 0.9630123031110415}, "123": {"micro_precision": 0.8284488920657612, "micro_recall": 0.8497067448680352, "micro_f1": 0.8389431777053926, "accuracy": 0.9637959407569939}}}