{"mistral-repeat-k-early-exit": {"5": {"micro_precision": 0.8201058201058201, "micro_recall": 0.754257907542579, "micro_f1": 0.7858048162230671, "accuracy": 0.9638779323230227}, "29": {"micro_precision": 0.7756563245823389, "micro_recall": 0.7907542579075426, "micro_f1": 0.783132530120482, "accuracy": 0.9620095495121445}, "42": {"micro_precision": 0.7775175644028103, "micro_recall": 0.8077858880778589, "micro_f1": 0.7923627684964202, "accuracy": 0.9622171476022421}, "81": {"micro_precision": 0.7933491686460807, "micro_recall": 0.8126520681265207, "micro_f1": 0.8028846153846153, "accuracy": 0.9645007265933153}, "123": {"micro_precision": 0.7259100642398287, "micro_recall": 0.8248175182481752, "micro_f1": 0.7722095671981778, "accuracy": 0.9593107743408761}}}