{"gemma2-unmasked": {"5": {"micro_precision": 0.8041907514450867, "micro_recall": 0.8159824046920822, "micro_f1": 0.8100436681222707, "accuracy": 0.9591724786458742}, "29": {"micro_precision": 0.805, "micro_recall": 0.8262463343108505, "micro_f1": 0.8154848046309696, "accuracy": 0.9600344800564219}, "42": {"micro_precision": 0.8081395348837209, "micro_recall": 0.8152492668621701, "micro_f1": 0.8116788321167884, "accuracy": 0.9587806598228978}, "81": {"micro_precision": 0.8131313131313131, "micro_recall": 0.8262463343108505, "micro_f1": 0.8196363636363637, "accuracy": 0.9607397539377792}, "123": {"micro_precision": 0.7957142857142857, "micro_recall": 0.8167155425219942, "micro_f1": 0.8060781476121563, "accuracy": 0.9568215657080166}}}