{"gemma-repeat-k": {"5": {"micro_precision": 0.7545871559633027, "micro_recall": 0.8004866180048662, "micro_f1": 0.7768595041322314, "accuracy": 0.9620095495121445}, "29": {"micro_precision": 0.7559808612440191, "micro_recall": 0.7688564476885644, "micro_f1": 0.7623642943305187, "accuracy": 0.9591031762507785}, "42": {"micro_precision": 0.784841075794621, "micro_recall": 0.781021897810219, "micro_f1": 0.7829268292682927, "accuracy": 0.9632551380527299}, "81": {"micro_precision": 0.7729468599033816, "micro_recall": 0.7785888077858881, "micro_f1": 0.7757575757575758, "accuracy": 0.9613867552418518}, "123": {"micro_precision": 0.8053333333333333, "micro_recall": 0.7347931873479319, "micro_f1": 0.7684478371501273, "accuracy": 0.9609715590616567}}}