{"qwen3-unmasked-middle": {"5": {"micro_precision": 0.7263922518159807, "micro_recall": 0.7299270072992701, "micro_f1": 0.7281553398058253, "accuracy": 0.9553664106290222}, "29": {"micro_precision": 0.7336343115124153, "micro_recall": 0.7907542579075426, "micro_f1": 0.7611241217798596, "accuracy": 0.9557816068092173}, "42": {"micro_precision": 0.7453271028037384, "micro_recall": 0.7761557177615572, "micro_f1": 0.7604290822407629, "accuracy": 0.9588955781606809}, "81": {"micro_precision": 0.7813333333333333, "micro_recall": 0.7128953771289538, "micro_f1": 0.7455470737913485, "accuracy": 0.9574423915299979}, "123": {"micro_precision": 0.7860824742268041, "micro_recall": 0.7420924574209246, "micro_f1": 0.7634543178973717, "accuracy": 0.9580651858002907}}}