{"qwen3-repeat-k-early-exit": {"5": {"micro_precision": 0.7289377289377289, "micro_recall": 0.7294721407624634, "micro_f1": 0.7292048369366068, "accuracy": 0.9449102734895385}, "29": {"micro_precision": 0.7135714285714285, "micro_recall": 0.7324046920821115, "micro_f1": 0.7228654124457309, "accuracy": 0.9430295431392524}, "42": {"micro_precision": 0.7120677487649965, "micro_recall": 0.7397360703812317, "micro_f1": 0.7256382596188421, "accuracy": 0.9432646344330382}, "81": {"micro_precision": 0.6768253968253968, "micro_recall": 0.781524926686217, "micro_f1": 0.7254168084382442, "accuracy": 0.9411488127889663}, "123": {"micro_precision": 0.6881496881496881, "micro_recall": 0.7280058651026393, "micro_f1": 0.7075169219807624, "accuracy": 0.9402084476138234}}}