{"qwen3-repeat-k": {"5": {"micro_precision": 0.7974413646055437, "micro_recall": 0.8225806451612904, "micro_f1": 0.8098159509202454, "accuracy": 0.9583104772353264}, "29": {"micro_precision": 0.781011781011781, "micro_recall": 0.8262463343108505, "micro_f1": 0.802992518703242, "accuracy": 0.9568999294726118}, "42": {"micro_precision": 0.804982206405694, "micro_recall": 0.8291788856304986, "micro_f1": 0.8169014084507041, "accuracy": 0.9592508424104694}, "81": {"micro_precision": 0.7872340425531915, "micro_recall": 0.8137829912023461, "micro_f1": 0.8002883922134102, "accuracy": 0.9566648381788261}, "123": {"micro_precision": 0.7558945908460472, "micro_recall": 0.7991202346041055, "micro_f1": 0.7769066286528867, "accuracy": 0.953530287595016}}}