{"qwen3-repeat-k-early-exit": {"5": {"micro_precision": 0.6570796460176991, "micro_recall": 0.7226277372262774, "micro_f1": 0.6882966396292005, "accuracy": 0.9481004774756072}, "29": {"micro_precision": 0.7178841309823678, "micro_recall": 0.6934306569343066, "micro_f1": 0.7054455445544555, "accuracy": 0.9470624870251194}, "42": {"micro_precision": 0.6997578692493946, "micro_recall": 0.7031630170316302, "micro_f1": 0.7014563106796116, "accuracy": 0.9485156736558024}, "81": {"micro_precision": 0.736, "micro_recall": 0.6715328467153284, "micro_f1": 0.7022900763358779, "accuracy": 0.9503840564666806}, "123": {"micro_precision": 0.6771300448430493, "micro_recall": 0.7347931873479319, "micro_f1": 0.704784130688448, "accuracy": 0.9474776832053146}}}