{"qwen3-repeat-k": {"5": {"micro_precision": 0.7021739130434783, "micro_recall": 0.7858880778588808, "micro_f1": 0.7416762342135477, "accuracy": 0.9539132239983392}, "29": {"micro_precision": 0.735981308411215, "micro_recall": 0.7664233576642335, "micro_f1": 0.7508939213349226, "accuracy": 0.9561968029894125}, "42": {"micro_precision": 0.7392344497607656, "micro_recall": 0.7518248175182481, "micro_f1": 0.7454764776839565, "accuracy": 0.9555740087191198}, "81": {"micro_precision": 0.7464114832535885, "micro_recall": 0.7591240875912408, "micro_f1": 0.7527141133896261, "accuracy": 0.9568195972597052}, "123": {"micro_precision": 0.7641277641277642, "micro_recall": 0.7566909975669099, "micro_f1": 0.7603911980440097, "accuracy": 0.9551588125389247}}}