{"gemma2-repeat-k": {"5": {"micro_precision": 0.8195804195804196, "micro_recall": 0.8592375366568915, "micro_f1": 0.838940586972083, "accuracy": 0.9637959407569939}, "29": {"micro_precision": 0.8335734870317003, "micro_recall": 0.8482404692082112, "micro_f1": 0.840843023255814, "accuracy": 0.9646579421675417}, "42": {"micro_precision": 0.8092198581560284, "micro_recall": 0.8365102639296188, "micro_f1": 0.8226387887527037, "accuracy": 0.9607397539377792}, "81": {"micro_precision": 0.8145833333333333, "micro_recall": 0.8599706744868035, "micro_f1": 0.8366619115549215, "accuracy": 0.9637959407569939}, "123": {"micro_precision": 0.8177995795374913, "micro_recall": 0.8555718475073314, "micro_f1": 0.8362594052311001, "accuracy": 0.9635608494632082}}}