{"mistral-repeat-k-early-exit": {"5": {"micro_precision": 0.8425720620842572, "micro_recall": 0.8357771260997068, "micro_f1": 0.8391608391608392, "accuracy": 0.9641877595799703}, "29": {"micro_precision": 0.8336917562724014, "micro_recall": 0.8526392961876833, "micro_f1": 0.8430590793765858, "accuracy": 0.9649713972259227}, "42": {"micro_precision": 0.8252148997134671, "micro_recall": 0.844574780058651, "micro_f1": 0.8347826086956522, "accuracy": 0.9630906668756367}, "81": {"micro_precision": 0.8244869072894551, "micro_recall": 0.8541055718475073, "micro_f1": 0.8390349297803384, "accuracy": 0.9641877595799703}, "123": {"micro_precision": 0.8212765957446808, "micro_recall": 0.8489736070381232, "micro_f1": 0.8348954578226386, "accuracy": 0.963482485698613}}}