{"qwen3-repeat-k": {"5": {"micro_precision": 0.7534722222222222, "micro_recall": 0.7954545454545454, "micro_f1": 0.773894436519258, "accuracy": 0.951336102186349}, "29": {"micro_precision": 0.757700205338809, "micro_recall": 0.8115835777126099, "micro_f1": 0.7837168141592921, "accuracy": 0.9524331948906826}, "42": {"micro_precision": 0.7422611036339165, "micro_recall": 0.8086510263929618, "micro_f1": 0.7740350877192982, "accuracy": 0.9526682861844683}, "81": {"micro_precision": 0.7592463363572924, "micro_recall": 0.7976539589442815, "micro_f1": 0.7779764032892383, "accuracy": 0.9525115586552778}, "123": {"micro_precision": 0.7397622192866579, "micro_recall": 0.8211143695014663, "micro_f1": 0.7783182765809591, "accuracy": 0.9512577384217538}}}