{"gemma-repeat-k": {"5": {"micro_precision": 0.8020679468242246, "micro_recall": 0.7961876832844574, "micro_f1": 0.7991169977924945, "accuracy": 0.9565864744142308}, "29": {"micro_precision": 0.8221594918842625, "micro_recall": 0.8541055718475073, "micro_f1": 0.8378281193815174, "accuracy": 0.963169030640232}, "42": {"micro_precision": 0.8228031953522149, "micro_recall": 0.8306451612903226, "micro_f1": 0.8267055819044145, "accuracy": 0.9602695713502076}, "81": {"micro_precision": 0.7918065815983881, "micro_recall": 0.8643695014662757, "micro_f1": 0.8264984227129337, "accuracy": 0.9608964814669697}, "123": {"micro_precision": 0.813633067440174, "micro_recall": 0.8225806451612904, "micro_f1": 0.8180823915421072, "accuracy": 0.9589373873520884}}}