{"gemma2-repeat-k": {"5": {"micro_precision": 0.7883211678832117, "micro_recall": 0.7883211678832117, "micro_f1": 0.7883211678832118, "accuracy": 0.9647083246834129}, "29": {"micro_precision": 0.7919799498746867, "micro_recall": 0.7688564476885644, "micro_f1": 0.7802469135802468, "accuracy": 0.963670334232925}, "42": {"micro_precision": 0.7647058823529411, "micro_recall": 0.7907542579075426, "micro_f1": 0.777511961722488, "accuracy": 0.9603487647913639}, "81": {"micro_precision": 0.7863849765258216, "micro_recall": 0.8150851581508516, "micro_f1": 0.8004778972520907, "accuracy": 0.963670334232925}, "123": {"micro_precision": 0.7922705314009661, "micro_recall": 0.7980535279805353, "micro_f1": 0.7951515151515152, "accuracy": 0.963670334232925}}}