{"qwen3-repeat-k": {"5": {"micro_precision": 0.7954230235783634, "micro_recall": 0.8409090909090909, "micro_f1": 0.8175338560228083, "accuracy": 0.9594075699396599}, "29": {"micro_precision": 0.7803867403314917, "micro_recall": 0.8284457478005866, "micro_f1": 0.8036984352773826, "accuracy": 0.9572133845309929}, "42": {"micro_precision": 0.8181818181818182, "micro_recall": 0.8181818181818182, "micro_f1": 0.8181818181818182, "accuracy": 0.9594075699396599}, "81": {"micro_precision": 0.7927864214992928, "micro_recall": 0.8218475073313783, "micro_f1": 0.8070554355651549, "accuracy": 0.9571350207663977}, "123": {"micro_precision": 0.8051948051948052, "micro_recall": 0.8181818181818182, "micro_f1": 0.8116363636363636, "accuracy": 0.9595642974688504}}}