{"gemma-repeat-k": {"5": {"micro_precision": 0.8120141342756184, "micro_recall": 0.842375366568915, "micro_f1": 0.8269161568909679, "accuracy": 0.9620719379358984}, "29": {"micro_precision": 0.8117394416607016, "micro_recall": 0.8313782991202346, "micro_f1": 0.8214415067004709, "accuracy": 0.9611315727607554}, "42": {"micro_precision": 0.8284023668639053, "micro_recall": 0.8211143695014663, "micro_f1": 0.8247422680412372, "accuracy": 0.9616017553483269}, "81": {"micro_precision": 0.8325991189427313, "micro_recall": 0.8313782991202346, "micro_f1": 0.8319882611885547, "accuracy": 0.9626988480526605}, "123": {"micro_precision": 0.8357748650732459, "micro_recall": 0.7947214076246334, "micro_f1": 0.8147313040210447, "accuracy": 0.9589373873520884}}}