{"gemma": {"5": {"micro_precision": 0.674364896073903, "micro_recall": 0.7104622871046229, "micro_f1": 0.6919431279620853, "accuracy": 0.9495536641062903}, "29": {"micro_precision": 0.6690140845070423, "micro_recall": 0.6934306569343066, "micro_f1": 0.6810035842293908, "accuracy": 0.9478928793855097}, "42": {"micro_precision": 0.6826923076923077, "micro_recall": 0.6909975669099757, "micro_f1": 0.686819830713422, "accuracy": 0.9493460660161926}, "81": {"micro_precision": 0.654292343387471, "micro_recall": 0.6861313868613139, "micro_f1": 0.669833729216152, "accuracy": 0.9483080755657048}, "123": {"micro_precision": 0.6418918918918919, "micro_recall": 0.6934306569343066, "micro_f1": 0.6666666666666667, "accuracy": 0.9447789080340461}}}