{"gemma2-unmasked-middle": {"5": {"micro_precision": 0.7869249394673123, "micro_recall": 0.7907542579075426, "micro_f1": 0.7888349514563107, "accuracy": 0.9609715590616567}, "29": {"micro_precision": 0.7727272727272727, "micro_recall": 0.7858880778588808, "micro_f1": 0.7792521109770808, "accuracy": 0.9609715590616567}, "42": {"micro_precision": 0.7990196078431373, "micro_recall": 0.7931873479318735, "micro_f1": 0.7960927960927962, "accuracy": 0.963670334232925}, "81": {"micro_precision": 0.7645687645687645, "micro_recall": 0.7980535279805353, "micro_f1": 0.780952380952381, "accuracy": 0.9611791571517542}, "123": {"micro_precision": 0.7902439024390244, "micro_recall": 0.7883211678832117, "micro_f1": 0.7892813641900123, "accuracy": 0.9626323437824372}}}