{"gemma2-repeat-k": {"5": {"micro_precision": 0.8039353478566409, "micro_recall": 0.8387096774193549, "micro_f1": 0.8209544312881234, "accuracy": 0.9610532089961602}, "29": {"micro_precision": 0.8099290780141843, "micro_recall": 0.8372434017595308, "micro_f1": 0.8233597692862291, "accuracy": 0.9616017553483269}, "42": {"micro_precision": 0.8169889502762431, "micro_recall": 0.8673020527859238, "micro_f1": 0.8413940256045519, "accuracy": 0.9643444871091608}, "81": {"micro_precision": 0.8125, "micro_recall": 0.8577712609970675, "micro_f1": 0.8345221112696147, "accuracy": 0.9634041219340177}, "123": {"micro_precision": 0.8222222222222222, "micro_recall": 0.8409090909090909, "micro_f1": 0.8314606741573033, "accuracy": 0.9626204842880652}}}