{"gemma-unmasked": {"5": {"micro_precision": 0.7787810383747178, "micro_recall": 0.7587976539589443, "micro_f1": 0.7686594875603416, "accuracy": 0.9518062847739205}, "29": {"micro_precision": 0.8120411160058737, "micro_recall": 0.8108504398826979, "micro_f1": 0.8114453411592075, "accuracy": 0.9585455685291121}, "42": {"micro_precision": 0.7132188200149365, "micro_recall": 0.7001466275659824, "micro_f1": 0.7066222715501296, "accuracy": 0.9402084476138234}, "81": {"micro_precision": 0.7859725234996384, "micro_recall": 0.7969208211143695, "micro_f1": 0.7914088096104841, "accuracy": 0.955097562886921}, "123": {"micro_precision": 0.7549668874172185, "micro_recall": 0.7521994134897361, "micro_f1": 0.7535806096217407, "accuracy": 0.9482015516025389}}}