{"gemma-unmasked-middle": {"5": {"micro_precision": 0.8493044822256569, "micro_recall": 0.8057184750733137, "micro_f1": 0.8269375470278405, "accuracy": 0.9619935741713032}, "29": {"micro_precision": 0.821000704721635, "micro_recall": 0.8541055718475073, "micro_f1": 0.8372260150916279, "accuracy": 0.9637175769923987}, "42": {"micro_precision": 0.8284488920657612, "micro_recall": 0.8497067448680352, "micro_f1": 0.8389431777053926, "accuracy": 0.964736305932137}, "81": {"micro_precision": 0.8377001455604076, "micro_recall": 0.843841642228739, "micro_f1": 0.8407596785975165, "accuracy": 0.9648930334613275}, "123": {"micro_precision": 0.8297413793103449, "micro_recall": 0.8467741935483871, "micro_f1": 0.8381712626995647, "accuracy": 0.9638743045215892}}}