{"mistral-repeat-k-early-exit": {"5": {"micro_precision": 0.7186761229314421, "micro_recall": 0.7396593673965937, "micro_f1": 0.7290167865707434, "accuracy": 0.9553664106290222}, "29": {"micro_precision": 0.7304964539007093, "micro_recall": 0.7518248175182481, "micro_f1": 0.7410071942446045, "accuracy": 0.9566119991696076}, "42": {"micro_precision": 0.7400990099009901, "micro_recall": 0.7274939172749392, "micro_f1": 0.7337423312883437, "accuracy": 0.9553664106290222}, "81": {"micro_precision": 0.7169811320754716, "micro_recall": 0.7396593673965937, "micro_f1": 0.7281437125748503, "accuracy": 0.9551588125389247}, "123": {"micro_precision": 0.7371007371007371, "micro_recall": 0.7299270072992701, "micro_f1": 0.7334963325183373, "accuracy": 0.9555740087191198}}}