{"gemma2-repeat-k": {"5": {"micro_precision": 0.8098885793871866, "micro_recall": 0.8526392961876833, "micro_f1": 0.8307142857142858, "accuracy": 0.9627772118172557}, "29": {"micro_precision": 0.8117816091954023, "micro_recall": 0.8284457478005866, "micro_f1": 0.8200290275761974, "accuracy": 0.9608964814669697}, "42": {"micro_precision": 0.7980636237897649, "micro_recall": 0.8460410557184751, "micro_f1": 0.8213523131672598, "accuracy": 0.9611315727607554}, "81": {"micro_precision": 0.8063604240282686, "micro_recall": 0.8365102639296188, "micro_f1": 0.8211586901763225, "accuracy": 0.9599561162918266}, "123": {"micro_precision": 0.8090592334494774, "micro_recall": 0.8511730205278593, "micro_f1": 0.8295819935691319, "accuracy": 0.9621503017004936}}}