{"gemma2-repeat-k": {"5": {"micro_precision": 0.7668997668997669, "micro_recall": 0.8004866180048662, "micro_f1": 0.7833333333333334, "accuracy": 0.9630475399626324}, "29": {"micro_precision": 0.7936117936117936, "micro_recall": 0.7858880778588808, "micro_f1": 0.7897310513447432, "accuracy": 0.963670334232925}, "42": {"micro_precision": 0.7788461538461539, "micro_recall": 0.7883211678832117, "micro_f1": 0.7835550181378476, "accuracy": 0.9630475399626324}, "81": {"micro_precision": 0.7948113207547169, "micro_recall": 0.8199513381995134, "micro_f1": 0.807185628742515, "accuracy": 0.9659539132239984}, "123": {"micro_precision": 0.7715617715617715, "micro_recall": 0.805352798053528, "micro_f1": 0.7880952380952381, "accuracy": 0.9647083246834129}}}