{"mistral-repeat-k-early-exit": {"5": {"micro_precision": 0.8112136266855926, "micro_recall": 0.8379765395894428, "micro_f1": 0.8243779300396682, "accuracy": 0.9608964814669697}, "29": {"micro_precision": 0.801148600143575, "micro_recall": 0.8181818181818182, "micro_f1": 0.8095756256800872, "accuracy": 0.9587806598228978}, "42": {"micro_precision": 0.8184397163120567, "micro_recall": 0.8460410557184751, "micro_f1": 0.8320115356885365, "accuracy": 0.962855575581851}, "81": {"micro_precision": 0.8264705882352941, "micro_recall": 0.8240469208211144, "micro_f1": 0.8252569750367108, "accuracy": 0.9610532089961602}, "123": {"micro_precision": 0.8129079042784626, "micro_recall": 0.8218475073313783, "micro_f1": 0.817353262850893, "accuracy": 0.9594075699396599}}}