{"mistral-repeat-k-early-exit": {"5": {"micro_precision": 0.8167501789549033, "micro_recall": 0.8365102639296188, "micro_f1": 0.8265121332850417, "accuracy": 0.9615233915837317}, "29": {"micro_precision": 0.8245866283249461, "micro_recall": 0.8409090909090909, "micro_f1": 0.8326678765880218, "accuracy": 0.963169030640232}, "42": {"micro_precision": 0.8218390804597702, "micro_recall": 0.8387096774193549, "micro_f1": 0.8301886792452831, "accuracy": 0.9621503017004936}, "81": {"micro_precision": 0.8008356545961003, "micro_recall": 0.843108504398827, "micro_f1": 0.8214285714285715, "accuracy": 0.9597210249980409}, "123": {"micro_precision": 0.7952380952380952, "micro_recall": 0.8570381231671554, "micro_f1": 0.8249823570924488, "accuracy": 0.9610532089961602}}}