{"mistral-repeat-k": {"5": {"micro_precision": 0.8522205206738132, "micro_recall": 0.8159824046920822, "micro_f1": 0.8337078651685392, "accuracy": 0.9637959407569939}, "29": {"micro_precision": 0.8327272727272728, "micro_recall": 0.8394428152492669, "micro_f1": 0.8360715589631251, "accuracy": 0.9626988480526605}, "42": {"micro_precision": 0.8298027757487217, "micro_recall": 0.8328445747800587, "micro_f1": 0.8313208927918039, "accuracy": 0.9637959407569939}, "81": {"micro_precision": 0.8415622697126013, "micro_recall": 0.8372434017595308, "micro_f1": 0.8393972804116133, "accuracy": 0.9633257581694225}, "123": {"micro_precision": 0.8252496433666191, "micro_recall": 0.8482404692082112, "micro_f1": 0.836587129428778, "accuracy": 0.965049760990518}}}