{"qwen3-repeat-k": {"5": {"micro_precision": 0.7905027932960894, "micro_recall": 0.8299120234604106, "micro_f1": 0.8097281831187411, "accuracy": 0.9581537497061359}, "29": {"micro_precision": 0.7962830593280915, "micro_recall": 0.8167155425219942, "micro_f1": 0.8063698878031126, "accuracy": 0.9576052033539691}, "42": {"micro_precision": 0.8120464441219158, "micro_recall": 0.8203812316715543, "micro_f1": 0.8161925601750547, "accuracy": 0.9596426612334457}, "81": {"micro_precision": 0.8076634109691961, "micro_recall": 0.7881231671554252, "micro_f1": 0.797773654916512, "accuracy": 0.9556461092390879}, "123": {"micro_precision": 0.799290780141844, "micro_recall": 0.8262463343108505, "micro_f1": 0.8125450612833454, "accuracy": 0.9596426612334457}}}