{"mistral-repeat-k": {"5": {"micro_precision": 0.8373333333333334, "micro_recall": 0.7639902676399026, "micro_f1": 0.7989821882951654, "accuracy": 0.9649159227735105}, "29": {"micro_precision": 0.7916666666666666, "micro_recall": 0.7858880778588808, "micro_f1": 0.7887667887667887, "accuracy": 0.9645007265933153}, "42": {"micro_precision": 0.8004807692307693, "micro_recall": 0.8102189781021898, "micro_f1": 0.8053204353083435, "accuracy": 0.9649159227735105}, "81": {"micro_precision": 0.8110831234256927, "micro_recall": 0.7834549878345499, "micro_f1": 0.797029702970297, "accuracy": 0.9647083246834129}, "123": {"micro_precision": 0.7995110024449877, "micro_recall": 0.7956204379562044, "micro_f1": 0.797560975609756, "accuracy": 0.9651235208636081}}}