{"qwen3-unmasked-middle": {"5": {"micro_precision": 0.7183770883054893, "micro_recall": 0.732360097323601, "micro_f1": 0.7253012048192771, "accuracy": 0.9543284201785344}, "29": {"micro_precision": 0.7250608272506083, "micro_recall": 0.7250608272506083, "micro_f1": 0.7250608272506082, "accuracy": 0.952044841187461}, "42": {"micro_precision": 0.7164179104477612, "micro_recall": 0.7007299270072993, "micro_f1": 0.7084870848708488, "accuracy": 0.9522524392775586}, "81": {"micro_precision": 0.7790368271954674, "micro_recall": 0.6690997566909975, "micro_f1": 0.7198952879581152, "accuracy": 0.9534980278181441}, "123": {"micro_precision": 0.7184466019417476, "micro_recall": 0.7201946472019465, "micro_f1": 0.7193195625759415, "accuracy": 0.9528752335478513}}}