{"mistral-repeat-k-early-exit": {"5": {"micro_precision": 0.78328611898017, "micro_recall": 0.8108504398826979, "micro_f1": 0.7968299711815563, "accuracy": 0.9568999294726118}, "29": {"micro_precision": 0.7865329512893983, "micro_recall": 0.8049853372434017, "micro_f1": 0.7956521739130434, "accuracy": 0.9577619308831596}, "42": {"micro_precision": 0.7854046242774566, "micro_recall": 0.7969208211143695, "micro_f1": 0.7911208151382824, "accuracy": 0.9559595642974689}, "81": {"micro_precision": 0.780281690140845, "micro_recall": 0.8123167155425219, "micro_f1": 0.7959770114942527, "accuracy": 0.9570566570018023}, "123": {"micro_precision": 0.7735042735042735, "micro_recall": 0.7961876832844574, "micro_f1": 0.7846820809248554, "accuracy": 0.9543922890055638}}}