{"gemma2-unmasked-middle": {"5": {"micro_precision": 0.832855093256815, "micro_recall": 0.8511730205278593, "micro_f1": 0.8419144307469181, "accuracy": 0.9641877595799703}, "29": {"micro_precision": 0.8192170818505338, "micro_recall": 0.843841642228739, "micro_f1": 0.8313470566991693, "accuracy": 0.9623853929942795}, "42": {"micro_precision": 0.8141529664045747, "micro_recall": 0.8350439882697948, "micro_f1": 0.8244661599710459, "accuracy": 0.9617584828775174}, "81": {"micro_precision": 0.8114004222378607, "micro_recall": 0.8453079178885631, "micro_f1": 0.8280071813285458, "accuracy": 0.9612099365253507}, "123": {"micro_precision": 0.8305932809149392, "micro_recall": 0.8519061583577713, "micro_f1": 0.8411147303655446, "accuracy": 0.9642661233445655}}}