{"mistral-repeat-k": {"5": {"micro_precision": 0.827734095782702, "micro_recall": 0.8489736070381232, "micro_f1": 0.8382193268186754, "accuracy": 0.9646579421675417}, "29": {"micro_precision": 0.8362068965517241, "micro_recall": 0.8533724340175953, "micro_f1": 0.8447024673439768, "accuracy": 0.964422850873756}, "42": {"micro_precision": 0.8244869072894551, "micro_recall": 0.8541055718475073, "micro_f1": 0.8390349297803384, "accuracy": 0.965049760990518}, "81": {"micro_precision": 0.8376811594202899, "micro_recall": 0.8475073313782991, "micro_f1": 0.8425655976676385, "accuracy": 0.9642661233445655}, "123": {"micro_precision": 0.8376623376623377, "micro_recall": 0.8511730205278593, "micro_f1": 0.8443636363636364, "accuracy": 0.9665386725178278}}}