{"qwen3-repeat-k": {"5": {"micro_precision": 0.8199708454810496, "micro_recall": 0.8247800586510264, "micro_f1": 0.8223684210526315, "accuracy": 0.9617584828775174}, "29": {"micro_precision": 0.817916970138383, "micro_recall": 0.8233137829912024, "micro_f1": 0.8206065034709535, "accuracy": 0.9600344800564219}, "42": {"micro_precision": 0.8157706093189964, "micro_recall": 0.8343108504398827, "micro_f1": 0.824936571221457, "accuracy": 0.9616801191129222}, "81": {"micro_precision": 0.7902899527983817, "micro_recall": 0.8592375366568915, "micro_f1": 0.8233227959255357, "accuracy": 0.9594859337042552}, "123": {"micro_precision": 0.8099644128113879, "micro_recall": 0.8343108504398827, "micro_f1": 0.821957385337667, "accuracy": 0.9610532089961602}}}