{"qwen3": {"5": {"micro_precision": 0.6874546773023931, "micro_recall": 0.6950146627565983, "micro_f1": 0.6912139992708713, "accuracy": 0.9380142622051564}, "29": {"micro_precision": 0.6865889212827988, "micro_recall": 0.6906158357771262, "micro_f1": 0.6885964912280703, "accuracy": 0.9369955332654181}, "42": {"micro_precision": 0.6744536548605878, "micro_recall": 0.656158357771261, "micro_f1": 0.6651802303976216, "accuracy": 0.9330773450356555}, "81": {"micro_precision": 0.690028901734104, "micro_recall": 0.7001466275659824, "micro_f1": 0.6950509461426492, "accuracy": 0.9373873520883943}, "123": {"micro_precision": 0.6855742296918768, "micro_recall": 0.717741935483871, "micro_f1": 0.7012893982808023, "accuracy": 0.9388762636157041}}}