{"gemma-unmasked-middle": {"5": {"micro_precision": 0.8010335917312662, "micro_recall": 0.754257907542579, "micro_f1": 0.7769423558897242, "accuracy": 0.9615943533319493}, "29": {"micro_precision": 0.7676056338028169, "micro_recall": 0.7956204379562044, "micro_f1": 0.7813620071684589, "accuracy": 0.9634627361428275}, "42": {"micro_precision": 0.7626728110599078, "micro_recall": 0.805352798053528, "micro_f1": 0.7834319526627219, "accuracy": 0.9626323437824372}, "81": {"micro_precision": 0.7872340425531915, "micro_recall": 0.8102189781021898, "micro_f1": 0.7985611510791368, "accuracy": 0.9647083246834129}, "123": {"micro_precision": 0.7815533980582524, "micro_recall": 0.7834549878345499, "micro_f1": 0.7825030376670717, "accuracy": 0.9609715590616567}}}