{"gemma2-unmasked": {"5": {"micro_precision": 0.7867036011080333, "micro_recall": 0.8328445747800587, "micro_f1": 0.8091168091168092, "accuracy": 0.9572917482955882}, "29": {"micro_precision": 0.8294797687861272, "micro_recall": 0.841642228739003, "micro_f1": 0.8355167394468704, "accuracy": 0.9623853929942795}, "42": {"micro_precision": 0.8200143988480921, "micro_recall": 0.8350439882697948, "micro_f1": 0.8274609516890664, "accuracy": 0.9616017553483269}, "81": {"micro_precision": 0.8060435699226985, "micro_recall": 0.8409090909090909, "micro_f1": 0.8231072838177251, "accuracy": 0.9612883002899459}, "123": {"micro_precision": 0.8259927797833935, "micro_recall": 0.8387096774193549, "micro_f1": 0.8323026555110951, "accuracy": 0.9635608494632082}}}