{"qwen3-repeat-k": {"5": {"micro_precision": 0.7866004962779156, "micro_recall": 0.7712895377128953, "micro_f1": 0.7788697788697788, "accuracy": 0.9615943533319493}, "29": {"micro_precision": 0.773955773955774, "micro_recall": 0.7664233576642335, "micro_f1": 0.7701711491442543, "accuracy": 0.9591031762507785}, "42": {"micro_precision": 0.7570754716981132, "micro_recall": 0.781021897810219, "micro_f1": 0.7688622754491018, "accuracy": 0.960763960971559}, "81": {"micro_precision": 0.7476851851851852, "micro_recall": 0.7858880778588808, "micro_f1": 0.7663107947805456, "accuracy": 0.9601411667012664}, "123": {"micro_precision": 0.7614457831325301, "micro_recall": 0.7688564476885644, "micro_f1": 0.7651331719128328, "accuracy": 0.9584803819804858}}}