{"mistral-repeat-k-early-exit": {"5": {"micro_precision": 0.8323823109843081, "micro_recall": 0.8555718475073314, "micro_f1": 0.8438177874186551, "accuracy": 0.9658333986364704}, "29": {"micro_precision": 0.8169611307420495, "micro_recall": 0.8475073313782991, "micro_f1": 0.831953940266283, "accuracy": 0.9619935741713032}, "42": {"micro_precision": 0.8432671081677704, "micro_recall": 0.8401759530791789, "micro_f1": 0.8417186926184356, "accuracy": 0.9659117624010658}, "81": {"micro_precision": 0.8215038650737878, "micro_recall": 0.8570381231671554, "micro_f1": 0.8388948690348045, "accuracy": 0.9640310320507797}, "123": {"micro_precision": 0.8377224199288256, "micro_recall": 0.8629032258064516, "micro_f1": 0.8501263994221739, "accuracy": 0.965990126165661}}}