{"mistral-repeat-k": {"5": {"micro_precision": 0.8336948662328272, "micro_recall": 0.8453079178885631, "micro_f1": 0.8394612304331999, "accuracy": 0.9640310320507797}, "29": {"micro_precision": 0.8364153627311522, "micro_recall": 0.8621700879765396, "micro_f1": 0.8490974729241878, "accuracy": 0.9655199435780895}, "42": {"micro_precision": 0.8241017964071856, "micro_recall": 0.8071847507331378, "micro_f1": 0.8155555555555555, "accuracy": 0.9584672047645169}, "81": {"micro_precision": 0.8301886792452831, "micro_recall": 0.8387096774193549, "micro_f1": 0.8344274252370534, "accuracy": 0.964422850873756}, "123": {"micro_precision": 0.8301329394387001, "micro_recall": 0.8240469208211144, "micro_f1": 0.8270787343635025, "accuracy": 0.9633257581694225}}}