{"qwen3": {"5": {"micro_precision": 0.6485355648535565, "micro_recall": 0.6818181818181818, "micro_f1": 0.6647605432451751, "accuracy": 0.9305697045686074}, "29": {"micro_precision": 0.6664217487141807, "micro_recall": 0.6649560117302052, "micro_f1": 0.6656880733944953, "accuracy": 0.9322153436251077}, "42": {"micro_precision": 0.6566617862371888, "micro_recall": 0.657624633431085, "micro_f1": 0.657142857142857, "accuracy": 0.9303346132748217}, "81": {"micro_precision": 0.6449704142011834, "micro_recall": 0.6392961876832844, "micro_f1": 0.6421207658321061, "accuracy": 0.927905336572369}, "123": {"micro_precision": 0.6496402877697842, "micro_recall": 0.6620234604105572, "micro_f1": 0.6557734204793028, "accuracy": 0.930099521981036}}}