{"qwen3-repeat-k-early-exit": {"5": {"micro_precision": 0.7070707070707071, "micro_recall": 0.681265206812652, "micro_f1": 0.6939281288723668, "accuracy": 0.9472700851152169}, "29": {"micro_precision": 0.6594724220623501, "micro_recall": 0.6690997566909975, "micro_f1": 0.6642512077294687, "accuracy": 0.9439485156736558}, "42": {"micro_precision": 0.6990049751243781, "micro_recall": 0.683698296836983, "micro_f1": 0.6912669126691267, "accuracy": 0.9485156736558024}, "81": {"micro_precision": 0.6190476190476191, "micro_recall": 0.7274939172749392, "micro_f1": 0.6689038031319912, "accuracy": 0.9441561137637534}, "123": {"micro_precision": 0.6738609112709832, "micro_recall": 0.683698296836983, "micro_f1": 0.6787439613526571, "accuracy": 0.9470624870251194}}}