{"gemma2-repeat-k": {"5": {"micro_precision": 0.7860576923076923, "micro_recall": 0.7956204379562044, "micro_f1": 0.7908101571946795, "accuracy": 0.9642931285032178}, "29": {"micro_precision": 0.7627118644067796, "micro_recall": 0.7664233576642335, "micro_f1": 0.7645631067961165, "accuracy": 0.9595183724309736}, "42": {"micro_precision": 0.8186666666666667, "micro_recall": 0.7469586374695864, "micro_f1": 0.7811704834605598, "accuracy": 0.9626323437824372}, "81": {"micro_precision": 0.7875894988066826, "micro_recall": 0.8029197080291971, "micro_f1": 0.7951807228915663, "accuracy": 0.9630475399626324}, "123": {"micro_precision": 0.8207070707070707, "micro_recall": 0.7907542579075426, "micro_f1": 0.80545229244114, "accuracy": 0.9649159227735105}}}