{"gemma2-unmasked": {"5": {"micro_precision": 0.7573696145124716, "micro_recall": 0.8126520681265207, "micro_f1": 0.784037558685446, "accuracy": 0.9615943533319493}, "29": {"micro_precision": 0.8159203980099502, "micro_recall": 0.7980535279805353, "micro_f1": 0.8068880688806888, "accuracy": 0.9671995017645838}, "42": {"micro_precision": 0.7748815165876777, "micro_recall": 0.7956204379562044, "micro_f1": 0.7851140456182474, "accuracy": 0.9638779323230227}, "81": {"micro_precision": 0.7843137254901961, "micro_recall": 0.7785888077858881, "micro_f1": 0.7814407814407814, "accuracy": 0.9632551380527299}, "123": {"micro_precision": 0.8064516129032258, "micro_recall": 0.7907542579075426, "micro_f1": 0.7985257985257985, "accuracy": 0.9640855304131202}}}