{"mistral": {"5": {"micro_precision": 0.693029490616622, "micro_recall": 0.7580645161290323, "micro_f1": 0.7240896358543417, "accuracy": 0.9417757229057284}, "29": {"micro_precision": 0.7088791848617176, "micro_recall": 0.7140762463343109, "micro_f1": 0.7114682249817385, "accuracy": 0.9410704490243711}, "42": {"micro_precision": 0.7231316725978648, "micro_recall": 0.7448680351906158, "micro_f1": 0.7338389310220297, "accuracy": 0.94538045607711}, "81": {"micro_precision": 0.7151898734177216, "micro_recall": 0.7456011730205279, "micro_f1": 0.7300789662598708, "accuracy": 0.9442833633727764}, "123": {"micro_precision": 0.7095871238628412, "micro_recall": 0.7434017595307918, "micro_f1": 0.7261009667024706, "accuracy": 0.9429511793746571}}}