{"qwen3-repeat-k": {"5": {"micro_precision": 0.8017179670722978, "micro_recall": 0.8211143695014663, "micro_f1": 0.8113002535313292, "accuracy": 0.9591724786458742}, "29": {"micro_precision": 0.7982893799002139, "micro_recall": 0.8211143695014663, "micro_f1": 0.8095410191543189, "accuracy": 0.9576052033539691}, "42": {"micro_precision": 0.807994289793005, "micro_recall": 0.8299120234604106, "micro_f1": 0.8188065099457503, "accuracy": 0.9601128438210171}, "81": {"micro_precision": 0.801859799713877, "micro_recall": 0.8218475073313783, "micro_f1": 0.8117306299782766, "accuracy": 0.9587806598228978}, "123": {"micro_precision": 0.7868512110726643, "micro_recall": 0.8335777126099707, "micro_f1": 0.8095407618369526, "accuracy": 0.9590157511166837}}}