{"qwen3-repeat-k": {"5": {"micro_precision": 0.7684931506849315, "micro_recall": 0.8225806451612904, "micro_f1": 0.7946175637393768, "accuracy": 0.9552542904161115}, "29": {"micro_precision": 0.7412140575079872, "micro_recall": 0.8504398826979472, "micro_f1": 0.7920792079207921, "accuracy": 0.9547057440639448}, "42": {"micro_precision": 0.770949720670391, "micro_recall": 0.8093841642228738, "micro_f1": 0.7896995708154506, "accuracy": 0.9541571977117781}, "81": {"micro_precision": 0.7636239782016349, "micro_recall": 0.8218475073313783, "micro_f1": 0.7916666666666667, "accuracy": 0.9558028367682784}, "123": {"micro_precision": 0.7701307639366827, "micro_recall": 0.8203812316715543, "micro_f1": 0.7944621938232161, "accuracy": 0.9552542904161115}}}