{"gemma2-repeat-k": {"5": {"micro_precision": 0.7449664429530202, "micro_recall": 0.8102189781021898, "micro_f1": 0.7762237762237763, "accuracy": 0.9597259705210712}, "29": {"micro_precision": 0.7694174757281553, "micro_recall": 0.7712895377128953, "micro_f1": 0.7703523693803158, "accuracy": 0.9605563628814615}, "42": {"micro_precision": 0.7832512315270936, "micro_recall": 0.7737226277372263, "micro_f1": 0.7784577723378213, "accuracy": 0.9622171476022421}, "81": {"micro_precision": 0.8134328358208955, "micro_recall": 0.7956204379562044, "micro_f1": 0.8044280442804429, "accuracy": 0.9651235208636081}, "123": {"micro_precision": 0.7908653846153846, "micro_recall": 0.8004866180048662, "micro_f1": 0.7956469165659008, "accuracy": 0.9630475399626324}}}