{"qwen3-repeat-k-early-exit": {"5": {"micro_precision": 0.6974564926372155, "micro_recall": 0.7639296187683284, "micro_f1": 0.7291812456263121, "accuracy": 0.9428728156100619}, "29": {"micro_precision": 0.7309608540925266, "micro_recall": 0.7529325513196481, "micro_f1": 0.7417840375586855, "accuracy": 0.945693911135491}, "42": {"micro_precision": 0.7329545454545454, "micro_recall": 0.7565982404692082, "micro_f1": 0.7445887445887445, "accuracy": 0.946634276310634}, "81": {"micro_precision": 0.7665920954511558, "micro_recall": 0.7536656891495601, "micro_f1": 0.7600739371534196, "accuracy": 0.94851500666092}, "123": {"micro_precision": 0.7328767123287672, "micro_recall": 0.7844574780058651, "micro_f1": 0.7577903682719547, "accuracy": 0.9482015516025389}}}