{"qwen3-repeat-k": {"5": {"micro_precision": 0.8121827411167513, "micro_recall": 0.8211143695014663, "micro_f1": 0.8166241341596792, "accuracy": 0.9602695713502076}, "29": {"micro_precision": 0.802735781137509, "micro_recall": 0.8174486803519062, "micro_f1": 0.8100254268071195, "accuracy": 0.9580753859415406}, "42": {"micro_precision": 0.7863756613756614, "micro_recall": 0.8717008797653959, "micro_f1": 0.8268428372739917, "accuracy": 0.9602695713502076}, "81": {"micro_precision": 0.8238267148014441, "micro_recall": 0.8365102639296188, "micro_f1": 0.8301200436522372, "accuracy": 0.9629339393464462}, "123": {"micro_precision": 0.8197424892703863, "micro_recall": 0.8401759530791789, "micro_f1": 0.829833454018827, "accuracy": 0.9621503017004936}}}