{"gemma2-repeat-k": {"5": {"micro_precision": 0.7904761904761904, "micro_recall": 0.8077858880778589, "micro_f1": 0.7990373044524668, "accuracy": 0.9653311189537056}, "29": {"micro_precision": 0.7886977886977887, "micro_recall": 0.781021897810219, "micro_f1": 0.7848410757946209, "accuracy": 0.9642931285032178}, "42": {"micro_precision": 0.7936893203883495, "micro_recall": 0.7956204379562044, "micro_f1": 0.7946537059538274, "accuracy": 0.963670334232925}, "81": {"micro_precision": 0.7881773399014779, "micro_recall": 0.7785888077858881, "micro_f1": 0.7833537331701347, "accuracy": 0.9642931285032178}, "123": {"micro_precision": 0.7848699763593381, "micro_recall": 0.8077858880778589, "micro_f1": 0.7961630695443644, "accuracy": 0.9661615113140959}}}