{"mistral-repeat-k-early-exit": {"5": {"micro_precision": 0.8009950248756219, "micro_recall": 0.7834549878345499, "micro_f1": 0.7921279212792128, "accuracy": 0.9653311189537056}, "29": {"micro_precision": 0.7831325301204819, "micro_recall": 0.7907542579075426, "micro_f1": 0.7869249394673123, "accuracy": 0.9640855304131202}, "42": {"micro_precision": 0.794044665012407, "micro_recall": 0.7785888077858881, "micro_f1": 0.7862407862407862, "accuracy": 0.9645007265933153}, "81": {"micro_precision": 0.7933491686460807, "micro_recall": 0.8126520681265207, "micro_f1": 0.8028846153846153, "accuracy": 0.9653311189537056}, "123": {"micro_precision": 0.7893462469733656, "micro_recall": 0.7931873479318735, "micro_f1": 0.7912621359223302, "accuracy": 0.9647083246834129}}}