{"gemma-repeat-k": {"5": {"micro_precision": 0.8277126099706745, "micro_recall": 0.8277126099706745, "micro_f1": 0.8277126099706745, "accuracy": 0.9622286654650889}, "29": {"micro_precision": 0.8035847647498133, "micro_recall": 0.7888563049853372, "micro_f1": 0.7961524232334444, "accuracy": 0.9554110179453021}, "42": {"micro_precision": 0.7988904299583911, "micro_recall": 0.844574780058651, "micro_f1": 0.8210976478973627, "accuracy": 0.9600344800564219}, "81": {"micro_precision": 0.8253968253968254, "micro_recall": 0.8387096774193549, "micro_f1": 0.832, "accuracy": 0.9637959407569939}, "123": {"micro_precision": 0.8050359712230216, "micro_recall": 0.8203812316715543, "micro_f1": 0.8126361655773422, "accuracy": 0.9583888409999216}}}