{"qwen3-repeat-k-early-exit": {"5": {"micro_precision": 0.7121019108280254, "micro_recall": 0.8196480938416423, "micro_f1": 0.7620995228357192, "accuracy": 0.949455371836063}, "29": {"micro_precision": 0.7571329157967989, "micro_recall": 0.7976539589442815, "micro_f1": 0.7768654052124241, "accuracy": 0.9524331948906826}, "42": {"micro_precision": 0.75, "micro_recall": 0.7785923753665689, "micro_f1": 0.7640287769784173, "accuracy": 0.9500039181882297}, "81": {"micro_precision": 0.7461645746164575, "micro_recall": 0.7844574780058651, "micro_f1": 0.764832022873481, "accuracy": 0.9496904631298487}, "123": {"micro_precision": 0.7562043795620438, "micro_recall": 0.7595307917888563, "micro_f1": 0.7578639356254573, "accuracy": 0.9483582791317295}}}