{"mistral-repeat-k-early-exit": {"5": {"micro_precision": 0.7662650602409639, "micro_recall": 0.7737226277372263, "micro_f1": 0.7699757869249395, "accuracy": 0.9611791571517542}, "29": {"micro_precision": 0.7962085308056872, "micro_recall": 0.8175182481751825, "micro_f1": 0.8067226890756302, "accuracy": 0.9659539132239984}, "42": {"micro_precision": 0.7817745803357314, "micro_recall": 0.7931873479318735, "micro_f1": 0.78743961352657, "accuracy": 0.9626323437824372}, "81": {"micro_precision": 0.7482517482517482, "micro_recall": 0.781021897810219, "micro_f1": 0.7642857142857141, "accuracy": 0.9576499896200955}, "123": {"micro_precision": 0.7677725118483413, "micro_recall": 0.7883211678832117, "micro_f1": 0.7779111644657863, "accuracy": 0.9624247456923396}}}