{"gemma2-unmasked-middle": {"5": {"micro_precision": 0.8038740920096852, "micro_recall": 0.8077858880778589, "micro_f1": 0.8058252427184466, "accuracy": 0.966576707494291}, "29": {"micro_precision": 0.7793427230046949, "micro_recall": 0.8077858880778589, "micro_f1": 0.7933094384707288, "accuracy": 0.9645007265933153}, "42": {"micro_precision": 0.8086124401913876, "micro_recall": 0.8223844282238443, "micro_f1": 0.8154402895054281, "accuracy": 0.967614697944779}, "81": {"micro_precision": 0.7743467933491687, "micro_recall": 0.7931873479318735, "micro_f1": 0.7836538461538463, "accuracy": 0.960763960971559}, "123": {"micro_precision": 0.7746478873239436, "micro_recall": 0.8029197080291971, "micro_f1": 0.7885304659498208, "accuracy": 0.9649159227735105}}}