{"gemma2-repeat-k": {"5": {"micro_precision": 0.7694117647058824, "micro_recall": 0.7956204379562044, "micro_f1": 0.7822966507177035, "accuracy": 0.963670334232925}, "29": {"micro_precision": 0.7737226277372263, "micro_recall": 0.7737226277372263, "micro_f1": 0.7737226277372263, "accuracy": 0.9609715590616567}, "42": {"micro_precision": 0.7745803357314148, "micro_recall": 0.7858880778588808, "micro_f1": 0.7801932367149759, "accuracy": 0.9615943533319493}, "81": {"micro_precision": 0.7764976958525346, "micro_recall": 0.8199513381995134, "micro_f1": 0.7976331360946746, "accuracy": 0.9638779323230227}, "123": {"micro_precision": 0.7985611510791367, "micro_recall": 0.8102189781021898, "micro_f1": 0.8043478260869567, "accuracy": 0.9651235208636081}}}