{"mistral-repeat-k-early-exit": {"5": {"micro_precision": 0.8515684774292273, "micro_recall": 0.8159824046920822, "micro_f1": 0.8333957319356047, "accuracy": 0.9638743045215892}, "29": {"micro_precision": 0.8061153578874218, "micro_recall": 0.8504398826979472, "micro_f1": 0.8276846236175527, "accuracy": 0.9619935741713032}, "42": {"micro_precision": 0.8112535612535613, "micro_recall": 0.8350439882697948, "micro_f1": 0.8229768786127167, "accuracy": 0.9618368466421127}, "81": {"micro_precision": 0.8221594918842625, "micro_recall": 0.8541055718475073, "micro_f1": 0.8378281193815174, "accuracy": 0.9638743045215892}, "123": {"micro_precision": 0.8115646258503402, "micro_recall": 0.874633431085044, "micro_f1": 0.8419195483415668, "accuracy": 0.965049760990518}}}