{"mistral-repeat-k-early-exit": {"5": {"micro_precision": 0.7061503416856492, "micro_recall": 0.754257907542579, "micro_f1": 0.7294117647058823, "accuracy": 0.9561968029894125}, "29": {"micro_precision": 0.7413793103448276, "micro_recall": 0.732360097323601, "micro_f1": 0.736842105263158, "accuracy": 0.9555740087191198}, "42": {"micro_precision": 0.714975845410628, "micro_recall": 0.7201946472019465, "micro_f1": 0.7175757575757575, "accuracy": 0.9526676354577538}, "81": {"micro_precision": 0.6906474820143885, "micro_recall": 0.7007299270072993, "micro_f1": 0.6956521739130435, "accuracy": 0.9516296450072659}, "123": {"micro_precision": 0.7425742574257426, "micro_recall": 0.7299270072992701, "micro_f1": 0.7361963190184049, "accuracy": 0.9557816068092173}}}