{"mistral-repeat-k": {"5": {"micro_precision": 0.7714285714285715, "micro_recall": 0.7883211678832117, "micro_f1": 0.7797833935018051, "accuracy": 0.9634627361428275}, "29": {"micro_precision": 0.781021897810219, "micro_recall": 0.781021897810219, "micro_f1": 0.781021897810219, "accuracy": 0.963670334232925}, "42": {"micro_precision": 0.7568181818181818, "micro_recall": 0.8102189781021898, "micro_f1": 0.782608695652174, "accuracy": 0.9632551380527299}, "81": {"micro_precision": 0.7867647058823529, "micro_recall": 0.781021897810219, "micro_f1": 0.783882783882784, "accuracy": 0.9618019514220469}, "123": {"micro_precision": 0.7644341801385681, "micro_recall": 0.805352798053528, "micro_f1": 0.7843601895734597, "accuracy": 0.9642931285032178}}}