{"qwen3": {"5": {"micro_precision": 0.665283540802213, "micro_recall": 0.7052785923753666, "micro_f1": 0.6846975088967971, "accuracy": 0.9348797116213463}, "29": {"micro_precision": 0.6844444444444444, "micro_recall": 0.6774193548387096, "micro_f1": 0.6809137803979367, "accuracy": 0.9356633492672988}, "42": {"micro_precision": 0.6892697466467959, "micro_recall": 0.6781524926686217, "micro_f1": 0.6836659275683665, "accuracy": 0.9368388057362276}, "81": {"micro_precision": 0.6713286713286714, "micro_recall": 0.7038123167155426, "micro_f1": 0.6871868289191123, "accuracy": 0.9342528015045842}, "123": {"micro_precision": 0.6722141823444283, "micro_recall": 0.6810850439882697, "micro_f1": 0.6766205389657683, "accuracy": 0.9339393464462032}}}