{"gemma2": {"5": {"micro_precision": 0.6519823788546255, "micro_recall": 0.7201946472019465, "micro_f1": 0.684393063583815, "accuracy": 0.9491384679260951}, "29": {"micro_precision": 0.6722488038277512, "micro_recall": 0.683698296836983, "micro_f1": 0.6779252110977081, "accuracy": 0.9495536641062903}, "42": {"micro_precision": 0.6873449131513648, "micro_recall": 0.6739659367396593, "micro_f1": 0.6805896805896805, "accuracy": 0.9505916545567781}, "81": {"micro_precision": 0.6642857142857143, "micro_recall": 0.6788321167883211, "micro_f1": 0.6714801444043321, "accuracy": 0.9489308698359975}, "123": {"micro_precision": 0.6396588486140725, "micro_recall": 0.7299270072992701, "micro_f1": 0.6818181818181818, "accuracy": 0.9495536641062903}}}