{"qwen3-repeat-k": {"5": {"micro_precision": 0.7605244996549344, "micro_recall": 0.8079178885630498, "micro_f1": 0.7835051546391752, "accuracy": 0.9543922890055638}, "29": {"micro_precision": 0.7491792514773473, "micro_recall": 0.8365102639296188, "micro_f1": 0.7904399030135089, "accuracy": 0.9543922890055638}, "42": {"micro_precision": 0.7643400138217, "micro_recall": 0.8108504398826979, "micro_f1": 0.7869085734614016, "accuracy": 0.9548624715931353}, "81": {"micro_precision": 0.792226148409894, "micro_recall": 0.8218475073313783, "micro_f1": 0.8067650233897087, "accuracy": 0.9585455685291121}, "123": {"micro_precision": 0.7786705624543463, "micro_recall": 0.781524926686217, "micro_f1": 0.7800951335528723, "accuracy": 0.9524331948906826}}}