{"mistral-repeat-k-early-exit": {"5": {"micro_precision": 0.8424908424908425, "micro_recall": 0.843108504398827, "micro_f1": 0.8427995602784902, "accuracy": 0.9655199435780895}, "29": {"micro_precision": 0.8245363766048502, "micro_recall": 0.8475073313782991, "micro_f1": 0.8358640636297904, "accuracy": 0.9633257581694225}, "42": {"micro_precision": 0.8239486813970064, "micro_recall": 0.8475073313782991, "micro_f1": 0.835561980484279, "accuracy": 0.9641877595799703}, "81": {"micro_precision": 0.8283687943262411, "micro_recall": 0.8563049853372434, "micro_f1": 0.8421052631578947, "accuracy": 0.965049760990518}, "123": {"micro_precision": 0.8401727861771058, "micro_recall": 0.8555718475073314, "micro_f1": 0.8478023973846711, "accuracy": 0.9667737638116135}}}