{"mistral-repeat-k-early-exit": {"5": {"micro_precision": 0.7975679542203148, "micro_recall": 0.8174486803519062, "micro_f1": 0.8073859522085446, "accuracy": 0.9576835671185644}, "29": {"micro_precision": 0.7807637906647807, "micro_recall": 0.8093841642228738, "micro_f1": 0.794816414686825, "accuracy": 0.9561946555912546}, "42": {"micro_precision": 0.7872947894361171, "micro_recall": 0.8086510263929618, "micro_f1": 0.7978300180831827, "accuracy": 0.9559595642974689}, "81": {"micro_precision": 0.7752100840336135, "micro_recall": 0.8115835777126099, "micro_f1": 0.7929799426934098, "accuracy": 0.9566648381788261}, "123": {"micro_precision": 0.789839944328462, "micro_recall": 0.8321114369501467, "micro_f1": 0.8104248482684755, "accuracy": 0.9579970221769454}}}