{"gemma-repeat-k": {"5": {"micro_precision": 0.7616822429906542, "micro_recall": 0.7931873479318735, "micro_f1": 0.7771156138259833, "accuracy": 0.9620095495121445}, "29": {"micro_precision": 0.7708333333333334, "micro_recall": 0.8102189781021898, "micro_f1": 0.7900355871886121, "accuracy": 0.963670334232925}, "42": {"micro_precision": 0.7901554404145078, "micro_recall": 0.7420924574209246, "micro_f1": 0.7653701380175659, "accuracy": 0.9597259705210712}, "81": {"micro_precision": 0.7637231503579952, "micro_recall": 0.7785888077858881, "micro_f1": 0.7710843373493975, "accuracy": 0.9613867552418518}, "123": {"micro_precision": 0.7990074441687345, "micro_recall": 0.7834549878345499, "micro_f1": 0.7911547911547913, "accuracy": 0.9640855304131202}}}