{"mistral-unmasked-middle": {"5": {"micro_precision": 0.7745803357314148, "micro_recall": 0.7858880778588808, "micro_f1": 0.7801932367149759, "accuracy": 0.9622171476022421}, "29": {"micro_precision": 0.7620137299771167, "micro_recall": 0.8102189781021898, "micro_f1": 0.7853773584905661, "accuracy": 0.9628399418725347}, "42": {"micro_precision": 0.780373831775701, "micro_recall": 0.8126520681265207, "micro_f1": 0.796185935637664, "accuracy": 0.9638779323230227}, "81": {"micro_precision": 0.7815533980582524, "micro_recall": 0.7834549878345499, "micro_f1": 0.7825030376670717, "accuracy": 0.9630475399626324}, "123": {"micro_precision": 0.8041237113402062, "micro_recall": 0.7591240875912408, "micro_f1": 0.7809762202753442, "accuracy": 0.9632551380527299}}}