{"qwen3-repeat-k-early-exit": {"5": {"micro_precision": 0.6601731601731602, "micro_recall": 0.7420924574209246, "micro_f1": 0.6987399770904926, "accuracy": 0.9472700851152169}, "29": {"micro_precision": 0.6973995271867612, "micro_recall": 0.7177615571776156, "micro_f1": 0.7074340527577939, "accuracy": 0.9493460660161926}, "42": {"micro_precision": 0.7196029776674938, "micro_recall": 0.7055961070559611, "micro_f1": 0.7125307125307125, "accuracy": 0.9487232717459}, "81": {"micro_precision": 0.715311004784689, "micro_recall": 0.7274939172749392, "micro_f1": 0.721351025331725, "accuracy": 0.9503840564666806}, "123": {"micro_precision": 0.7060240963855422, "micro_recall": 0.7128953771289538, "micro_f1": 0.7094430992736078, "accuracy": 0.9501764583765829}}}