{"qwen3-repeat-k": {"5": {"micro_precision": 0.7225950782997763, "micro_recall": 0.7858880778588808, "micro_f1": 0.752913752913753, "accuracy": 0.9553664106290222}, "29": {"micro_precision": 0.7060085836909872, "micro_recall": 0.8004866180048662, "micro_f1": 0.7502850627137971, "accuracy": 0.9566119991696076}, "42": {"micro_precision": 0.7427884615384616, "micro_recall": 0.7518248175182481, "micro_f1": 0.747279322853688, "accuracy": 0.9555740087191198}, "81": {"micro_precision": 0.7375886524822695, "micro_recall": 0.7591240875912408, "micro_f1": 0.7482014388489209, "accuracy": 0.9564044010795101}, "123": {"micro_precision": 0.7388235294117647, "micro_recall": 0.7639902676399026, "micro_f1": 0.7511961722488039, "accuracy": 0.9551588125389247}}}