{"qwen3-repeat-k-early-exit": {"5": {"micro_precision": 0.7085635359116023, "micro_recall": 0.7521994134897361, "micro_f1": 0.7297297297297298, "accuracy": 0.9428728156100619}, "29": {"micro_precision": 0.7097927090779128, "micro_recall": 0.7280058651026393, "micro_f1": 0.718783930510315, "accuracy": 0.9424026330224904}, "42": {"micro_precision": 0.7331855136733185, "micro_recall": 0.7272727272727273, "micro_f1": 0.7302171512697828, "accuracy": 0.9442833633727764}, "81": {"micro_precision": 0.7359180687637161, "micro_recall": 0.7375366568914956, "micro_f1": 0.7367264738191138, "accuracy": 0.9452237285479195}, "123": {"micro_precision": 0.7060055865921788, "micro_recall": 0.7412023460410557, "micro_f1": 0.7231759656652361, "accuracy": 0.9436564532560144}}}