{"qwen3-repeat-k": {"5": {"micro_precision": 0.7950354609929078, "micro_recall": 0.8218475073313783, "micro_f1": 0.8082191780821918, "accuracy": 0.9584672047645169}, "29": {"micro_precision": 0.804982206405694, "micro_recall": 0.8291788856304986, "micro_f1": 0.8169014084507041, "accuracy": 0.9600344800564219}, "42": {"micro_precision": 0.8068181818181818, "micro_recall": 0.8328445747800587, "micro_f1": 0.8196248196248197, "accuracy": 0.9601912075856124}, "81": {"micro_precision": 0.8047210300429185, "micro_recall": 0.8247800586510264, "micro_f1": 0.8146270818247647, "accuracy": 0.9598777525272314}, "123": {"micro_precision": 0.8035714285714286, "micro_recall": 0.8247800586510264, "micro_f1": 0.8140376266280753, "accuracy": 0.9593292061750647}}}