{"mistral-repeat-k": {"5": {"micro_precision": 0.7573033707865169, "micro_recall": 0.8199513381995134, "micro_f1": 0.7873831775700936, "accuracy": 0.9634627361428275}, "29": {"micro_precision": 0.7923627684964201, "micro_recall": 0.8077858880778589, "micro_f1": 0.8, "accuracy": 0.9647083246834129}, "42": {"micro_precision": 0.7857142857142857, "micro_recall": 0.8029197080291971, "micro_f1": 0.7942238267148014, "accuracy": 0.9647083246834129}, "81": {"micro_precision": 0.7985611510791367, "micro_recall": 0.8102189781021898, "micro_f1": 0.8043478260869567, "accuracy": 0.9659539132239984}, "123": {"micro_precision": 0.7915632754342432, "micro_recall": 0.7761557177615572, "micro_f1": 0.7837837837837838, "accuracy": 0.9634627361428275}}}