{"qwen3-unmasked": {"5": {"micro_precision": 0.7258485639686684, "micro_recall": 0.6763990267639902, "micro_f1": 0.7002518891687657, "accuracy": 0.9493460660161926}, "29": {"micro_precision": 0.7170731707317073, "micro_recall": 0.7153284671532847, "micro_f1": 0.7161997563946407, "accuracy": 0.9499688602864854}, "42": {"micro_precision": 0.6683544303797468, "micro_recall": 0.6423357664233577, "micro_f1": 0.6550868486352357, "accuracy": 0.9443637118538509}, "81": {"micro_precision": 0.6822660098522167, "micro_recall": 0.6739659367396593, "micro_f1": 0.6780905752753977, "accuracy": 0.945816898484534}, "123": {"micro_precision": 0.7025, "micro_recall": 0.683698296836983, "micro_f1": 0.6929716399506782, "accuracy": 0.9483080755657048}}}