{"qwen3-unmasked": {"5": {"micro_precision": 0.7481296758104738, "micro_recall": 0.7299270072992701, "micro_f1": 0.7389162561576355, "accuracy": 0.9547436163587295}, "29": {"micro_precision": 0.7673267326732673, "micro_recall": 0.754257907542579, "micro_f1": 0.7607361963190183, "accuracy": 0.9586879800705833}, "42": {"micro_precision": 0.770618556701031, "micro_recall": 0.7274939172749392, "micro_f1": 0.7484355444305382, "accuracy": 0.9566119991696076}, "81": {"micro_precision": 0.7421686746987952, "micro_recall": 0.7493917274939172, "micro_f1": 0.7457627118644068, "accuracy": 0.9576499896200955}, "123": {"micro_precision": 0.7548076923076923, "micro_recall": 0.7639902676399026, "micro_f1": 0.7593712212817413, "accuracy": 0.9576499896200955}}}