{"gemma2-repeat-k": {"5": {"micro_precision": 0.8197303051809794, "micro_recall": 0.8467741935483871, "micro_f1": 0.8330328164442843, "accuracy": 0.9622286654650889}, "29": {"micro_precision": 0.8205312275664034, "micro_recall": 0.8379765395894428, "micro_f1": 0.8291621327529924, "accuracy": 0.9619152104067079}, "42": {"micro_precision": 0.8318649045521292, "micro_recall": 0.8306451612903226, "micro_f1": 0.8312545854732208, "accuracy": 0.9633257581694225}, "81": {"micro_precision": 0.8170818505338078, "micro_recall": 0.841642228739003, "micro_f1": 0.8291802094618995, "accuracy": 0.9626988480526605}, "123": {"micro_precision": 0.8156028368794326, "micro_recall": 0.843108504398827, "micro_f1": 0.829127613554434, "accuracy": 0.9619152104067079}}}