{"mistral-repeat-k-early-exit": {"5": {"micro_precision": 0.7230392156862745, "micro_recall": 0.7177615571776156, "micro_f1": 0.7203907203907204, "accuracy": 0.9545360182686319}, "29": {"micro_precision": 0.7242990654205608, "micro_recall": 0.754257907542579, "micro_f1": 0.7389749702026223, "accuracy": 0.9574423915299979}, "42": {"micro_precision": 0.7177033492822966, "micro_recall": 0.7299270072992701, "micro_f1": 0.7237635705669482, "accuracy": 0.9539132239983392}, "81": {"micro_precision": 0.7159090909090909, "micro_recall": 0.7664233576642335, "micro_f1": 0.7403055229142185, "accuracy": 0.9564044010795101}, "123": {"micro_precision": 0.7322274881516587, "micro_recall": 0.7518248175182481, "micro_f1": 0.7418967587034814, "accuracy": 0.9566119991696076}}}