{"gemma-repeat-k": {"5": {"micro_precision": 0.810099573257468, "micro_recall": 0.8350439882697948, "micro_f1": 0.8223826714801443, "accuracy": 0.9616017553483269}, "29": {"micro_precision": 0.8211781206171108, "micro_recall": 0.8585043988269795, "micro_f1": 0.8394265232974911, "accuracy": 0.9639526682861844}, "42": {"micro_precision": 0.8333333333333334, "micro_recall": 0.8027859237536656, "micro_f1": 0.8177744585511575, "accuracy": 0.9599561162918266}, "81": {"micro_precision": 0.834070796460177, "micro_recall": 0.8291788856304986, "micro_f1": 0.8316176470588236, "accuracy": 0.9623853929942795}, "123": {"micro_precision": 0.8314436885865457, "micro_recall": 0.8064516129032258, "micro_f1": 0.8187569780424265, "accuracy": 0.9605830264085886}}}