{"mistral-repeat-k-early-exit": {"5": {"micro_precision": 0.7748815165876777, "micro_recall": 0.7956204379562044, "micro_f1": 0.7851140456182474, "accuracy": 0.9634627361428275}, "29": {"micro_precision": 0.7743467933491687, "micro_recall": 0.7931873479318735, "micro_f1": 0.7836538461538463, "accuracy": 0.9628399418725347}, "42": {"micro_precision": 0.7961165048543689, "micro_recall": 0.7980535279805353, "micro_f1": 0.7970838396111787, "accuracy": 0.9624247456923396}, "81": {"micro_precision": 0.7761557177615572, "micro_recall": 0.7761557177615572, "micro_f1": 0.7761557177615572, "accuracy": 0.9613867552418518}, "123": {"micro_precision": 0.7871287128712872, "micro_recall": 0.7737226277372263, "micro_f1": 0.7803680981595092, "accuracy": 0.9630475399626324}}}