{"mistral-repeat-k": {"5": {"micro_precision": 0.8029790115098172, "micro_recall": 0.8695014662756598, "micro_f1": 0.8349172826469553, "accuracy": 0.963482485698613}, "29": {"micro_precision": 0.8334519572953737, "micro_recall": 0.8585043988269795, "micro_f1": 0.8457927049476346, "accuracy": 0.9648930334613275}, "42": {"micro_precision": 0.8154506437768241, "micro_recall": 0.8357771260997068, "micro_f1": 0.8254887762490948, "accuracy": 0.9612883002899459}, "81": {"micro_precision": 0.8348954578226387, "micro_recall": 0.8489736070381232, "micro_f1": 0.841875681570338, "accuracy": 0.963169030640232}, "123": {"micro_precision": 0.8406113537117904, "micro_recall": 0.8467741935483871, "micro_f1": 0.843681519357195, "accuracy": 0.9657550348718752}}}