{"mistral-repeat-k-early-exit": {"5": {"micro_precision": 0.7636986301369864, "micro_recall": 0.8174486803519062, "micro_f1": 0.7896600566572238, "accuracy": 0.955097562886921}, "29": {"micro_precision": 0.8020679468242246, "micro_recall": 0.7961876832844574, "micro_f1": 0.7991169977924945, "accuracy": 0.9571350207663977}, "42": {"micro_precision": 0.7892049598832969, "micro_recall": 0.7932551319648093, "micro_f1": 0.7912248628884826, "accuracy": 0.9565864744142308}, "81": {"micro_precision": 0.7805222300635145, "micro_recall": 0.8108504398826979, "micro_f1": 0.7953973390866593, "accuracy": 0.9578402946477549}, "123": {"micro_precision": 0.7922077922077922, "micro_recall": 0.8049853372434017, "micro_f1": 0.7985454545454546, "accuracy": 0.9575268395893739}}}