{"qwen3-unmasked": {"5": {"micro_precision": 0.7670250896057348, "micro_recall": 0.7844574780058651, "micro_f1": 0.7756433490395069, "accuracy": 0.9524331948906826}, "29": {"micro_precision": 0.7616724738675958, "micro_recall": 0.8013196480938416, "micro_f1": 0.7809932118613792, "accuracy": 0.9528250137136588}, "42": {"micro_precision": 0.7747292418772563, "micro_recall": 0.7866568914956011, "micro_f1": 0.7806475081847944, "accuracy": 0.9538437426533971}, "81": {"micro_precision": 0.7716535433070866, "micro_recall": 0.7903225806451613, "micro_f1": 0.7808764940239042, "accuracy": 0.9537653788888019}, "123": {"micro_precision": 0.7616654702081838, "micro_recall": 0.7778592375366569, "micro_f1": 0.769677185346391, "accuracy": 0.9514928297155395}}}