{"mistral-repeat-k-early-exit": {"5": {"micro_precision": 0.9653665097511769, "micro_recall": 0.9663412992258499, "micro_f1": 0.9658536585365854, "accuracy": 0.9939060005451501}, "29": {"micro_precision": 0.9652159300957822, "micro_recall": 0.9666778862335914, "micro_f1": 0.9659463549987388, "accuracy": 0.9938281219578677}, "42": {"micro_precision": 0.9659052737655358, "micro_recall": 0.9678559407606866, "micro_f1": 0.9668796234028245, "accuracy": 0.994061757719715}, "81": {"micro_precision": 0.9633859590191468, "micro_recall": 0.9653315382026254, "micro_f1": 0.9643577673167452, "accuracy": 0.9935360772555586}, "123": {"micro_precision": 0.9655982547407284, "micro_recall": 0.9683608212722989, "micro_f1": 0.9669775649105118, "accuracy": 0.9941785756006386}}}