{"qwen3-repeat-k-early-exit": {"5": {"micro_precision": 0.9505902192242833, "micro_recall": 0.9486704813194211, "micro_f1": 0.9496293800539084, "accuracy": 0.9908687356411354}, "29": {"micro_precision": 0.9491781281449179, "micro_recall": 0.9523729384045776, "micro_f1": 0.9507728494623656, "accuracy": 0.9909660838752385}, "42": {"micro_precision": 0.9497647849462365, "micro_recall": 0.9513631773813531, "micro_f1": 0.9505633092315453, "accuracy": 0.9908882052879561}, "81": {"micro_precision": 0.9472623446422573, "micro_recall": 0.9491753618310333, "micro_f1": 0.9482178883658373, "accuracy": 0.9903819944706203}, "123": {"micro_precision": 0.9483308169770173, "micro_recall": 0.9513631773813531, "micro_f1": 0.9498445769973957, "accuracy": 0.9908687356411354}}}