{"qwen3-repeat-k-early-exit": {"5": {"micro_precision": 0.8951442646023927, "micro_recall": 0.9008498583569405, "micro_f1": 0.8979879985880692, "accuracy": 0.9794336168838161}, "29": {"micro_precision": 0.8930575035063114, "micro_recall": 0.9019121813031161, "micro_f1": 0.897463002114165, "accuracy": 0.9794766878432217}, "42": {"micro_precision": 0.8939393939393939, "micro_recall": 0.898371104815864, "micro_f1": 0.8961497703991522, "accuracy": 0.9789598363303542}, "81": {"micro_precision": 0.8949033391915642, "micro_recall": 0.9015580736543909, "micro_f1": 0.8982183806667843, "accuracy": 0.9793044040055993}, "123": {"micro_precision": 0.8933661798345944, "micro_recall": 0.8989022662889519, "micro_f1": 0.8961256729326625, "accuracy": 0.9794982233229245}}}