{"qwen3": {"5": {"micro_precision": 0.7333096590909091, "micro_recall": 0.7312322946175638, "micro_f1": 0.7322695035460993, "accuracy": 0.9548831700226122}, "29": {"micro_precision": 0.7381798791325986, "micro_recall": 0.7353045325779037, "micro_f1": 0.7367394003902785, "accuracy": 0.9549908474211263}, "42": {"micro_precision": 0.7367670646943504, "micro_recall": 0.7319405099150141, "micro_f1": 0.734345856648015, "accuracy": 0.9554000215354796}, "81": {"micro_precision": 0.733714081741924, "micro_recall": 0.7278682719546742, "micro_f1": 0.7307794862678872, "accuracy": 0.9544309249488533}, "123": {"micro_precision": 0.7317768668686508, "micro_recall": 0.7269830028328612, "micro_f1": 0.7293720579092282, "accuracy": 0.9541509637127167}}}