{"gemma2": {"5": {"micro_precision": 0.8042477876106194, "micro_recall": 0.8045325779036827, "micro_f1": 0.8043901575500088, "accuracy": 0.9653924841175837}, "29": {"micro_precision": 0.7997856760135739, "micro_recall": 0.7928470254957507, "micro_f1": 0.7963012358851249, "accuracy": 0.9647464197264994}, "42": {"micro_precision": 0.8039041703637977, "micro_recall": 0.8020538243626062, "micro_f1": 0.8029779314012231, "accuracy": 0.9653924841175837}, "81": {"micro_precision": 0.8061188189256492, "micro_recall": 0.8024079320113314, "micro_f1": 0.8042590949423248, "accuracy": 0.9656724453537202}, "123": {"micro_precision": 0.798688640793904, "micro_recall": 0.7979815864022662, "micro_f1": 0.7983349570454343, "accuracy": 0.9649833100032303}}}