{"qwen3-repeat-k": {"5": {"micro_precision": 0.9024219024219025, "micro_recall": 0.9104107648725213, "micro_f1": 0.9063987308302486, "accuracy": 0.9818671260902336}, "29": {"micro_precision": 0.9086276577051485, "micro_recall": 0.9155453257790368, "micro_f1": 0.9120733750771673, "accuracy": 0.9820824808872618}, "42": {"micro_precision": 0.8988626421697288, "micro_recall": 0.9095254957507082, "micro_f1": 0.9041626331074539, "accuracy": 0.9811995262194465}, "81": {"micro_precision": 0.9056603773584906, "micro_recall": 0.9093484419263456, "micro_f1": 0.9075006626027035, "accuracy": 0.9814794874555831}, "123": {"micro_precision": 0.9085001756234633, "micro_recall": 0.915899433427762, "micro_f1": 0.9121847998589314, "accuracy": 0.9824701195219123}}}