{"mistral-repeat-k-early-exit": {"5": {"micro_precision": 0.9232660228270413, "micro_recall": 0.9309490084985835, "micro_f1": 0.9270915983425903, "accuracy": 0.985011306126844}, "29": {"micro_precision": 0.9286343612334802, "micro_recall": 0.9330736543909348, "micro_f1": 0.9308487150048573, "accuracy": 0.9858727253149564}, "42": {"micro_precision": 0.9329559525915443, "micro_recall": 0.9337818696883853, "micro_f1": 0.9333687284311123, "accuracy": 0.9858942607946592}, "81": {"micro_precision": 0.9305039787798408, "micro_recall": 0.931657223796034, "micro_f1": 0.9310802441829603, "accuracy": 0.985463551200603}, "123": {"micro_precision": 0.9291754756871036, "micro_recall": 0.9337818696883853, "micro_f1": 0.9314729777463794, "accuracy": 0.9858727253149564}}}