{"gemma2-unmasked": {"5": {"micro_precision": 0.9269108841141247, "micro_recall": 0.9318342776203966, "micro_f1": 0.9293660603920184, "accuracy": 0.985011306126844}, "29": {"micro_precision": 0.9220870791468359, "micro_recall": 0.9261685552407932, "micro_f1": 0.9241233106616022, "accuracy": 0.9843437062560568}, "42": {"micro_precision": 0.9279533815998587, "micro_recall": 0.9304178470254958, "micro_f1": 0.9291839801962691, "accuracy": 0.9852697318832777}, "81": {"micro_precision": 0.9275184275184275, "micro_recall": 0.935729461756374, "micro_f1": 0.9316058522827428, "accuracy": 0.9860450091525789}, "123": {"micro_precision": 0.9235097590997011, "micro_recall": 0.9298866855524079, "micro_f1": 0.9266872518747244, "accuracy": 0.9847098094110046}}}