{"gemma2-repeat-k": {"5": {"micro_precision": 0.9681795344163456, "micro_recall": 0.9729047458768092, "micro_f1": 0.9705363888189373, "accuracy": 0.9948210739457186}, "29": {"micro_precision": 0.9702920443101712, "micro_recall": 0.9729047458768092, "micro_f1": 0.9715966386554622, "accuracy": 0.9948794828861804}, "42": {"micro_precision": 0.9656731413261889, "micro_recall": 0.9705486368226186, "micro_f1": 0.9681047507134464, "accuracy": 0.9943538024220241}, "81": {"micro_precision": 0.9699815529096093, "micro_recall": 0.9734096263884214, "micro_f1": 0.971692566148677, "accuracy": 0.9948405435925393}, "123": {"micro_precision": 0.968304544692269, "micro_recall": 0.9717266913497139, "micro_f1": 0.9700125997480051, "accuracy": 0.9946653167711538}}}