{"mistral-repeat-k-early-exit": {"5": {"micro_precision": 0.9318022440392707, "micro_recall": 0.9410410764872521, "micro_f1": 0.9363988724453841, "accuracy": 0.9864757187466351}, "29": {"micro_precision": 0.9361067228365807, "micro_recall": 0.9442280453257791, "micro_f1": 0.9401498457470251, "accuracy": 0.9872940669753418}, "42": {"micro_precision": 0.9348780059680534, "micro_recall": 0.9429886685552408, "micro_f1": 0.9389158219479947, "accuracy": 0.9871002476580166}, "81": {"micro_precision": 0.9343309859154929, "micro_recall": 0.9396246458923513, "micro_f1": 0.9369703389830508, "accuracy": 0.9870356412189082}, "123": {"micro_precision": 0.935881627620222, "micro_recall": 0.9406869688385269, "micro_f1": 0.9382781456953643, "accuracy": 0.9866910735436631}}}