{"mistral-repeat-k": {"5": {"micro_precision": 0.9355179704016914, "micro_recall": 0.9401558073654391, "micro_f1": 0.9378311550688803, "accuracy": 0.986927963820394}, "29": {"micro_precision": 0.9366507852479266, "micro_recall": 0.9398016997167139, "micro_f1": 0.9382235969951392, "accuracy": 0.98682028642188}, "42": {"micro_precision": 0.9329107237189646, "micro_recall": 0.9380311614730878, "micro_f1": 0.9354639357287897, "accuracy": 0.9864757187466351}, "81": {"micro_precision": 0.9363572433192686, "micro_recall": 0.9429886685552408, "micro_f1": 0.9396612561750176, "accuracy": 0.9870571766986109}, "123": {"micro_precision": 0.935881627620222, "micro_recall": 0.9406869688385269, "micro_f1": 0.9382781456953643, "accuracy": 0.9870787121783138}}}