{"gemma2-repeat-k": {"5": {"micro_precision": 0.9698957282206525, "micro_recall": 0.9705486368226186, "micro_f1": 0.9702220726783312, "accuracy": 0.9945874381838713}, "29": {"micro_precision": 0.9677852348993289, "micro_recall": 0.9707169303264894, "micro_f1": 0.9692488657368509, "accuracy": 0.9945095595965889}, "42": {"micro_precision": 0.9669850846321435, "micro_recall": 0.971053517334231, "micro_f1": 0.969015030649089, "accuracy": 0.9944122113624859}, "81": {"micro_precision": 0.9684775318578136, "micro_recall": 0.9720632783574554, "micro_f1": 0.9702670922224089, "accuracy": 0.9946458471243331}, "123": {"micro_precision": 0.969452836522323, "micro_recall": 0.9720632783574554, "micro_f1": 0.9707563025210084, "accuracy": 0.9946653167711538}}}