{"gemma-unmasked": {"5": {"micro_precision": 0.9630189947890402, "micro_recall": 0.9641534836755301, "micro_f1": 0.9635859053065343, "accuracy": 0.9933803200809938}, "29": {"micro_precision": 0.9639684933802581, "micro_recall": 0.9680242342645574, "micro_f1": 0.9659921068099757, "accuracy": 0.9937307737237646}, "42": {"micro_precision": 0.9605704697986577, "micro_recall": 0.9634803096600472, "micro_f1": 0.9620231893799361, "accuracy": 0.9928157003231961}, "81": {"micro_precision": 0.9638837560893667, "micro_recall": 0.9656681252103669, "micro_f1": 0.9647751155947878, "accuracy": 0.9934581986682761}, "123": {"micro_precision": 0.9596774193548387, "micro_recall": 0.9612924941097274, "micro_f1": 0.9604842777871195, "accuracy": 0.9928157003231961}}}