{"qwen3-repeat-k": {"5": {"micro_precision": 0.9203306366514246, "micro_recall": 0.9265226628895185, "micro_f1": 0.9234162696311982, "accuracy": 0.9841929578981372}, "29": {"micro_precision": 0.9194171348314607, "micro_recall": 0.9272308781869688, "micro_f1": 0.9233074753173484, "accuracy": 0.9843006352966512}, "42": {"micro_precision": 0.9150795037567709, "micro_recall": 0.9272308781869688, "micro_f1": 0.9211151174039223, "accuracy": 0.9838483902228922}, "81": {"micro_precision": 0.9187006145741878, "micro_recall": 0.9263456090651558, "micro_f1": 0.9225072732081461, "accuracy": 0.984559061053085}, "123": {"micro_precision": 0.9200981251095146, "micro_recall": 0.9297096317280453, "micro_f1": 0.9248789079700572, "accuracy": 0.9844513836545709}}}