{"qwen3-repeat-k": {"5": {"micro_precision": 0.9105890603085554, "micro_recall": 0.9196175637393768, "micro_f1": 0.9150810429880197, "accuracy": 0.983073112953591}, "29": {"micro_precision": 0.915671117357695, "micro_recall": 0.9228045325779037, "micro_f1": 0.9192239858906527, "accuracy": 0.9832023258318079}, "42": {"micro_precision": 0.9122097114707952, "micro_recall": 0.9180240793201133, "micro_f1": 0.9151076597246736, "accuracy": 0.9827716162377517}, "81": {"micro_precision": 0.9073488045007032, "micro_recall": 0.9137747875354107, "micro_f1": 0.9105504587155964, "accuracy": 0.9819963389684505}, "123": {"micro_precision": 0.9123512946116166, "micro_recall": 0.9233356940509915, "micro_f1": 0.917810630059838, "accuracy": 0.9830515774738883}}}