{"qwen3-repeat-k": {"5": {"micro_precision": 0.9180299032541777, "micro_recall": 0.9240439093484419, "micro_f1": 0.9210270890320305, "accuracy": 0.9840852804996232}, "29": {"micro_precision": 0.9236721772775237, "micro_recall": 0.9298866855524079, "micro_f1": 0.926769013587436, "accuracy": 0.9848390222892215}, "42": {"micro_precision": 0.9154437456324249, "micro_recall": 0.9277620396600567, "micro_f1": 0.9215617305663033, "accuracy": 0.9837407128243781}, "81": {"micro_precision": 0.91777466759972, "micro_recall": 0.9288243626062322, "micro_f1": 0.9232664554734248, "accuracy": 0.9841929578981372}, "123": {"micro_precision": 0.9186209310465523, "micro_recall": 0.9293555240793201, "micro_f1": 0.9239570498151733, "accuracy": 0.9841283514590288}}}