{"gemma": {"5": {"micro_precision": 0.8723584108199492, "micro_recall": 0.8683944799730731, "micro_f1": 0.8703719321919541, "accuracy": 0.979556870838363}, "29": {"micro_precision": 0.870869858395145, "micro_recall": 0.8694042409962975, "micro_f1": 0.8701364325416877, "accuracy": 0.9798489155406721}, "42": {"micro_precision": 0.8700992764597005, "micro_recall": 0.8702457085156513, "micro_f1": 0.8701724863273034, "accuracy": 0.9794205833106188}, "81": {"micro_precision": 0.8731255265374894, "micro_recall": 0.8720969370582295, "micro_f1": 0.872610928685695, "accuracy": 0.9798683851874928}, "123": {"micro_precision": 0.8660907127429806, "micro_recall": 0.8773140356782229, "micro_f1": 0.871666248641418, "accuracy": 0.9798878548343133}}}