{"qwen3-repeat-k": {"5": {"micro_precision": 0.9190425906370996, "micro_recall": 0.9245750708215298, "micro_f1": 0.9218005295675199, "accuracy": 0.9838914611822979}, "29": {"micro_precision": 0.9167839549612948, "micro_recall": 0.9226274787535411, "micro_f1": 0.9196964348746912, "accuracy": 0.9836761063852697}, "42": {"micro_precision": 0.91005291005291, "micro_recall": 0.9135977337110481, "micro_f1": 0.911821876656653, "accuracy": 0.9827500807580489}, "81": {"micro_precision": 0.9161991584852734, "micro_recall": 0.9252832861189801, "micro_f1": 0.9207188160676534, "accuracy": 0.9840852804996232}, "123": {"micro_precision": 0.9207360226468507, "micro_recall": 0.9213881019830028, "micro_f1": 0.9210619469026547, "accuracy": 0.9836330354258641}}}