{"qwen3-repeat-k-early-exit": {"5": {"micro_precision": 0.8927820602662929, "micro_recall": 0.9022662889518414, "micro_f1": 0.8974991194082423, "accuracy": 0.9795197588026273}, "29": {"micro_precision": 0.8930895023738351, "micro_recall": 0.8992563739376771, "micro_f1": 0.8961623290692545, "accuracy": 0.9787229460536233}, "42": {"micro_precision": 0.8941696113074205, "micro_recall": 0.8960694050991501, "micro_f1": 0.8951185001768659, "accuracy": 0.9788090879724346}, "81": {"micro_precision": 0.8887721142056402, "micro_recall": 0.898371104815864, "micro_f1": 0.8935458307651668, "accuracy": 0.9788090879724346}, "123": {"micro_precision": 0.8895308123249299, "micro_recall": 0.8996104815864022, "micro_f1": 0.8945422535211267, "accuracy": 0.9788090879724346}}}