{"gemma-repeat-k": {"5": {"micro_precision": 0.9674551249790304, "micro_recall": 0.9705486368226186, "micro_f1": 0.9689994119129631, "accuracy": 0.9939644094856119}, "29": {"micro_precision": 0.9670975323149236, "micro_recall": 0.9695388757993941, "micro_f1": 0.9683166652659887, "accuracy": 0.9937697130174059}, "42": {"micro_precision": 0.9709243697478992, "micro_recall": 0.9722315718613261, "micro_f1": 0.9715775311133535, "accuracy": 0.9945679685370508}, "81": {"micro_precision": 0.9732728189611699, "micro_recall": 0.9744193874116459, "micro_f1": 0.9738457657051551, "accuracy": 0.9952104668821308}, "123": {"micro_precision": 0.9681047507134464, "micro_recall": 0.9705486368226186, "micro_f1": 0.9693251533742331, "accuracy": 0.9942953934815623}}}