{"qwen3-repeat-k": {"5": {"micro_precision": 0.960530735639906, "micro_recall": 0.9624705486368226, "micro_f1": 0.9614996637525218, "accuracy": 0.9932829718468907}, "29": {"micro_precision": 0.9583822789058567, "micro_recall": 0.9611242006058566, "micro_f1": 0.959751281404924, "accuracy": 0.9925431252677076}, "42": {"micro_precision": 0.9597518027838337, "micro_recall": 0.9631437226523056, "micro_f1": 0.9614447711045779, "accuracy": 0.9932050932596083}, "81": {"micro_precision": 0.9640396572004705, "micro_recall": 0.9654998317064961, "micro_f1": 0.9647691919616581, "accuracy": 0.9933997897278143}, "123": {"micro_precision": 0.9614029199530123, "micro_recall": 0.9641534836755301, "micro_f1": 0.9627762372909839, "accuracy": 0.9932245629064289}}}