{"gemma2-unmasked-middle": {"5": {"micro_precision": 0.9258087201125176, "micro_recall": 0.9323654390934845, "micro_f1": 0.929075511644319, "accuracy": 0.9851620544847637}, "29": {"micro_precision": 0.9204725797919239, "micro_recall": 0.9242209631728046, "micro_f1": 0.9223429631592898, "accuracy": 0.9837837837837838}, "42": {"micro_precision": 0.9222652128033767, "micro_recall": 0.9284702549575071, "micro_f1": 0.9253573319216517, "accuracy": 0.9843006352966512}, "81": {"micro_precision": 0.9256387665198238, "micro_recall": 0.9300637393767706, "micro_f1": 0.9278459772145191, "accuracy": 0.9849682351674384}, "123": {"micro_precision": 0.9227520675699454, "micro_recall": 0.9284702549575071, "micro_f1": 0.9256023298914482, "accuracy": 0.984774415850113}}}