{"gemma2-unmasked-middle": {"5": {"micro_precision": 0.9620956873315364, "micro_recall": 0.9611242006058566, "micro_f1": 0.9616096986024583, "accuracy": 0.9933219111405319}, "29": {"micro_precision": 0.9606656580937972, "micro_recall": 0.9617973746213396, "micro_f1": 0.9612311832478344, "accuracy": 0.9931661539659671}, "42": {"micro_precision": 0.9595705418553934, "micro_recall": 0.9626388421406934, "micro_f1": 0.9611022431319836, "accuracy": 0.9931661539659671}, "81": {"micro_precision": 0.9626639757820383, "micro_recall": 0.9633120161561763, "micro_f1": 0.9629878869448183, "accuracy": 0.9933803200809938}, "123": {"micro_precision": 0.9608929170862706, "micro_recall": 0.9634803096600472, "micro_f1": 0.9621848739495799, "accuracy": 0.9931466843191464}}}