{"qwen3-repeat-k-early-exit": {"5": {"micro_precision": 0.9479516453995971, "micro_recall": 0.9501851228542578, "micro_f1": 0.9490670700958145, "accuracy": 0.99069350881975}, "29": {"micro_precision": 0.9457220155563071, "micro_recall": 0.941265567149108, "micro_f1": 0.9434885290148448, "accuracy": 0.9895447996573342}, "42": {"micro_precision": 0.94395826321104, "micro_recall": 0.94395826321104, "micro_f1": 0.94395826321104, "accuracy": 0.9896810871850784}, "81": {"micro_precision": 0.9441930618401206, "micro_recall": 0.9481656008078089, "micro_f1": 0.9461751616424553, "accuracy": 0.9900899497683112}, "123": {"micro_precision": 0.9523089840470194, "micro_recall": 0.9543924604510265, "micro_f1": 0.9533495839287216, "accuracy": 0.9916475215139597}}}