{"gemma-unmasked-middle": {"5": {"micro_precision": 0.9314416637292915, "micro_recall": 0.935729461756374, "micro_f1": 0.9335806394629925, "accuracy": 0.9859804027134704}, "29": {"micro_precision": 0.9300650149358637, "micro_recall": 0.9371458923512748, "micro_f1": 0.933592027515654, "accuracy": 0.9861311510713902}, "42": {"micro_precision": 0.9294138355923253, "micro_recall": 0.9348441926345609, "micro_f1": 0.9321211051284314, "accuracy": 0.9856789059976311}, "81": {"micro_precision": 0.928093056045118, "micro_recall": 0.9323654390934845, "micro_f1": 0.9302243419890479, "accuracy": 0.9854204802411973}, "123": {"micro_precision": 0.8391730903994394, "micro_recall": 0.8480878186968839, "micro_f1": 0.8436069038393801, "accuracy": 0.9702164315710132}}}