{"mistral-repeat-k-early-exit": {"5": {"micro_precision": 0.9695448460508701, "micro_recall": 0.975092561427129, "micro_f1": 0.972310790401074, "accuracy": 0.9947821346520774}, "29": {"micro_precision": 0.9710217755443886, "micro_recall": 0.9755974419387412, "micro_f1": 0.9733042310275353, "accuracy": 0.9951715275884896}, "42": {"micro_precision": 0.9710314802411253, "micro_recall": 0.9759340289464826, "micro_f1": 0.9734765821722343, "accuracy": 0.9950547097075659}, "81": {"micro_precision": 0.9704896042924211, "micro_recall": 0.9740828004039044, "micro_f1": 0.9722828825802117, "accuracy": 0.9949768311202835}, "123": {"micro_precision": 0.9704697986577181, "micro_recall": 0.9734096263884214, "micro_f1": 0.9719374894975634, "accuracy": 0.9948794828861804}}}