{"mistral-repeat-k-early-exit": {"5": {"micro_precision": 0.9310466138962181, "micro_recall": 0.9371458923512748, "micro_f1": 0.934086296655784, "accuracy": 0.9860880801119845}, "29": {"micro_precision": 0.9301179369829256, "micro_recall": 0.9355524079320113, "micro_f1": 0.9328272574808016, "accuracy": 0.9858727253149564}, "42": {"micro_precision": 0.9299631384939442, "micro_recall": 0.9380311614730878, "micro_f1": 0.9339797267518731, "accuracy": 0.9860019381931733}, "81": {"micro_precision": 0.9314416637292915, "micro_recall": 0.935729461756374, "micro_f1": 0.9335806394629925, "accuracy": 0.9858511898352535}, "123": {"micro_precision": 0.931119311193112, "micro_recall": 0.9382082152974505, "micro_f1": 0.9346503218978746, "accuracy": 0.9859804027134704}}}