{"gemma2-repeat-k": {"5": {"micro_precision": 0.9630810538680987, "micro_recall": 0.9658364187142376, "micro_f1": 0.9644567683387951, "accuracy": 0.9935360772555586}, "29": {"micro_precision": 0.9615707333445209, "micro_recall": 0.9643217771794009, "micro_f1": 0.9629442903957651, "accuracy": 0.9934581986682761}, "42": {"micro_precision": 0.9614611260053619, "micro_recall": 0.9656681252103669, "micro_f1": 0.9635600335852225, "accuracy": 0.9936723647833028}, "81": {"micro_precision": 0.9607250755287009, "micro_recall": 0.9633120161561763, "micro_f1": 0.9620168067226891, "accuracy": 0.9928935789104786}, "123": {"micro_precision": 0.9641775983854692, "micro_recall": 0.9648266576910132, "micro_f1": 0.9645020188425304, "accuracy": 0.9936723647833028}}}