{"qwen3-repeat-k-early-exit": {"5": {"micro_precision": 0.8652059596844873, "micro_recall": 0.8739376770538244, "micro_f1": 0.8695498987051881, "accuracy": 0.9747604177883062}, "29": {"micro_precision": 0.8632867132867132, "micro_recall": 0.8742917847025495, "micro_f1": 0.8687543983110485, "accuracy": 0.9742004953160331}, "42": {"micro_precision": 0.8578636047320807, "micro_recall": 0.8730524079320113, "micro_f1": 0.8653913653913653, "accuracy": 0.9737051792828685}, "81": {"micro_precision": 0.8625741192884548, "micro_recall": 0.8757082152974505, "micro_f1": 0.8690915480583377, "accuracy": 0.974674275869495}, "123": {"micro_precision": 0.8697170799860287, "micro_recall": 0.8817280453257791, "micro_f1": 0.8756813785827327, "accuracy": 0.9754064821793905}}}