{"mistral-repeat-k-early-exit": {"5": {"micro_precision": 0.9356200527704486, "micro_recall": 0.9417492917847026, "micro_f1": 0.9386746669019677, "accuracy": 0.9872079250565307}, "29": {"micro_precision": 0.9392070484581497, "micro_recall": 0.9436968838526912, "micro_f1": 0.941446613088404, "accuracy": 0.9870787121783138}, "42": {"micro_precision": 0.9372687224669604, "micro_recall": 0.9417492917847026, "micro_f1": 0.9395036651064206, "accuracy": 0.9874878862926671}, "81": {"micro_precision": 0.9362563831660503, "micro_recall": 0.9413951841359773, "micro_f1": 0.9388187516553367, "accuracy": 0.9871863895768278}, "123": {"micro_precision": 0.9399042722921468, "micro_recall": 0.9387393767705382, "micro_f1": 0.9393214633714235, "accuracy": 0.9868848928609885}}}