{"qwen3": {"5": {"micro_precision": 0.725417110401136, "micro_recall": 0.7236189801699717, "micro_f1": 0.7245169296224074, "accuracy": 0.9530526542478733}, "29": {"micro_precision": 0.7238610577762262, "micro_recall": 0.734242209631728, "micro_f1": 0.7290146787378043, "accuracy": 0.9540002153547971}, "42": {"micro_precision": 0.7358658819332977, "micro_recall": 0.7305240793201133, "micro_f1": 0.7331852509995558, "accuracy": 0.9546462797458813}, "81": {"micro_precision": 0.7268041237113402, "micro_recall": 0.7239730878186968, "micro_f1": 0.7253858435337945, "accuracy": 0.9532680090449015}, "123": {"micro_precision": 0.7316595441595442, "micro_recall": 0.7275141643059491, "micro_f1": 0.7295809659090909, "accuracy": 0.9541078927533111}}}