{"mistral-repeat-k-early-exit": {"5": {"micro_precision": 0.9357782067029303, "micro_recall": 0.9442280453257791, "micro_f1": 0.9399841367762405, "accuracy": 0.9872294605362334}, "29": {"micro_precision": 0.9353986974124274, "micro_recall": 0.9408640226628895, "micro_f1": 0.9381234001235768, "accuracy": 0.98682028642188}, "42": {"micro_precision": 0.9376979936642027, "micro_recall": 0.943342776203966, "micro_f1": 0.9405119152691968, "accuracy": 0.987401744373856}, "81": {"micro_precision": 0.9365500176740897, "micro_recall": 0.9382082152974505, "micro_f1": 0.9373783831593844, "accuracy": 0.9870141057392053}, "123": {"micro_precision": 0.9338712506577793, "micro_recall": 0.9426345609065155, "micro_f1": 0.9382324433870826, "accuracy": 0.9869925702595025}}}