{"mistral-repeat-k-early-exit": {"5": {"micro_precision": 0.9334737581183079, "micro_recall": 0.94157223796034, "micro_f1": 0.9375055090348171, "accuracy": 0.9867556799827716}, "29": {"micro_precision": 0.9303062302006336, "micro_recall": 0.9359065155807366, "micro_f1": 0.9330979699911739, "accuracy": 0.9863034349090126}, "42": {"micro_precision": 0.9324087078651685, "micro_recall": 0.9403328611898017, "micro_f1": 0.9363540197461213, "accuracy": 0.9863249703887154}, "81": {"micro_precision": 0.9299912049252419, "micro_recall": 0.9360835694050992, "micro_f1": 0.9330274419835878, "accuracy": 0.9859588672337676}, "123": {"micro_precision": 0.9292644205327218, "micro_recall": 0.9327195467422096, "micro_f1": 0.930988777944685, "accuracy": 0.9856358350382255}}}