{"gemma": {"5": {"micro_precision": 0.8183597224693115, "micro_recall": 0.8144475920679887, "micro_f1": 0.8163989706273848, "accuracy": 0.9679121352428125}, "29": {"micro_precision": 0.8194198797311638, "micro_recall": 0.8202903682719547, "micro_f1": 0.8198548929393028, "accuracy": 0.9688381608700334}, "42": {"micro_precision": 0.8156592435489572, "micro_recall": 0.8171033994334278, "micro_f1": 0.8163806828232796, "accuracy": 0.9680413481210294}, "81": {"micro_precision": 0.8229978738483346, "micro_recall": 0.822415014164306, "micro_f1": 0.822706340772228, "accuracy": 0.9689243027888447}, "123": {"micro_precision": 0.8107826086956522, "micro_recall": 0.8254249291784702, "micro_f1": 0.8180382523249693, "accuracy": 0.9679552062022182}}}