{"qwen3-unmasked": {"5": {"micro_precision": 0.8982363315696649, "micro_recall": 0.9017351274787535, "micro_f1": 0.899982329033398, "accuracy": 0.979907397437278}, "29": {"micro_precision": 0.9088805837337605, "micro_recall": 0.90421388101983, "micro_f1": 0.9065412265909292, "accuracy": 0.9811349197803381}, "42": {"micro_precision": 0.8962413975648491, "micro_recall": 0.8992563739376771, "micro_f1": 0.8977463543968184, "accuracy": 0.9791751911273824}, "81": {"micro_precision": 0.901619148187258, "micro_recall": 0.9070467422096318, "micro_f1": 0.9043248014121801, "accuracy": 0.9798427909981695}, "123": {"micro_precision": 0.9014059753954305, "micro_recall": 0.9081090651558074, "micro_f1": 0.9047451049567825, "accuracy": 0.9803381070313342}}}