{"qwen3-unmasked": {"5": {"micro_precision": 0.9550429365212999, "micro_recall": 0.9545607539548974, "micro_f1": 0.9548017843615857, "accuracy": 0.9915891125734979}, "29": {"micro_precision": 0.9543547575096493, "micro_recall": 0.9570851565129586, "micro_f1": 0.9557180068901772, "accuracy": 0.9920563840971924}, "42": {"micro_precision": 0.9536912751677852, "micro_recall": 0.9565802760013463, "micro_f1": 0.9551335909931103, "accuracy": 0.9920369144503719}, "81": {"micro_precision": 0.9539263494198755, "micro_recall": 0.9547290474587681, "micro_f1": 0.9543275296492556, "accuracy": 0.9918422179821658}, "123": {"micro_precision": 0.9537737434863002, "micro_recall": 0.9548973409626389, "micro_f1": 0.9543352115044992, "accuracy": 0.9918227483353452}}}