{"gemma2-repeat-k": {"5": {"micro_precision": 0.9251628807888713, "micro_recall": 0.9302407932011332, "micro_f1": 0.9276948883199434, "accuracy": 0.9844944546139766}, "29": {"micro_precision": 0.924146427314326, "micro_recall": 0.9297096317280453, "micro_f1": 0.926919682259488, "accuracy": 0.9846882739313019}, "42": {"micro_precision": 0.921334503950834, "micro_recall": 0.9290014164305949, "micro_f1": 0.9251520761703254, "accuracy": 0.9844729191342737}, "81": {"micro_precision": 0.92191347168484, "micro_recall": 0.9281161473087819, "micro_f1": 0.9250044115052056, "accuracy": 0.9841714224184344}, "123": {"micro_precision": 0.922697658038387, "micro_recall": 0.9277620396600567, "micro_f1": 0.9252229186898561, "accuracy": 0.9844729191342737}}}