{"qwen3-unmasked-middle": {"5": {"micro_precision": 0.914766748509295, "micro_recall": 0.9235127478753541, "micro_f1": 0.9191189427312775, "accuracy": 0.9835038225476472}, "29": {"micro_precision": 0.9117492558220978, "micro_recall": 0.9219192634560907, "micro_f1": 0.9168060568712035, "accuracy": 0.9833961451491332}, "42": {"micro_precision": 0.9157283603096411, "micro_recall": 0.9215651558073654, "micro_f1": 0.9186374867631486, "accuracy": 0.9833530741897276}, "81": {"micro_precision": 0.9107299142307019, "micro_recall": 0.9212110481586402, "micro_f1": 0.9159404981955814, "accuracy": 0.983073112953591}, "123": {"micro_precision": 0.9187719298245614, "micro_recall": 0.9272308781869688, "micro_f1": 0.9229820232640114, "accuracy": 0.9840637450199203}}}