{"mistral-repeat-k-early-exit": {"5": {"micro_precision": 0.9685767097966729, "micro_recall": 0.9700437563110064, "micro_f1": 0.9693096779618262, "accuracy": 0.9943927417156653}, "29": {"micro_precision": 0.9677744209466264, "micro_recall": 0.9703803433187479, "micro_f1": 0.9690756302521009, "accuracy": 0.9943927417156653}, "42": {"micro_precision": 0.9664485824526087, "micro_recall": 0.9695388757993941, "micro_f1": 0.9679912627068806, "accuracy": 0.9942369845411004}, "81": {"micro_precision": 0.96875, "micro_recall": 0.9703803433187479, "micro_f1": 0.9695644862956112, "accuracy": 0.9943343327752034}, "123": {"micro_precision": 0.9662468513853905, "micro_recall": 0.9683608212722989, "micro_f1": 0.9673026813482392, "accuracy": 0.9941006970133561}}}