{"qwen3-repeat-k": {"5": {"micro_precision": 0.9587248322147651, "micro_recall": 0.9616290811174689, "micro_f1": 0.9601747605444464, "accuracy": 0.9929519878509404}, "29": {"micro_precision": 0.9602482388460248, "micro_recall": 0.9634803096600472, "micro_f1": 0.961861559139785, "accuracy": 0.9932829718468907}, "42": {"micro_precision": 0.9610868835961087, "micro_recall": 0.9643217771794009, "micro_f1": 0.9627016129032259, "accuracy": 0.9934581986682761}, "81": {"micro_precision": 0.9636974789915966, "micro_recall": 0.9649949511948839, "micro_f1": 0.9643457786747394, "accuracy": 0.9934776683150968}, "123": {"micro_precision": 0.9622673151098441, "micro_recall": 0.9656681252103669, "micro_f1": 0.9639647207055858, "accuracy": 0.9934581986682761}}}