{"mistral-unmasked": {"5": {"micro_precision": 0.9317226890756303, "micro_recall": 0.9422804532577904, "micro_f1": 0.9369718309859155, "accuracy": 0.986927963820394}, "29": {"micro_precision": 0.9309859154929577, "micro_recall": 0.9362606232294618, "micro_f1": 0.9336158192090395, "accuracy": 0.986260363949607}, "42": {"micro_precision": 0.9351151749604361, "micro_recall": 0.94157223796034, "micro_f1": 0.9383325981473313, "accuracy": 0.9870571766986109}, "81": {"micro_precision": 0.9350695055428471, "micro_recall": 0.9408640226628895, "micro_f1": 0.9379578148442327, "accuracy": 0.9869064283406913}, "123": {"micro_precision": 0.9359562455892732, "micro_recall": 0.939270538243626, "micro_f1": 0.9376104630611524, "accuracy": 0.9868633573812857}}}