{"qwen3-repeat-k-early-exit": {"5": {"micro_precision": 0.9415322580645161, "micro_recall": 0.9431167956916863, "micro_f1": 0.9423238607701362, "accuracy": 0.9896421478914372}, "29": {"micro_precision": 0.9419560476430129, "micro_recall": 0.9449680242342645, "micro_f1": 0.9434596320255397, "accuracy": 0.9898368443596434}, "42": {"micro_precision": 0.9433041722745625, "micro_recall": 0.9436216762032985, "micro_f1": 0.9434628975265018, "accuracy": 0.989603208597796}, "81": {"micro_precision": 0.945053092870386, "micro_recall": 0.9436216762032985, "micro_f1": 0.9443368421052631, "accuracy": 0.9897979050660021}, "123": {"micro_precision": 0.946137013970712, "micro_recall": 0.9459777852574891, "micro_f1": 0.9460573929142473, "accuracy": 0.9902457069428761}}}