{"gemma2-repeat-k": {"5": {"micro_precision": 0.9646880780225323, "micro_recall": 0.9654998317064961, "micro_f1": 0.9650937841702414, "accuracy": 0.9937113040769441}, "29": {"micro_precision": 0.9619976458718682, "micro_recall": 0.9628071356445641, "micro_f1": 0.9624022205399949, "accuracy": 0.9934192593746349}, "42": {"micro_precision": 0.9641836219942829, "micro_recall": 0.9649949511948839, "micro_f1": 0.9645891159895703, "accuracy": 0.9938670612515089}, "81": {"micro_precision": 0.9620805369127516, "micro_recall": 0.9649949511948839, "micro_f1": 0.9635355402453368, "accuracy": 0.9935360772555586}, "123": {"micro_precision": 0.9631870902672718, "micro_recall": 0.9643217771794009, "micro_f1": 0.9637540997392986, "accuracy": 0.9934581986682761}}}