{"gemma-repeat-k": {"5": {"micro_precision": 0.9670532862665995, "micro_recall": 0.9681925277684281, "micro_f1": 0.9676225716928771, "accuracy": 0.9937502433705853}, "29": {"micro_precision": 0.9658634538152611, "micro_recall": 0.9713901043419724, "micro_f1": 0.968618895787884, "accuracy": 0.9939838791324326}, "42": {"micro_precision": 0.9699765179469977, "micro_recall": 0.9732413328845506, "micro_f1": 0.9716061827956989, "accuracy": 0.9947626650052568}, "81": {"micro_precision": 0.9719831223628692, "micro_recall": 0.9692022887916526, "micro_f1": 0.9705907137439959, "accuracy": 0.9945095595965889}, "123": {"micro_precision": 0.9682939104177152, "micro_recall": 0.9713901043419724, "micro_f1": 0.9698395362513653, "accuracy": 0.9943538024220241}}}