{"mistral-repeat-k-early-exit": {"5": {"micro_precision": 0.9638533960995292, "micro_recall": 0.9648266576910132, "micro_f1": 0.9643397813288478, "accuracy": 0.9934581986682761}, "29": {"micro_precision": 0.9610476830087307, "micro_recall": 0.9633120161561763, "micro_f1": 0.962178517397882, "accuracy": 0.9930688057318641}, "42": {"micro_precision": 0.9633305298570227, "micro_recall": 0.9638168966677886, "micro_f1": 0.9635736518886179, "accuracy": 0.9932829718468907}, "81": {"micro_precision": 0.963056255247691, "micro_recall": 0.9651632446987546, "micro_f1": 0.9641085988064217, "accuracy": 0.9935360772555586}, "123": {"micro_precision": 0.9643157717555967, "micro_recall": 0.9641534836755301, "micro_f1": 0.9642346208869814, "accuracy": 0.9933608504341731}}}