{"qwen3-repeat-k": {"5": {"micro_precision": 0.9611829944547134, "micro_recall": 0.9626388421406934, "micro_f1": 0.9619103674430337, "accuracy": 0.9930882753786846}, "29": {"micro_precision": 0.9571691484022085, "micro_recall": 0.9628071356445641, "micro_f1": 0.9599798640825573, "accuracy": 0.9928351699700168}, "42": {"micro_precision": 0.9596585202544359, "micro_recall": 0.9648266576910132, "micro_f1": 0.9622356495468277, "accuracy": 0.9934581986682761}, "81": {"micro_precision": 0.9629319020462932, "micro_recall": 0.9661730057219792, "micro_f1": 0.9645497311827959, "accuracy": 0.9934776683150968}, "123": {"micro_precision": 0.9580958766342608, "micro_recall": 0.9619656681252103, "micro_f1": 0.9600268726906281, "accuracy": 0.9927378217359137}}}