{"mistral-repeat-k-early-exit": {"5": {"micro_precision": 0.9636486031639179, "micro_recall": 0.9636486031639179, "micro_f1": 0.9636486031639179, "accuracy": 0.9935750165491998}, "29": {"micro_precision": 0.9644781144781145, "micro_recall": 0.9641534836755301, "micro_f1": 0.9643157717555967, "accuracy": 0.9933608504341731}, "42": {"micro_precision": 0.9614288110011739, "micro_recall": 0.9648266576910132, "micro_f1": 0.96312473750525, "accuracy": 0.9934192593746349}, "81": {"micro_precision": 0.9673345681091092, "micro_recall": 0.9668461797374621, "micro_f1": 0.9670903122632775, "accuracy": 0.9941201666601768}, "123": {"micro_precision": 0.9609060402684564, "micro_recall": 0.9638168966677886, "micro_f1": 0.9623592673500252, "accuracy": 0.9933413807873526}}}