{"gemma-unmasked": {"5": {"micro_precision": 0.9252681554422367, "micro_recall": 0.931657223796034, "micro_f1": 0.9284516982796648, "accuracy": 0.9848605577689243}, "29": {"micro_precision": 0.9246876649656871, "micro_recall": 0.9304178470254958, "micro_f1": 0.9275439060983144, "accuracy": 0.9850328416065468}, "42": {"micro_precision": 0.9212004212004212, "micro_recall": 0.9293555240793201, "micro_f1": 0.9252600035254716, "accuracy": 0.9846236674921934}, "81": {"micro_precision": 0.9233870967741935, "micro_recall": 0.9325424929178471, "micro_f1": 0.9279422128259337, "accuracy": 0.9849682351674384}, "123": {"micro_precision": 0.927208480565371, "micro_recall": 0.9291784702549575, "micro_f1": 0.9281924301379555, "accuracy": 0.9852051254441693}}}