{"qwen3": {"5": {"micro_precision": 0.7922868741542625, "micro_recall": 0.7882867721305957, "micro_f1": 0.7902817614307406, "accuracy": 0.9686928079124645}, "29": {"micro_precision": 0.7931618144888287, "micro_recall": 0.7886233591383373, "micro_f1": 0.7908860759493671, "accuracy": 0.9689848526147735}, "42": {"micro_precision": 0.7955239064089522, "micro_recall": 0.7896331201615617, "micro_f1": 0.7925675675675675, "accuracy": 0.9691406097893385}, "81": {"micro_precision": 0.7956426279344705, "micro_recall": 0.792830696735106, "micro_f1": 0.7942341734805697, "accuracy": 0.9696273509598536}, "123": {"micro_precision": 0.7919689556267926, "micro_recall": 0.7899697071693033, "micro_f1": 0.7909680680765018, "accuracy": 0.9688290954402087}}}