{"qwen3-repeat-k-early-exit": {"5": {"micro_precision": 0.9412952060555089, "micro_recall": 0.9417704476607203, "micro_f1": 0.9415327668881972, "accuracy": 0.9895642693041549}, "29": {"micro_precision": 0.9348844994978239, "micro_recall": 0.939919219118142, "micro_f1": 0.937395099026519, "accuracy": 0.9887660137845099}, "42": {"micro_precision": 0.9402128018915724, "micro_recall": 0.9368899360484685, "micro_f1": 0.9385484278850207, "accuracy": 0.9887854834313305}, "81": {"micro_precision": 0.939552113150362, "micro_recall": 0.9390777515987883, "micro_f1": 0.9393148724854811, "accuracy": 0.988863362018613}, "123": {"micro_precision": 0.9346986738291087, "micro_recall": 0.9370582295523393, "micro_f1": 0.9358769644507943, "accuracy": 0.9886686655504069}}}