{"gemma2": {"5": {"micro_precision": 0.8644986449864499, "micro_recall": 0.858970043756311, "micro_f1": 0.8617254769542462, "accuracy": 0.9784665706164091}, "29": {"micro_precision": 0.8588654891304348, "micro_recall": 0.8510602490743857, "micro_f1": 0.854945054945055, "accuracy": 0.9776683150967641}, "42": {"micro_precision": 0.8613089182773822, "micro_recall": 0.854930999663413, "micro_f1": 0.8581081081081082, "accuracy": 0.9780577080331763}, "81": {"micro_precision": 0.8613644039175954, "micro_recall": 0.8584651632446988, "micro_f1": 0.859912339851652, "accuracy": 0.9779214205054321}, "123": {"micro_precision": 0.8652027027027027, "micro_recall": 0.8619993268259846, "micro_f1": 0.8635980441746756, "accuracy": 0.9789533117869242}}}