{"qwen3-unmasked-middle": {"5": {"micro_precision": 0.9472008045591687, "micro_recall": 0.9510265903736116, "micro_f1": 0.9491098421229427, "accuracy": 0.9908103267006737}, "29": {"micro_precision": 0.9466800804828974, "micro_recall": 0.9501851228542578, "micro_f1": 0.9484293633462121, "accuracy": 0.9906740391729294}, "42": {"micro_precision": 0.9470855031076768, "micro_recall": 0.9488387748232918, "micro_f1": 0.9479613282891972, "accuracy": 0.9907908570538531}, "81": {"micro_precision": 0.9483773331091306, "micro_recall": 0.9491753618310333, "micro_f1": 0.9487761796618723, "accuracy": 0.9909076749347767}, "123": {"micro_precision": 0.9455004205214466, "micro_recall": 0.9459777852574891, "micro_f1": 0.9457390426516362, "accuracy": 0.9904404034110821}}}