{"qwen3-unmasked-middle": {"5": {"micro_precision": 0.9236318845680098, "micro_recall": 0.9293555240793201, "micro_f1": 0.9264848645309328, "accuracy": 0.9847313448907075}, "29": {"micro_precision": 0.9158780231335436, "micro_recall": 0.9252832861189801, "micro_f1": 0.9205566320239563, "accuracy": 0.9834607515882416}, "42": {"micro_precision": 0.9187719298245614, "micro_recall": 0.9272308781869688, "micro_f1": 0.9229820232640114, "accuracy": 0.9840637450199203}, "81": {"micro_precision": 0.920732781398626, "micro_recall": 0.9254603399433428, "micro_f1": 0.9230905077262692, "accuracy": 0.9839560676214063}, "123": {"micro_precision": 0.9128608923884515, "micro_recall": 0.9236898016997167, "micro_f1": 0.9182434216316114, "accuracy": 0.9837191773446754}}}