{"mistral-repeat-k-early-exit": {"5": {"micro_precision": 0.9691919191919192, "micro_recall": 0.9688657017839112, "micro_f1": 0.9690287830331593, "accuracy": 0.9943538024220241}, "29": {"micro_precision": 0.9683417085427136, "micro_recall": 0.9729047458768092, "micro_f1": 0.9706178643384822, "accuracy": 0.9945679685370508}, "42": {"micro_precision": 0.9676933377971209, "micro_recall": 0.9729047458768092, "micro_f1": 0.9702920443101712, "accuracy": 0.9947431953584362}, "81": {"micro_precision": 0.9683554957077933, "micro_recall": 0.9681925277684281, "micro_f1": 0.9682740048809222, "accuracy": 0.994159105953818}, "123": {"micro_precision": 0.9671801741460148, "micro_recall": 0.9720632783574554, "micro_f1": 0.9696155783112306, "accuracy": 0.9942759238347416}}}