{"gemma-repeat-k": {"5": {"micro_precision": 0.9287222808870116, "micro_recall": 0.9343130311614731, "micro_f1": 0.9315092674315975, "accuracy": 0.9856142995585226}, "29": {"micro_precision": 0.9283336253723498, "micro_recall": 0.9380311614730878, "micro_f1": 0.9331571994715984, "accuracy": 0.9861526865510929}, "42": {"micro_precision": 0.9301793879704537, "micro_recall": 0.9364376770538244, "micro_f1": 0.9332980412916888, "accuracy": 0.985808118875848}, "81": {"micro_precision": 0.9303024942508402, "micro_recall": 0.9311260623229461, "micro_f1": 0.9307140960976905, "accuracy": 0.9856789059976311}, "123": {"micro_precision": 0.929787607512726, "micro_recall": 0.9378541076487252, "micro_f1": 0.9338034376377259, "accuracy": 0.9861742220307957}}}