{"mistral-repeat-k-early-exit": {"5": {"micro_precision": 0.9648005363727791, "micro_recall": 0.9686974082800404, "micro_f1": 0.9667450453476654, "accuracy": 0.9939449398387913}, "29": {"micro_precision": 0.966303436714166, "micro_recall": 0.9700437563110064, "micro_f1": 0.9681699840429998, "accuracy": 0.9941980452474593}, "42": {"micro_precision": 0.9675739247311828, "micro_recall": 0.9692022887916526, "micro_f1": 0.9683874222296955, "accuracy": 0.9940812273665356}, "81": {"micro_precision": 0.9671251257967125, "micro_recall": 0.9703803433187479, "micro_f1": 0.9687499999999999, "accuracy": 0.994159105953818}, "123": {"micro_precision": 0.9641960849924711, "micro_recall": 0.9698754628071357, "micro_f1": 0.9670274351875157, "accuracy": 0.9941785756006386}}}