{"gemma2": {"5": {"micro_precision": 0.875801552480594, "micro_recall": 0.8734432850891956, "micro_f1": 0.8746208291203236, "accuracy": 0.9807250496475994}, "29": {"micro_precision": 0.8752105085887504, "micro_recall": 0.8746213396162908, "micro_f1": 0.874915824915825, "accuracy": 0.9806277014134963}, "42": {"micro_precision": 0.8751474304970513, "micro_recall": 0.8741164591046786, "micro_f1": 0.8746316409867811, "accuracy": 0.9805303531793933}, "81": {"micro_precision": 0.8748946214803575, "micro_recall": 0.8732749915853248, "micro_f1": 0.8740840562621073, "accuracy": 0.9803356567111873},"123": {"micro_precision": 0.8730853391684902, "micro_recall": 0.8729384045775833, "micro_f1": 0.8730118656904822, "accuracy": 0.9802577781239048}}}
