{"mistral-repeat-k-early-exit": {"5": {"micro_precision": 0.9377762064698604, "micro_recall": 0.939270538243626, "micro_f1": 0.9385227775320655, "accuracy": 0.9867772154624744}, "29": {"micro_precision": 0.9330985915492958, "micro_recall": 0.9383852691218131, "micro_f1": 0.9357344632768362, "accuracy": 0.9863680413481211}, "42": {"micro_precision": 0.9305263157894736, "micro_recall": 0.9390934844192634, "micro_f1": 0.9347902714134648, "accuracy": 0.9861526865510929}, "81": {"micro_precision": 0.9332630839480155, "micro_recall": 0.9408640226628895, "micro_f1": 0.9370481396579087, "accuracy": 0.9868633573812857}, "123": {"micro_precision": 0.932349323493235, "micro_recall": 0.9394475920679887, "micro_f1": 0.935884998677132, "accuracy": 0.9865403251857435}}}