{"mistral-repeat-k-early-exit": {"5": {"micro_precision": 0.968040370058873, "micro_recall": 0.9685291147761697, "micro_f1": 0.9682846807436696, "accuracy": 0.9941785756006386}, "29": {"micro_precision": 0.968949311849614, "micro_recall": 0.9715583978458432, "micro_f1": 0.9702521008403361, "accuracy": 0.9942759238347416}, "42": {"micro_precision": 0.9698340874811463, "micro_recall": 0.9739145069000337, "micro_f1": 0.971870014274918, "accuracy": 0.9948989525330011}, "81": {"micro_precision": 0.9688285570638512, "micro_recall": 0.9729047458768092, "micro_f1": 0.9708623729952138, "accuracy": 0.9946653167711538}, "123": {"micro_precision": 0.9693467336683417, "micro_recall": 0.9739145069000337, "micro_f1": 0.9716252518468771, "accuracy": 0.9948405435925393}}}