{"qwen3-repeat-k-early-exit": {"5": {"micro_precision": 0.9470943903258314, "micro_recall": 0.9490070683271625, "micro_f1": 0.9480497646267653, "accuracy": 0.9907129784665706}, "29": {"micro_precision": 0.9469353484466835, "micro_recall": 0.9490070683271625, "micro_f1": 0.9479700764898714, "accuracy": 0.9903625248237997}, "42": {"micro_precision": 0.945582801477998, "micro_recall": 0.9474924267923258, "micro_f1": 0.9465366509751176, "accuracy": 0.9903235855301585}, "81": {"micro_precision": 0.9477749790092359, "micro_recall": 0.9498485358465163, "micro_f1": 0.9488106245271918, "accuracy": 0.9905572212920057}, "123": {"micro_precision": 0.9477047250714646, "micro_recall": 0.9485021878155503, "micro_f1": 0.9481032887543107, "accuracy": 0.9904598730579027}}}