{"mistral-repeat-k": {"5": {"micro_precision": 0.9698087889969809, "micro_recall": 0.9730730393806799, "micro_f1": 0.9714381720430108, "accuracy": 0.994801604298898}, "29": {"micro_precision": 0.9707710398118595, "micro_recall": 0.9725681588690677, "micro_f1": 0.9716687683900799, "accuracy": 0.9948405435925393}, "42": {"micro_precision": 0.9706030572820427, "micro_recall": 0.972399865365197, "micro_f1": 0.971500630517024, "accuracy": 0.9949573614734629}, "81": {"micro_precision": 0.9704598858677409, "micro_recall": 0.9730730393806799, "micro_f1": 0.971764705882353, "accuracy": 0.9949184221798216}, "123": {"micro_precision": 0.9714333725424299, "micro_recall": 0.9729047458768092, "micro_f1": 0.9721685024804508, "accuracy": 0.9947431953584362}}}