{"mistral-repeat-k-early-exit": {"5": {"micro_precision": 0.931350114416476, "micro_recall": 0.9367917847025495, "micro_f1": 0.934063024097449, "accuracy": 0.9865618606654464}, "29": {"micro_precision": 0.9323799435028248, "micro_recall": 0.9350212464589235, "micro_f1": 0.9336987270155588, "accuracy": 0.986023473672876}, "42": {"micro_precision": 0.9294262583597325, "micro_recall": 0.9350212464589235, "micro_f1": 0.9322153574580758, "accuracy": 0.9860880801119845}, "81": {"micro_precision": 0.9317580673602539, "micro_recall": 0.9355524079320113, "micro_f1": 0.9336513826309745, "accuracy": 0.9861096155916873}, "123": {"micro_precision": 0.9305237171574678, "micro_recall": 0.9343130311614731, "micro_f1": 0.9324145242512589, "accuracy": 0.9861526865510929}}}