{"qwen3": {"5": {"micro_precision": 0.7144124955626553, "micro_recall": 0.7126416430594901, "micro_f1": 0.7135259705725935, "accuracy": 0.9514805642295682}, "29": {"micro_precision": 0.7140322866773107, "micro_recall": 0.7126416430594901, "micro_f1": 0.713336287106779, "accuracy": 0.9509421772369979}, "42": {"micro_precision": 0.7148135116115412, "micro_recall": 0.7193696883852692, "micro_f1": 0.7170843628662197, "accuracy": 0.9526219446538171}, "81": {"micro_precision": 0.702019315188762, "micro_recall": 0.7078611898016998, "micro_f1": 0.7049281495195275, "accuracy": 0.9497577258533434}, "123": {"micro_precision": 0.7014925373134329, "micro_recall": 0.6990084985835694, "micro_f1": 0.700248315005321, "accuracy": 0.9493270162592872}}}