{"mistral": {"5": {"micro_precision": 0.8347664812004721, "micro_recall": 0.8332211376640861, "micro_f1": 0.8339930935736545, "accuracy": 0.9747089287800319}, "29": {"micro_precision": 0.8341329677861549, "micro_recall": 0.8192527768428138, "micro_f1": 0.8266259127186278, "accuracy": 0.9733460535025895}, "42": {"micro_precision": 0.8335859861883106, "micro_recall": 0.8328845506563447, "micro_f1": 0.8332351208014143, "accuracy": 0.974455823371364}, "81": {"micro_precision": 0.8302204273935723, "micro_recall": 0.8303601480982834, "micro_f1": 0.8302902818679007, "accuracy": 0.9743974144309022}, "123": {"micro_precision": 0.8323262839879154, "micro_recall": 0.8345674856950521, "micro_f1": 0.8334453781512605, "accuracy": 0.9743195358436197}}}