{"qwen3-repeat-k-early-exit": {"5": {"micro_precision": 0.9331649831649832, "micro_recall": 0.9328508919555705, "micro_f1": 0.933007911126073, "accuracy": 0.9882792726139947}, "29": {"micro_precision": 0.9282835068861269, "micro_recall": 0.9301581958936385, "micro_f1": 0.929219905850706, "accuracy": 0.9876951832093765}, "42": {"micro_precision": 0.9320355764389998, "micro_recall": 0.9347021204981488, "micro_f1": 0.9333669439542897, "accuracy": 0.9881040457926094}, "81": {"micro_precision": 0.9331990600872776, "micro_recall": 0.9357118815213733, "micro_f1": 0.934453781512605, "accuracy": 0.9881624547330712}, "123": {"micro_precision": 0.9316999496559826, "micro_recall": 0.9343655334904073, "micro_f1": 0.9330308377447274, "accuracy": 0.9880066975585063}}}