{"gemma2-unmasked": {"5": {"micro_precision": 0.9631675874769797, "micro_recall": 0.9681925277684281, "micro_f1": 0.9656735207721359, "accuracy": 0.9939254701919708}, "29": {"micro_precision": 0.968629424593189, "micro_recall": 0.9717266913497139, "micro_f1": 0.970175585986726, "accuracy": 0.9944316810093065}, "42": {"micro_precision": 0.9658176943699732, "micro_recall": 0.9700437563110064, "micro_f1": 0.9679261125104953, "accuracy": 0.9939060005451501}, "81": {"micro_precision": 0.9693602693602693, "micro_recall": 0.9690339952877819, "micro_f1": 0.969197104864501, "accuracy": 0.9945484988902301}, "123": {"micro_precision": 0.9653440482169764, "micro_recall": 0.9703803433187479, "micro_f1": 0.9678556441460343, "accuracy": 0.9941785756006386}}}