{"gemma-repeat-k": {"5": {"micro_precision": 0.928319209039548, "micro_recall": 0.9309490084985835, "micro_f1": 0.9296322489391795, "accuracy": 0.985463551200603}, "29": {"micro_precision": 0.9283576835064249, "micro_recall": 0.9337818696883853, "micro_f1": 0.9310618765998764, "accuracy": 0.9857219769570367}, "42": {"micro_precision": 0.9277299103217865, "micro_recall": 0.9341359773371105, "micro_f1": 0.9309219232465815, "accuracy": 0.9858727253149564}, "81": {"micro_precision": 0.927719298245614, "micro_recall": 0.9362606232294618, "micro_f1": 0.9319703912583716, "accuracy": 0.9857650479164424}, "123": {"micro_precision": 0.9340969162995595, "micro_recall": 0.9385623229461756, "micro_f1": 0.9363242956813564, "accuracy": 0.986604931624852}}}