{"mistral-repeat-k-early-exit": {"5": {"micro_precision": 0.9258802816901408, "micro_recall": 0.9311260623229461, "micro_f1": 0.9284957627118643, "accuracy": 0.9855496931194142}, "29": {"micro_precision": 0.9239570498151733, "micro_recall": 0.9293555240793201, "micro_f1": 0.9266484243975637, "accuracy": 0.9849466996877355}, "42": {"micro_precision": 0.923185094041132, "micro_recall": 0.9298866855524079, "micro_f1": 0.9265237717209138, "accuracy": 0.985118983525358}, "81": {"micro_precision": 0.9235903741436853, "micro_recall": 0.9309490084985835, "micro_f1": 0.92725509214355, "accuracy": 0.9849682351674384}, "123": {"micro_precision": 0.9266232623614288, "micro_recall": 0.9323654390934845, "micro_f1": 0.9294854823051805, "accuracy": 0.9851405190050608}}}