{"mistral-repeat-k-early-exit": {"5": {"micro_precision": 0.9668508287292817, "micro_recall": 0.9718949848535846, "micro_f1": 0.9693663449433487, "accuracy": 0.9943732720688446}, "29": {"micro_precision": 0.9682779456193353, "micro_recall": 0.9708852238303601, "micro_f1": 0.9695798319327731, "accuracy": 0.9945874381838713}, "42": {"micro_precision": 0.9675639525163017, "micro_recall": 0.9739145069000337, "micro_f1": 0.9707288434118931, "accuracy": 0.9945484988902301}, "81": {"micro_precision": 0.9689545225709012, "micro_recall": 0.9717266913497139, "micro_f1": 0.9703386270061339, "accuracy": 0.9945679685370508}, "123": {"micro_precision": 0.9707759489418878, "micro_recall": 0.9727364523729384, "micro_f1": 0.9717552118359112, "accuracy": 0.9949768311202835}}}