{"gemma2-unmasked": {"5": {"micro_precision": 0.9314948181977868, "micro_recall": 0.9389164305949008, "micro_f1": 0.9351909002733445, "accuracy": 0.9865833961451491}, "29": {"micro_precision": 0.9280210157618214, "micro_recall": 0.9382082152974505, "micro_f1": 0.933086811058285, "accuracy": 0.9865403251857435}, "42": {"micro_precision": 0.9299877171433585, "micro_recall": 0.9383852691218131, "micro_f1": 0.9341676213977262, "accuracy": 0.9863034349090126}, "81": {"micro_precision": 0.9319223985890652, "micro_recall": 0.9355524079320113, "micro_f1": 0.9337338752429757, "accuracy": 0.9863034349090126}, "123": {"micro_precision": 0.9309377738825592, "micro_recall": 0.9403328611898017, "micro_f1": 0.9356117325816965, "accuracy": 0.9867341445030688}}}