{"mistral-repeat-k-early-exit": {"5": {"micro_precision": 0.9294510907811401, "micro_recall": 0.9353753541076487, "micro_f1": 0.9324038122132016, "accuracy": 0.9857865833961451}, "29": {"micro_precision": 0.9324730422485417, "micro_recall": 0.9339589235127479, "micro_f1": 0.9332153914197259, "accuracy": 0.9860450091525789}, "42": {"micro_precision": 0.9320028258565878, "micro_recall": 0.9343130311614731, "micro_f1": 0.9331564986737401, "accuracy": 0.9857004414773339}, "81": {"micro_precision": 0.9297411516111992, "micro_recall": 0.9348441926345609, "micro_f1": 0.9322856890615344, "accuracy": 0.9861526865510929}, "123": {"micro_precision": 0.9242742217558587, "micro_recall": 0.935729461756374, "micro_f1": 0.9299665669540736, "accuracy": 0.985915796274362}}}