{"mistral-unmasked-middle": {"5": {"micro_precision": 0.9682406318265838, "micro_recall": 0.969707169303265, "micro_f1": 0.9689733456655176, "accuracy": 0.9942369845411004}, "29": {"micro_precision": 0.9689597315436241, "micro_recall": 0.9718949848535846, "micro_f1": 0.9704251386321626, "accuracy": 0.9943927417156653}, "42": {"micro_precision": 0.9681314994968131, "micro_recall": 0.9713901043419724, "micro_f1": 0.969758064516129, "accuracy": 0.9944511506561271}, "81": {"micro_precision": 0.9679745137491617, "micro_recall": 0.9715583978458432, "micro_f1": 0.9697631446329582, "accuracy": 0.9945095595965889}, "123": {"micro_precision": 0.968445787176905, "micro_recall": 0.971053517334231, "micro_f1": 0.969747899159664, "accuracy": 0.9944900899497683}}}