{"gemma-repeat-k": {"5": {"micro_precision": 0.9289732770745429, "micro_recall": 0.9355524079320113, "micro_f1": 0.9322512350035286, "accuracy": 0.9856789059976311}, "29": {"micro_precision": 0.9279200280603297, "micro_recall": 0.9367917847025495, "micro_f1": 0.9323348017621145, "accuracy": 0.9858727253149564}, "42": {"micro_precision": 0.9316704725101002, "micro_recall": 0.9390934844192634, "micro_f1": 0.9353672515651178, "accuracy": 0.9863034349090126}, "81": {"micro_precision": 0.9321705426356589, "micro_recall": 0.9367917847025495, "micro_f1": 0.9344754503708937, "accuracy": 0.9863034349090126}, "123": {"micro_precision": 0.9306774306774307, "micro_recall": 0.9389164305949008, "micro_f1": 0.9347787766613785, "accuracy": 0.986604931624852}}}