{"qwen3-repeat-k": {"5": {"micro_precision": 0.9645675902602855, "micro_recall": 0.9666778862335914, "micro_f1": 0.9656215852735984, "accuracy": 0.9937113040769441}, "29": {"micro_precision": 0.9644175897952333, "micro_recall": 0.9670144732413329, "micro_f1": 0.9657142857142857, "accuracy": 0.9937113040769441}, "42": {"micro_precision": 0.9615707333445209, "micro_recall": 0.9643217771794009, "micro_f1": 0.9629442903957651, "accuracy": 0.9934192593746349}, "81": {"micro_precision": 0.9639080073862683, "micro_recall": 0.9663412992258499, "micro_f1": 0.9651231195898814, "accuracy": 0.9935750165491998}, "123": {"micro_precision": 0.9652276163279019, "micro_recall": 0.9670144732413329, "micro_f1": 0.966120218579235, "accuracy": 0.9940812273665356}}}