{"qwen3-unmasked-middle": {"5": {"micro_precision": 0.9521258788081687, "micro_recall": 0.9572534500168294, "micro_f1": 0.9546827794561934, "accuracy": 0.9921537323312956}, "29": {"micro_precision": 0.9555890732361321, "micro_recall": 0.9596095590710199, "micro_f1": 0.9575950961457721, "accuracy": 0.9924847163272458}, "42": {"micro_precision": 0.9561565597177893, "micro_recall": 0.9579266240323123, "micro_f1": 0.957040773434216, "accuracy": 0.9924263073867841}, "81": {"micro_precision": 0.9544769874476987, "micro_recall": 0.9597778525748906, "micro_f1": 0.9571200805571871, "accuracy": 0.9924263073867841}, "123": {"micro_precision": 0.9568864284516021, "micro_recall": 0.9599461460787614, "micro_f1": 0.9584138452490968, "accuracy": 0.9926015342081694}}}