{"gemma2-repeat-k": {"5": {"micro_precision": 0.9249032711924023, "micro_recall": 0.9311260623229461, "micro_f1": 0.9280042350449973, "accuracy": 0.984774415850113}, "29": {"micro_precision": 0.925140252454418, "micro_recall": 0.9343130311614731, "micro_f1": 0.9297040169133194, "accuracy": 0.9853128028426833}, "42": {"micro_precision": 0.9273684210526316, "micro_recall": 0.9359065155807366, "micro_f1": 0.9316179062389848, "accuracy": 0.9855066221600086}, "81": {"micro_precision": 0.925659050966608, "micro_recall": 0.9325424929178471, "micro_f1": 0.9290880225789382, "accuracy": 0.9851405190050608}, "123": {"micro_precision": 0.9321107388467642, "micro_recall": 0.9359065155807366, "micro_f1": 0.9340047707394645, "accuracy": 0.9860450091525789}}}