{"qwen3-repeat-k": {"5": {"micro_precision": 0.9581028992793699, "micro_recall": 0.9621339616290812, "micro_f1": 0.9601141993450333, "accuracy": 0.9926988824422724}, "29": {"micro_precision": 0.9565582019456558, "micro_recall": 0.9597778525748906, "micro_f1": 0.9581653225806451, "accuracy": 0.9924652466804252}, "42": {"micro_precision": 0.9553466509988249, "micro_recall": 0.9577583305284416, "micro_f1": 0.9565509706698042, "accuracy": 0.9922510805653986}, "81": {"micro_precision": 0.9538900067069082, "micro_recall": 0.9574217435207001, "micro_f1": 0.9556526121283386, "accuracy": 0.9919785055099101}, "123": {"micro_precision": 0.9558306842897775, "micro_recall": 0.9614607876135981, "micro_f1": 0.9586374695863747, "accuracy": 0.9926015342081694}}}