{"mistral-repeat-k": {"5": {"micro_precision": 0.9316824727783631, "micro_recall": 0.939270538243626, "micro_f1": 0.9354611179686122, "accuracy": 0.9865403251857435}, "29": {"micro_precision": 0.9316508937960042, "micro_recall": 0.9412181303116147, "micro_f1": 0.9364100757442311, "accuracy": 0.9862388284699042}, "42": {"micro_precision": 0.9323017408123792, "micro_recall": 0.9387393767705382, "micro_f1": 0.9355094838994266, "accuracy": 0.9864541832669322}, "81": {"micro_precision": 0.9358298171589311, "micro_recall": 0.9424575070821529, "micro_f1": 0.9391319689484826, "accuracy": 0.9872725314956391}, "123": {"micro_precision": 0.9368495325454225, "micro_recall": 0.9403328611898017, "micro_f1": 0.9385879650083944, "accuracy": 0.9870787121783138}}}