{"gemma2-repeat-k": {"5": {"micro_precision": 0.9284959492779148, "micro_recall": 0.93342776203966, "micro_f1": 0.930955324033198, "accuracy": 0.9856142995585226}, "29": {"micro_precision": 0.9283582089552239, "micro_recall": 0.9360835694050992, "micro_f1": 0.9322048840694702, "accuracy": 0.9856789059976311}, "42": {"micro_precision": 0.9259715139792509, "micro_recall": 0.9323654390934845, "micro_f1": 0.929157476841641, "accuracy": 0.9855066221600086}, "81": {"micro_precision": 0.9288607149145977, "micro_recall": 0.9339589235127479, "micro_f1": 0.9314028427650745, "accuracy": 0.9856142995585226}, "123": {"micro_precision": 0.926953467954346, "micro_recall": 0.9346671388101983, "micro_f1": 0.9307943224896412, "accuracy": 0.9855066221600086}}}