{"mistral-unmasked": {"5": {"micro_precision": 0.9694579627454271, "micro_recall": 0.9722315718613261, "micro_f1": 0.9708427863204773, "accuracy": 0.9947237257116156}, "29": {"micro_precision": 0.9713949183913848, "micro_recall": 0.9715583978458432, "micro_f1": 0.9714766512410601, "accuracy": 0.9947237257116156}, "42": {"micro_precision": 0.9702970297029703, "micro_recall": 0.9730730393806799, "micro_f1": 0.9716830518443829, "accuracy": 0.9947431953584362}, "81": {"micro_precision": 0.9705585464333782, "micro_recall": 0.9708852238303601, "micro_f1": 0.9707218576476527, "accuracy": 0.9946847864179744}, "123": {"micro_precision": 0.9709194822659271, "micro_recall": 0.9720632783574554, "micro_f1": 0.9714910436464553, "accuracy": 0.9947626650052568}}}