{"qwen3-unmasked": {"5": {"micro_precision": 0.9577252138902869, "micro_recall": 0.9607876135981152, "micro_f1": 0.959253969587499, "accuracy": 0.9926988824422724}, "29": {"micro_precision": 0.9586971121558092, "micro_recall": 0.9609559071019859, "micro_f1": 0.959825180702639, "accuracy": 0.9926404735018107}, "42": {"micro_precision": 0.9619127516778524, "micro_recall": 0.9648266576910132, "micro_f1": 0.9633675012602925, "accuracy": 0.9933024414937113}, "81": {"micro_precision": 0.9604310489981478, "micro_recall": 0.9599461460787614, "micro_f1": 0.9601885363184918, "accuracy": 0.9925041859740664}, "123": {"micro_precision": 0.9599195036055677, "micro_recall": 0.9633120161561763, "micro_f1": 0.961612767744645, "accuracy": 0.9929325182041198}}}