{"mistral-repeat-k-early-exit": {"5": {"micro_precision": 0.9229551451187336, "micro_recall": 0.9290014164305949, "micro_f1": 0.9259684108356129, "accuracy": 0.9845375255733821}, "29": {"micro_precision": 0.9261413714084259, "micro_recall": 0.9302407932011332, "micro_f1": 0.9281865559579543, "accuracy": 0.9848174868095186}, "42": {"micro_precision": 0.9247748543174995, "micro_recall": 0.9272308781869688, "micro_f1": 0.9260012377331801, "accuracy": 0.9849897706471412}, "81": {"micro_precision": 0.9280042350449974, "micro_recall": 0.9311260623229461, "micro_f1": 0.9295625276182059, "accuracy": 0.9851620544847637}, "123": {"micro_precision": 0.9248636283653, "micro_recall": 0.9305949008498584, "micro_f1": 0.9277204130262112, "accuracy": 0.9849036287283299}}}