{"qwen3-repeat-k": {"5": {"micro_precision": 0.9201193820224719, "micro_recall": 0.9279390934844193, "micro_f1": 0.92401269393512, "accuracy": 0.9847959513298159}, "29": {"micro_precision": 0.924929676511955, "micro_recall": 0.9314801699716714, "micro_f1": 0.9281933662667607, "accuracy": 0.9855927640788199}, "42": {"micro_precision": 0.9250395917649129, "micro_recall": 0.9307719546742209, "micro_f1": 0.9278969199541082, "accuracy": 0.9853774092817917}, "81": {"micro_precision": 0.9259389259389259, "micro_recall": 0.9341359773371105, "micro_f1": 0.930019390093425, "accuracy": 0.9852481964035749}, "123": {"micro_precision": 0.926589392342817, "micro_recall": 0.9341359773371105, "micro_f1": 0.9303473814142127, "accuracy": 0.9857219769570367}}}