{"qwen3-repeat-k": {"5": {"micro_precision": 0.9125904997351227, "micro_recall": 0.9150141643059491, "micro_f1": 0.9138007249580055, "accuracy": 0.9828146871971574}, "29": {"micro_precision": 0.9122653097034568, "micro_recall": 0.9205028328611898, "micro_f1": 0.9163655591786376, "accuracy": 0.9828362226768601}, "42": {"micro_precision": 0.9132805628847845, "micro_recall": 0.9192634560906515, "micro_f1": 0.9162622430071473, "accuracy": 0.9830085065144826}, "81": {"micro_precision": 0.9116295510781195, "micro_recall": 0.9132436260623229, "micro_f1": 0.9124358747567662, "accuracy": 0.9829223645956714}, "123": {"micro_precision": 0.9142355008787346, "micro_recall": 0.9210339943342776, "micro_f1": 0.9176221555829952, "accuracy": 0.983180790352105}}}