{"gemma2-repeat-k": {"5": {"micro_precision": 0.9665658602150538, "micro_recall": 0.9681925277684281, "micro_f1": 0.9673785101731966, "accuracy": 0.9942953934815623}, "29": {"micro_precision": 0.9644474257923864, "micro_recall": 0.9678559407606866, "micro_f1": 0.9661486770264596, "accuracy": 0.9941396363069974}, "42": {"micro_precision": 0.9664767013074087, "micro_recall": 0.9703803433187479, "micro_f1": 0.9684245885119248, "accuracy": 0.9942759238347416}, "81": {"micro_precision": 0.966890756302521, "micro_recall": 0.9681925277684281, "micro_f1": 0.9675412041708712, "accuracy": 0.9942759238347416}, "123": {"micro_precision": 0.9682566341954988, "micro_recall": 0.9702120498148772, "micro_f1": 0.9692333557498318, "accuracy": 0.9943148631283828}}}