{"mistral-repeat-k-early-exit": {"5": {"micro_precision": 0.9666051350897802, "micro_recall": 0.9693705822955234, "micro_f1": 0.9679858835391985, "accuracy": 0.9941006970133561}, "29": {"micro_precision": 0.9685819892473119, "micro_recall": 0.9702120498148772, "micro_f1": 0.9693963342861946, "accuracy": 0.9943538024220241}, "42": {"micro_precision": 0.9685502859064917, "micro_recall": 0.9692022887916526, "micro_f1": 0.9688761776581426, "accuracy": 0.9942175148942798}, "81": {"micro_precision": 0.9691067830758898, "micro_recall": 0.9713901043419724, "micro_f1": 0.9702471003530004, "accuracy": 0.9945874381838713}, "123": {"micro_precision": 0.9685132177134198, "micro_recall": 0.9680242342645574, "micro_f1": 0.9682686642538507, "accuracy": 0.9942953934815623}}}