{"qwen3-unmasked": {"5": {"micro_precision": 0.9166520749430923, "micro_recall": 0.9268767705382436, "micro_f1": 0.9217360683158728, "accuracy": 0.9839129966620006}, "29": {"micro_precision": 0.9130358397751229, "micro_recall": 0.9201487252124646, "micro_f1": 0.9165784832451499, "accuracy": 0.9825562614407236}, "42": {"micro_precision": 0.9189521800281294, "micro_recall": 0.9254603399433428, "micro_f1": 0.9221947776993649, "accuracy": 0.983762248304081}, "81": {"micro_precision": 0.9176201372997712, "micro_recall": 0.9229815864022662, "micro_f1": 0.9202930532262337, "accuracy": 0.9833746096694304}, "123": {"micro_precision": 0.9157431838170624, "micro_recall": 0.921742209631728, "micro_f1": 0.9187329039089385, "accuracy": 0.9834822870679445}}}