{"gemma-repeat-k": {"5": {"micro_precision": 0.9679865206402696, "micro_recall": 0.9668461797374621, "micro_f1": 0.9674160141449861, "accuracy": 0.9941201666601768}, "29": {"micro_precision": 0.9646761984861227, "micro_recall": 0.9651632446987546, "micro_f1": 0.9649196601329183, "accuracy": 0.9934971379619174}, "42": {"micro_precision": 0.9653266331658291, "micro_recall": 0.9698754628071357, "micro_f1": 0.9675957018132975, "accuracy": 0.9941201666601768}, "81": {"micro_precision": 0.9684669573968467, "micro_recall": 0.9717266913497139, "micro_f1": 0.9700940860215054, "accuracy": 0.9945874381838713}, "123": {"micro_precision": 0.9697020703585255, "micro_recall": 0.9695388757993941, "micro_f1": 0.969620466212236, "accuracy": 0.9943148631283828}}}