{"mistral-repeat-k": {"5": {"micro_precision": 0.9710120643431636, "micro_recall": 0.9752608549309997, "micro_f1": 0.9731318219983208, "accuracy": 0.9948405435925393}, "29": {"micro_precision": 0.9685144866856473, "micro_recall": 0.9732413328845506, "micro_f1": 0.9708721564677243, "accuracy": 0.9946069078306919}, "42": {"micro_precision": 0.9716442953020135, "micro_recall": 0.9745876809155166, "micro_f1": 0.9731137623928752, "accuracy": 0.9949378918266423}, "81": {"micro_precision": 0.9694835680751174, "micro_recall": 0.9730730393806799, "micro_f1": 0.9712749874013102, "accuracy": 0.9947626650052568}, "123": {"micro_precision": 0.9703169545530773, "micro_recall": 0.973746213396163, "micro_f1": 0.9720285594288115, "accuracy": 0.9949573614734629}}}