{"qwen3-repeat-k": {"5": {"micro_precision": 0.9565948855989233, "micro_recall": 0.9569168630090878, "micro_f1": 0.9567558472152112, "accuracy": 0.9921342626844749}, "29": {"micro_precision": 0.9564339781328848, "micro_recall": 0.9569168630090878, "micro_f1": 0.9566753596365777, "accuracy": 0.9922510805653986}, "42": {"micro_precision": 0.9478712705330204, "micro_recall": 0.9516997643890945, "micro_f1": 0.9497816593886462, "accuracy": 0.9913360071648301}, "81": {"micro_precision": 0.9522769282473534, "micro_recall": 0.9537192864355436, "micro_f1": 0.9529975615908518, "accuracy": 0.9916669911607804}, "123": {"micro_precision": 0.9513586044951359, "micro_recall": 0.9545607539548974, "micro_f1": 0.9529569892473119, "accuracy": 0.9919395662162689}}}