{"qwen3": {"5": {"micro_precision": 0.787483039348711, "micro_recall": 0.781386738471895, "micro_f1": 0.7844230444331812, "accuracy": 0.9679529613332815}, "29": {"micro_precision": 0.7832331329325317, "micro_recall": 0.7892965331538203, "micro_f1": 0.7862531433361274, "accuracy": 0.9675830380436898}, "42": {"micro_precision": 0.7877862595419848, "micro_recall": 0.7815550319757657, "micro_f1": 0.7846582749007349, "accuracy": 0.9675830380436898}, "81": {"micro_precision": 0.7839662447257384, "micro_recall": 0.7817233254796365, "micro_f1": 0.7828431785624, "accuracy": 0.967427280869125}, "123": {"micro_precision": 0.7880637504238724, "micro_recall": 0.7822282059912488, "micro_f1": 0.7851351351351351, "accuracy": 0.9678556130991783}}}