{"mistral-unmasked-middle": {"5": {"micro_precision": 0.9335916857495156, "micro_recall": 0.9383852691218131, "micro_f1": 0.9359823399558498, "accuracy": 0.9865618606654464}, "29": {"micro_precision": 0.9303019662921348, "micro_recall": 0.9382082152974505, "micro_f1": 0.9342383638928068, "accuracy": 0.9863895768278238}, "42": {"micro_precision": 0.932254091149041, "micro_recall": 0.9380311614730878, "micro_f1": 0.9351337039978819, "accuracy": 0.9865618606654464}, "81": {"micro_precision": 0.9295997191011236, "micro_recall": 0.9375, "micro_f1": 0.9335331452750353, "accuracy": 0.9862172929902013}, "123": {"micro_precision": 0.9335097001763668, "micro_recall": 0.9371458923512748, "micro_f1": 0.9353242622371444, "accuracy": 0.9862172929902013}}}