{"mistral-repeat-k-early-exit": {"5": {"micro_precision": 0.9230769230769231, "micro_recall": 0.9242209631728046, "micro_f1": 0.9236485888702116, "accuracy": 0.9844083126951653}, "29": {"micro_precision": 0.9237691900476442, "micro_recall": 0.9268767705382436, "micro_f1": 0.9253203711886875, "accuracy": 0.9844083126951653}, "42": {"micro_precision": 0.9223712067748765, "micro_recall": 0.9256373937677054, "micro_f1": 0.9240014139271827, "accuracy": 0.9845375255733821}, "81": {"micro_precision": 0.9181482133427213, "micro_recall": 0.9235127478753541, "micro_f1": 0.9208226674905111, "accuracy": 0.9839991385808119}, "123": {"micro_precision": 0.8243651216480199, "micro_recall": 0.8218838526912181, "micro_f1": 0.8231226172533026, "accuracy": 0.9669215031764833}}}