{"gemma2-repeat-k": {"5": {"micro_precision": 0.9692746809939556, "micro_recall": 0.9715583978458432, "micro_f1": 0.9704151958312323, "accuracy": 0.9946458471243331}, "29": {"micro_precision": 0.968362905925678, "micro_recall": 0.9735779198922921, "micro_f1": 0.9709634105404498, "accuracy": 0.9948405435925393}, "42": {"micro_precision": 0.9677473542751553, "micro_recall": 0.9695388757993941, "micro_f1": 0.9686422866750736, "accuracy": 0.9941980452474593}, "81": {"micro_precision": 0.9684669573968467, "micro_recall": 0.9717266913497139, "micro_f1": 0.9700940860215054, "accuracy": 0.9945484988902301}, "123": {"micro_precision": 0.9676065793890567, "micro_recall": 0.9702120498148772, "micro_f1": 0.9689075630252101, "accuracy": 0.9942759238347416}}}