{"qwen3-unmasked": {"5": {"micro_precision": 0.9146406388642413, "micro_recall": 0.9125354107648725, "micro_f1": 0.9135868120180803, "accuracy": 0.9819748034887477}, "29": {"micro_precision": 0.9107773851590106, "micro_recall": 0.9127124645892352, "micro_f1": 0.911743898125221, "accuracy": 0.9816948422526112}, "42": {"micro_precision": 0.9096204766107678, "micro_recall": 0.9123583569405099, "micro_f1": 0.9109873596747105, "accuracy": 0.9814579519758803}, "81": {"micro_precision": 0.9065354884047786, "micro_recall": 0.9135977337110481, "micro_f1": 0.91005291005291, "accuracy": 0.9815871648540971}, "123": {"micro_precision": 0.910726887791108, "micro_recall": 0.9139518413597734, "micro_f1": 0.9123365146694944, "accuracy": 0.9819748034887477}}}