{"gemma2-repeat-k": {"5": {"micro_precision": 0.9353585305545744, "micro_recall": 0.9376770538243626, "micro_f1": 0.9365163572060125, "accuracy": 0.9866264671045547}, "29": {"micro_precision": 0.9358364181209237, "micro_recall": 0.9399787535410765, "micro_f1": 0.9379030121014045, "accuracy": 0.9869494993000969}, "42": {"micro_precision": 0.930244847630791, "micro_recall": 0.9350212464589235, "micro_f1": 0.9326269315673289, "accuracy": 0.986260363949607}, "81": {"micro_precision": 0.9314395931965632, "micro_recall": 0.9405099150141643, "micro_f1": 0.9359527794907937, "accuracy": 0.9866695380639604}, "123": {"micro_precision": 0.9339323467230444, "micro_recall": 0.9385623229461756, "micro_f1": 0.9362416107382551, "accuracy": 0.9865618606654464}}}