{"qwen3-repeat-k-early-exit": {"5": {"micro_precision": 0.8743006993006993, "micro_recall": 0.8854461756373938, "micro_f1": 0.8798381421534132, "accuracy": 0.9763325078066114}, "29": {"micro_precision": 0.8678851174934726, "micro_recall": 0.8827903682719547, "micro_f1": 0.875274291231458, "accuracy": 0.9755572305373102}, "42": {"micro_precision": 0.8789966437025261, "micro_recall": 0.8810198300283286, "micro_f1": 0.8800070740118489, "accuracy": 0.9760740820501776}, "81": {"micro_precision": 0.8776156145595218, "micro_recall": 0.8836756373937678, "micro_f1": 0.8806352007057786, "accuracy": 0.9770216431571013}, "123": {"micro_precision": 0.8698307450706683, "micro_recall": 0.8826133144475921, "micro_f1": 0.8761754108445382, "accuracy": 0.9756218369764187}}}