{"qwen3-repeat-k": {"5": {"micro_precision": 0.9170774647887324, "micro_recall": 0.9222733711048159, "micro_f1": 0.9196680790960453, "accuracy": 0.9839560676214063}, "29": {"micro_precision": 0.9066039379682872, "micro_recall": 0.9212110481586402, "micro_f1": 0.91384912619654, "accuracy": 0.9821255518466674}, "42": {"micro_precision": 0.9170482564283199, "micro_recall": 0.9219192634560907, "micro_f1": 0.919477308846901, "accuracy": 0.9835038225476472}, "81": {"micro_precision": 0.9154929577464789, "micro_recall": 0.9206798866855525, "micro_f1": 0.9180790960451978, "accuracy": 0.983654570905567}, "123": {"micro_precision": 0.9174182139699381, "micro_recall": 0.9185552407932012, "micro_f1": 0.9179863752985933, "accuracy": 0.9835684289867557}}}