{"gemma2-unmasked-middle": {"5": {"micro_precision": 0.9683181664981463, "micro_recall": 0.9670144732413329, "micro_f1": 0.9676658807679354, "accuracy": 0.9939838791324326}, "29": {"micro_precision": 0.9692022887916526, "micro_recall": 0.9692022887916526, "micro_f1": 0.9692022887916526, "accuracy": 0.9943732720688446}, "42": {"micro_precision": 0.9655635813875357, "micro_recall": 0.9673510602490744, "micro_f1": 0.9664564943253467, "accuracy": 0.9939449398387913}, "81": {"micro_precision": 0.9665433759246805, "micro_recall": 0.9675193537529452, "micro_f1": 0.9670311185870478, "accuracy": 0.9939060005451501}, "123": {"micro_precision": 0.9652392947103274, "micro_recall": 0.9673510602490744, "micro_f1": 0.9662940237034547, "accuracy": 0.9938670612515089}}}