{"gemma2-repeat-k": {"5": {"micro_precision": 0.9618230743356878, "micro_recall": 0.9624705486368226, "micro_f1": 0.9621467025572005, "accuracy": 0.9931661539659671}, "29": {"micro_precision": 0.9607184824576129, "micro_recall": 0.9631437226523056, "micro_f1": 0.9619295739137743, "accuracy": 0.9934192593746349}, "42": {"micro_precision": 0.9605439892545332, "micro_recall": 0.9628071356445641, "micro_f1": 0.961674230963187, "accuracy": 0.9934387290214556}, "81": {"micro_precision": 0.9602894161198048, "micro_recall": 0.9604510265903736, "micro_f1": 0.9603702145561632, "accuracy": 0.9930688057318641}, "123": {"micro_precision": 0.9592935239697225, "micro_recall": 0.9597778525748906, "micro_f1": 0.9595356271557163, "accuracy": 0.9931466843191464}}}