{"qwen3-repeat-k-early-exit": {"5": {"micro_precision": 0.9395364460866644, "micro_recall": 0.9414338606529788, "micro_f1": 0.9404841963685273, "accuracy": 0.9891943460145632}, "29": {"micro_precision": 0.9390717299578059, "micro_recall": 0.9363850555368562, "micro_f1": 0.9377264683576304, "accuracy": 0.9888049530781512}, "42": {"micro_precision": 0.9355977803934757, "micro_recall": 0.9363850555368562, "micro_f1": 0.9359912524182017, "accuracy": 0.988512908375842}, "81": {"micro_precision": 0.9394909826394742, "micro_recall": 0.9380679905755638, "micro_f1": 0.9387789473684212, "accuracy": 0.9890775281336397}, "123": {"micro_precision": 0.9386317907444668, "micro_recall": 0.9421070346684618, "micro_f1": 0.9403662019150008, "accuracy": 0.98940851212959}}}