{"gemma-unmasked-middle": {"5": {"micro_precision": 0.965401410816258, "micro_recall": 0.9673510602490744, "micro_f1": 0.9663752521856086, "accuracy": 0.9941396363069974}, "29": {"micro_precision": 0.9672158708809684, "micro_recall": 0.9681925277684281, "micro_f1": 0.967703952901598, "accuracy": 0.9940033487792531}, "42": {"micro_precision": 0.9668963199462275, "micro_recall": 0.9683608212722989, "micro_f1": 0.9676280164802825, "accuracy": 0.9939449398387913}, "81": {"micro_precision": 0.9670144732413329, "micro_recall": 0.9670144732413329, "micro_f1": 0.9670144732413329, "accuracy": 0.9939449398387913}, "123": {"micro_precision": 0.8870018496721036, "micro_recall": 0.8877482329182094, "micro_f1": 0.8873748843468753, "accuracy": 0.9804914138857521}}}