{"gemma-repeat-k": {"5": {"micro_precision": 0.9307542836954602, "micro_recall": 0.9328966005665722, "micro_f1": 0.9318242108055531, "accuracy": 0.9856358350382255}, "29": {"micro_precision": 0.932349323493235, "micro_recall": 0.9394475920679887, "micro_f1": 0.935884998677132, "accuracy": 0.9866695380639604}, "42": {"micro_precision": 0.929074269623372, "micro_recall": 0.9346671388101983, "micro_f1": 0.9318623124448367, "accuracy": 0.9861957575104986}, "81": {"micro_precision": 0.9327819813478796, "micro_recall": 0.9385623229461756, "micro_f1": 0.9356632247815727, "accuracy": 0.9865618606654464}, "123": {"micro_precision": 0.9300895836992799, "micro_recall": 0.9375, "micro_f1": 0.9337800899391588, "accuracy": 0.9858511898352535}}}