{"qwen3-repeat-k-early-exit": {"5": {"micro_precision": 0.8901541695865453, "micro_recall": 0.8996104815864022, "micro_f1": 0.8948573441352589, "accuracy": 0.9788306234521374}, "29": {"micro_precision": 0.8871165644171779, "micro_recall": 0.8960694050991501, "micro_f1": 0.8915705099973575, "accuracy": 0.9777323139872941}, "42": {"micro_precision": 0.8847025989883133, "micro_recall": 0.8980169971671388, "micro_f1": 0.8913100782005096, "accuracy": 0.9777753849466997}, "81": {"micro_precision": 0.8839458413926499, "micro_recall": 0.8900495750708215, "micro_f1": 0.8869872077635641, "accuracy": 0.9768062883600732}, "123": {"micro_precision": 0.8836638006667836, "micro_recall": 0.8916430594900849, "micro_f1": 0.8876354983696132, "accuracy": 0.9774738882308603}}}