{"gemma-repeat-k": {"5": {"micro_precision": 0.9685714285714285, "micro_recall": 0.9698754628071357, "micro_f1": 0.9692230070635721, "accuracy": 0.9942175148942798}, "29": {"micro_precision": 0.9693004529441369, "micro_recall": 0.972399865365197, "micro_f1": 0.9708476854574477, "accuracy": 0.9944316810093065}, "42": {"micro_precision": 0.9682192702202791, "micro_recall": 0.9690339952877819, "micro_f1": 0.9686264614349399, "accuracy": 0.9942759238347416}, "81": {"micro_precision": 0.9694425789120215, "micro_recall": 0.9717266913497139, "micro_f1": 0.9705832913094639, "accuracy": 0.9945874381838713}, "123": {"micro_precision": 0.9680457450386815, "micro_recall": 0.9686974082800404, "micro_f1": 0.9683714670255721, "accuracy": 0.9939254701919708}}}