{"qwen3-repeat-k": {"5": {"micro_precision": 0.9161132471163929, "micro_recall": 0.9281161473087819, "micro_f1": 0.9220756376429201, "accuracy": 0.9839560676214063}, "29": {"micro_precision": 0.918194640338505, "micro_recall": 0.9220963172804533, "micro_f1": 0.9201413427561836, "accuracy": 0.9833746096694304}, "42": {"micro_precision": 0.9167837078651685, "micro_recall": 0.9245750708215298, "micro_f1": 0.9206629055007053, "accuracy": 0.9842575643372456}, "81": {"micro_precision": 0.919431279620853, "micro_recall": 0.9274079320113314, "micro_f1": 0.9234023799030411, "accuracy": 0.9846021320124906}, "123": {"micro_precision": 0.9181993343843055, "micro_recall": 0.9281161473087819, "micro_f1": 0.9231311085674034, "accuracy": 0.9845375255733821}}}