{"qwen3-repeat-k-early-exit": {"5": {"micro_precision": 0.9387651821862348, "micro_recall": 0.9365533490407271, "micro_f1": 0.9376579612468408, "accuracy": 0.9886102566099451}, "29": {"micro_precision": 0.937531570971544, "micro_recall": 0.9370582295523393, "micro_f1": 0.9372948405016412, "accuracy": 0.9885907869631245}, "42": {"micro_precision": 0.9394143386065298, "micro_recall": 0.9394143386065298, "micro_f1": 0.9394143386065298, "accuracy": 0.9889801798995366}, "81": {"micro_precision": 0.9372167198254154, "micro_recall": 0.9395826321104005, "micro_f1": 0.9383981847214051, "accuracy": 0.988960710252716}, "123": {"micro_precision": 0.9349865951742627, "micro_recall": 0.9390777515987883, "micro_f1": 0.9370277078085643, "accuracy": 0.9886686655504069}}}