{"mistral-repeat-k-early-exit": {"5": {"micro_precision": 0.9688598694123556, "micro_recall": 0.9739145069000337, "micro_f1": 0.9713806126731012, "accuracy": 0.9946653167711538}, "29": {"micro_precision": 0.9701342281879195, "micro_recall": 0.9730730393806799, "micro_f1": 0.9716014115274745, "accuracy": 0.9948794828861804}, "42": {"micro_precision": 0.9681742043551089, "micro_recall": 0.9727364523729384, "micro_f1": 0.9704499664204165, "accuracy": 0.9946847864179744}, "81": {"micro_precision": 0.9742424242424242, "micro_recall": 0.9739145069000337, "micro_f1": 0.9740784379734052, "accuracy": 0.9951909972353101}, "123": {"micro_precision": 0.9673366834170855, "micro_recall": 0.9718949848535846, "micro_f1": 0.9696104768300873, "accuracy": 0.9946263774775126}}}