{"mistral-repeat-k-early-exit": {"5": {"micro_precision": 0.967460583696746, "micro_recall": 0.9707169303264894, "micro_f1": 0.9690860215053763, "accuracy": 0.9941785756006386}, "29": {"micro_precision": 0.9687552494540568, "micro_recall": 0.9705486368226186, "micro_f1": 0.969651113913409, "accuracy": 0.9943343327752034}, "42": {"micro_precision": 0.9667057052032793, "micro_recall": 0.972399865365197, "micro_f1": 0.9695444248678582, "accuracy": 0.9943343327752034}, "81": {"micro_precision": 0.9684828164291701, "micro_recall": 0.9722315718613261, "micro_f1": 0.9703535735281766, "accuracy": 0.9945484988902301}, "123": {"micro_precision": 0.9677960415967796, "micro_recall": 0.971053517334231, "micro_f1": 0.9694220430107526, "accuracy": 0.9945484988902301}}}