{"gemma2-repeat-k": {"5": {"micro_precision": 0.926369561388057, "micro_recall": 0.9311260623229461, "micro_f1": 0.9287417218543046, "accuracy": 0.9849682351674384}, "29": {"micro_precision": 0.9268249780123131, "micro_recall": 0.9328966005665722, "micro_f1": 0.9298508779669991, "accuracy": 0.9852481964035749}, "42": {"micro_precision": 0.926323193247758, "micro_recall": 0.9327195467422096, "micro_f1": 0.9295103661226289, "accuracy": 0.9851835899644664}, "81": {"micro_precision": 0.9273979862215156, "micro_recall": 0.9295325779036827, "micro_f1": 0.9284640551772924, "accuracy": 0.9851405190050608}, "123": {"micro_precision": 0.9236721772775237, "micro_recall": 0.9298866855524079, "micro_f1": 0.926769013587436, "accuracy": 0.9850974480456552}}}