{"mistral-repeat-k": {"5": {"micro_precision": 0.9695951621031412, "micro_recall": 0.9713901043419724, "micro_f1": 0.9704918032786886, "accuracy": 0.9945484988902301}, "29": {"micro_precision": 0.9693004529441369, "micro_recall": 0.972399865365197, "micro_f1": 0.9708476854574477, "accuracy": 0.9946458471243331}, "42": {"micro_precision": 0.9680779569892473, "micro_recall": 0.969707169303265, "micro_f1": 0.9688918782579451, "accuracy": 0.9943927417156653}, "81": {"micro_precision": 0.9705783456624075, "micro_recall": 0.9715583978458432, "micro_f1": 0.9710681244743483, "accuracy": 0.9945484988902301}, "123": {"micro_precision": 0.9684563758389262, "micro_recall": 0.9713901043419724, "micro_f1": 0.9699210216770291, "accuracy": 0.9946653167711538}}}