{"qwen3-unmasked-middle": {"5": {"micro_precision": 0.9617385467360295, "micro_recall": 0.9644900706832716, "micro_f1": 0.9631123435005462, "accuracy": 0.9933997897278143}, "29": {"micro_precision": 0.9581449857692952, "micro_recall": 0.9631437226523056, "micro_f1": 0.9606378514477549, "accuracy": 0.9928935789104786}, "42": {"micro_precision": 0.960154026452369, "micro_recall": 0.9651632446987546, "micro_f1": 0.9626521191775075, "accuracy": 0.9933997897278143}, "81": {"micro_precision": 0.9604358759430008, "micro_recall": 0.9641534836755301, "micro_f1": 0.9622910892752162, "accuracy": 0.9930688057318641}, "123": {"micro_precision": 0.9592213458633999, "micro_recall": 0.9619656681252103, "micro_f1": 0.9605915469288295, "accuracy": 0.9928741092636579}}}