{"qwen3-unmasked-middle": {"5": {"micro_precision": 0.9003164556962026, "micro_recall": 0.9066926345609065, "micro_f1": 0.9034932956951305, "accuracy": 0.9806180682674707}, "29": {"micro_precision": 0.89749430523918, "micro_recall": 0.9068696883852692, "micro_f1": 0.9021576398062527, "accuracy": 0.9797135781199526}, "42": {"micro_precision": 0.9048290447655974, "micro_recall": 0.9089943342776204, "micro_f1": 0.9069069069069069, "accuracy": 0.9809841714224184}, "81": {"micro_precision": 0.8940164941217758, "micro_recall": 0.9020892351274787, "micro_f1": 0.8980347228342292, "accuracy": 0.9796920426402498}, "123": {"micro_precision": 0.9026237013558726, "micro_recall": 0.9075779036827195, "micro_f1": 0.905094023130573, "accuracy": 0.9812210616991494}}}