{"mistral-repeat-k-early-exit": {"5": {"micro_precision": 0.962206850008436, "micro_recall": 0.9597778525748906, "micro_f1": 0.9609908164125032, "accuracy": 0.9930103967914022}, "29": {"micro_precision": 0.9602015113350126, "micro_recall": 0.9623022551329519, "micro_f1": 0.9612507354795327, "accuracy": 0.992971457497761}, "42": {"micro_precision": 0.9627820815089255, "micro_recall": 0.9621339616290812, "micro_f1": 0.9624579124579126, "accuracy": 0.9933803200809938}, "81": {"micro_precision": 0.955793703951775, "micro_recall": 0.9606193200942443, "micro_f1": 0.958200436461306, "accuracy": 0.992971457497761}, "123": {"micro_precision": 0.8705266711681297, "micro_recall": 0.8678895994614608, "micro_f1": 0.8692061351761335, "accuracy": 0.9782524045013824}}}