{"gemma2-repeat-k": {"5": {"micro_precision": 0.9313863476425053, "micro_recall": 0.9373229461756374, "micro_f1": 0.9343452170843628, "accuracy": 0.9862172929902013}, "29": {"micro_precision": 0.9316704725101002, "micro_recall": 0.9390934844192634, "micro_f1": 0.9353672515651178, "accuracy": 0.9863895768278238}, "42": {"micro_precision": 0.9342383638928068, "micro_recall": 0.9382082152974505, "micro_f1": 0.9362190812720849, "accuracy": 0.9866695380639604}, "81": {"micro_precision": 0.9326178747361014, "micro_recall": 0.9385623229461756, "micro_f1": 0.9355806565478291, "accuracy": 0.9862818994293098}, "123": {"micro_precision": 0.9356828193832599, "micro_recall": 0.9401558073654391, "micro_f1": 0.9379139803938885, "accuracy": 0.986927963820394}}}