{"qwen3": {"5": {"micro_precision": 0.7631041524846834, "micro_recall": 0.7546280713564456, "micro_f1": 0.7588424437299034, "accuracy": 0.9640785016159806}, "29": {"micro_precision": 0.7683979022162071, "micro_recall": 0.7643890945809492, "micro_f1": 0.7663882561376867, "accuracy": 0.9653050893656789}, "42": {"micro_precision": 0.7640732649974794, "micro_recall": 0.7652305621003029, "micro_f1": 0.76465147565795, "accuracy": 0.9652856197188583}, "81": {"micro_precision": 0.7655591162084668, "micro_recall": 0.7638842140693369, "micro_f1": 0.7647207480414454, "accuracy": 0.9653050893656789}, "123": {"micro_precision": 0.7652115287375695, "micro_recall": 0.7640525075732076, "micro_f1": 0.7646315789473684, "accuracy": 0.9651493321911141}}}