{"gemma2-unmasked-middle": {"5": {"micro_precision": 0.9315649867374005, "micro_recall": 0.9327195467422096, "micro_f1": 0.9321419092276387, "accuracy": 0.9858511898352535}, "29": {"micro_precision": 0.9247842170160296, "micro_recall": 0.9295325779036827, "micro_f1": 0.9271523178807947, "accuracy": 0.9850328416065468}, "42": {"micro_precision": 0.9297752808988764, "micro_recall": 0.9376770538243626, "micro_f1": 0.9337094499294781, "accuracy": 0.9861957575104986}, "81": {"micro_precision": 0.926979111813235, "micro_recall": 0.9350212464589235, "micro_f1": 0.9309828118113705, "accuracy": 0.9856358350382255}, "123": {"micro_precision": 0.9320183163085594, "micro_recall": 0.9369688385269122, "micro_f1": 0.934487021013597, "accuracy": 0.9864326477872295}}}