{"qwen3-repeat-k-early-exit": {"5": {"micro_precision": 0.8761620768286266, "micro_recall": 0.8843838526912181, "micro_f1": 0.8802537668517051, "accuracy": 0.9763540432863143}, "29": {"micro_precision": 0.8750659862748549, "micro_recall": 0.8804886685552408, "micro_f1": 0.877768952431383, "accuracy": 0.9768278238397761}, "42": {"micro_precision": 0.8728991596638656, "micro_recall": 0.8827903682719547, "micro_f1": 0.8778169014084507, "accuracy": 0.9761171530095832}, "81": {"micro_precision": 0.8779714738510301, "micro_recall": 0.8827903682719547, "micro_f1": 0.8803743268296991, "accuracy": 0.9769355012382901}, "123": {"micro_precision": 0.8736215648520917, "micro_recall": 0.8836756373937678, "micro_f1": 0.8786198398028342, "accuracy": 0.9761817594486917}}}