{"qwen3-repeat-k": {"5": {"micro_precision": 0.9574074074074074, "micro_recall": 0.9570851565129586, "micro_f1": 0.9572462548392526, "accuracy": 0.9925431252677076}, "29": {"micro_precision": 0.9588442801948598, "micro_recall": 0.9606193200942443, "micro_f1": 0.9597309794031106, "accuracy": 0.9927183520890931}, "42": {"micro_precision": 0.9612664196699225, "micro_recall": 0.9606193200942443, "micro_f1": 0.9609427609427609, "accuracy": 0.9927378217359137}, "81": {"micro_precision": 0.958200436461306, "micro_recall": 0.9606193200942443, "micro_f1": 0.9594083536431633, "accuracy": 0.9926988824422724}, "123": {"micro_precision": 0.9558428475486904, "micro_recall": 0.9580949175361831, "micro_f1": 0.9569675575727014, "accuracy": 0.9922316109185779}}}