{"mistral-repeat-k-early-exit": {"5": {"micro_precision": 0.9303062302006336, "micro_recall": 0.9359065155807366, "micro_f1": 0.9330979699911739, "accuracy": 0.9860880801119845}, "29": {"micro_precision": 0.9328397673188789, "micro_recall": 0.9369688385269122, "micro_f1": 0.9348997438388834, "accuracy": 0.9863249703887154}, "42": {"micro_precision": 0.9316616634292778, "micro_recall": 0.9341359773371105, "micro_f1": 0.9328971797365396, "accuracy": 0.9854420157209002}, "81": {"micro_precision": 0.9303264303264304, "micro_recall": 0.9385623229461756, "micro_f1": 0.9344262295081968, "accuracy": 0.986260363949607}, "123": {"micro_precision": 0.9359702021993614, "micro_recall": 0.9343130311614731, "micro_f1": 0.9351408825093036, "accuracy": 0.9865833961451491}}}