{"qwen3-unmasked": {"5": {"micro_precision": 0.9436690768454683, "micro_recall": 0.9444631437226523, "micro_f1": 0.944065943308941, "accuracy": 0.99005101047467}, "29": {"micro_precision": 0.9495103005741303, "micro_recall": 0.9463143722652305, "micro_f1": 0.9479096426163182, "accuracy": 0.9902651765896967}, "42": {"micro_precision": 0.9437521050858875, "micro_recall": 0.9431167956916863, "micro_f1": 0.9434343434343435, "accuracy": 0.9899536622405669}, "81": {"micro_precision": 0.9443419949706622, "micro_recall": 0.947997307303938, "micro_f1": 0.9461661207692954, "accuracy": 0.9902067676492349}, "123": {"micro_precision": 0.9506628628964592, "micro_recall": 0.9533826994278021, "micro_f1": 0.9520208385849929, "accuracy": 0.9910634321093416}}}