{"qwen3-repeat-k": {"5": {"micro_precision": 0.9573968466957397, "micro_recall": 0.9606193200942443, "micro_f1": 0.959005376344086, "accuracy": 0.9924068377399634}, "29": {"micro_precision": 0.9547890154052244, "micro_recall": 0.9596095590710199, "micro_f1": 0.9571932180627833, "accuracy": 0.9923484287995016}, "42": {"micro_precision": 0.955973785918333, "micro_recall": 0.9574217435207001, "micro_f1": 0.9566972168502481, "accuracy": 0.9924652466804252}, "81": {"micro_precision": 0.9590122627246767, "micro_recall": 0.9607876135981152, "micro_f1": 0.9598991172761665, "accuracy": 0.9927378217359137}, "123": {"micro_precision": 0.9600942919683448, "micro_recall": 0.9596095590710199, "micro_f1": 0.9598518643211851, "accuracy": 0.9927183520890931}}}