{"qwen3-repeat-k": {"5": {"micro_precision": 0.9207659873506676, "micro_recall": 0.9279390934844193, "micro_f1": 0.9243386243386243, "accuracy": 0.9844729191342737}, "29": {"micro_precision": 0.9172693596754278, "micro_recall": 0.9206798866855525, "micro_f1": 0.918971458867191, "accuracy": 0.9839560676214063}, "42": {"micro_precision": 0.9188523147333216, "micro_recall": 0.9242209631728046, "micro_f1": 0.9215288198428812, "accuracy": 0.9843867772154625}, "81": {"micro_precision": 0.9159516722115216, "micro_recall": 0.9261685552407932, "micro_f1": 0.9210317809666344, "accuracy": 0.9839129966620006}, "123": {"micro_precision": 0.9221988057604495, "micro_recall": 0.9297096317280453, "micro_f1": 0.9259389878328338, "accuracy": 0.9848174868095186}}}