{"gemma2-repeat-k": {"5": {"micro_precision": 0.9638594721801984, "micro_recall": 0.9649949511948839, "micro_f1": 0.9644268774703557, "accuracy": 0.993516607608738}, "29": {"micro_precision": 0.9615320006719301, "micro_recall": 0.9633120161561763, "micro_f1": 0.962421185372005, "accuracy": 0.9932050932596083}, "42": {"micro_precision": 0.9621721587088097, "micro_recall": 0.9631437226523056, "micro_f1": 0.9626576955424727, "accuracy": 0.9931272146723259}, "81": {"micro_precision": 0.9652730950775456, "micro_recall": 0.9636486031639179, "micro_f1": 0.964460165066532, "accuracy": 0.9937307737237646}, "123": {"micro_precision": 0.962229310055397, "micro_recall": 0.9646583641871423, "micro_f1": 0.9634423060761409, "accuracy": 0.9935555469023792}}}