{"mistral-repeat-k-early-exit": {"5": {"micro_precision": 0.9669407618727974, "micro_recall": 0.969707169303265, "micro_f1": 0.9683219897487607, "accuracy": 0.9941785756006386}, "29": {"micro_precision": 0.9684616675054522, "micro_recall": 0.9715583978458432, "micro_f1": 0.9700075611190456, "accuracy": 0.9944900899497683}, "42": {"micro_precision": 0.9702420981842637, "micro_recall": 0.9712218108381017, "micro_f1": 0.9707317073170731, "accuracy": 0.9943538024220241}, "81": {"micro_precision": 0.9682032301480484, "micro_recall": 0.9685291147761697, "micro_f1": 0.9683661450445902, "accuracy": 0.9940422880728944}, "123": {"micro_precision": 0.9678661087866108, "micro_recall": 0.9732413328845506, "micro_f1": 0.9705462784257782, "accuracy": 0.9945484988902301}}}