{"mistral": {"5": {"micro_precision": 0.7864667023745759, "micro_recall": 0.7799220963172805, "micro_f1": 0.7831807271757488, "accuracy": 0.9625928717562183}, "29": {"micro_precision": 0.7845788415859675, "micro_recall": 0.7602691218130312, "micro_f1": 0.7722327128855319, "accuracy": 0.9606116076235598}, "42": {"micro_precision": 0.7791465809676843, "micro_recall": 0.7726628895184136, "micro_f1": 0.7758911903280291, "accuracy": 0.9615807042101863}, "81": {"micro_precision": 0.7825, "micro_recall": 0.7758498583569405, "micro_f1": 0.7791607396870556, "accuracy": 0.962183697641865}, "123": {"micro_precision": 0.7864146906756998, "micro_recall": 0.7809844192634561, "micro_f1": 0.7836901483521364, "accuracy": 0.9627220846344352}}}