{"gemma2-repeat-k": {"5": {"micro_precision": 0.9333450580372845, "micro_recall": 0.9396246458923513, "micro_f1": 0.9364743250397035, "accuracy": 0.9866695380639604}, "29": {"micro_precision": 0.9311619718309859, "micro_recall": 0.9364376770538244, "micro_f1": 0.9337923728813559, "accuracy": 0.9860880801119845}, "42": {"micro_precision": 0.9300527240773286, "micro_recall": 0.9369688385269122, "micro_f1": 0.9334979714235314, "accuracy": 0.9861526865510929}, "81": {"micro_precision": 0.9330286517841448, "micro_recall": 0.9398016997167139, "micro_f1": 0.9364029284643205, "accuracy": 0.9867556799827716}, "123": {"micro_precision": 0.9321378340365682, "micro_recall": 0.9387393767705382, "micro_f1": 0.9354269583627381, "accuracy": 0.9863680413481211}}}