{"qwen3-repeat-k-early-exit": {"5": {"micro_precision": 0.8706624605678234, "micro_recall": 0.8796033994334278, "micro_f1": 0.8751100933591686, "accuracy": 0.9762248304080974}, "29": {"micro_precision": 0.8728100911002102, "micro_recall": 0.8820821529745042, "micro_f1": 0.877421627333568, "accuracy": 0.9757725853343383}, "42": {"micro_precision": 0.8707423580786027, "micro_recall": 0.8826133144475921, "micro_f1": 0.8766376505759255, "accuracy": 0.9756433724561214}, "81": {"micro_precision": 0.8734265734265734, "micro_recall": 0.8845609065155807, "micro_f1": 0.8789584799437016, "accuracy": 0.9757941208140412}, "123": {"micro_precision": 0.8705676855895197, "micro_recall": 0.8824362606232294, "micro_f1": 0.876461795480524, "accuracy": 0.9758587272531496}}}