{"qwen3-repeat-k": {"5": {"micro_precision": 0.9584659186065986, "micro_recall": 0.9631437226523056, "micro_f1": 0.9607991270041131, "accuracy": 0.9930103967914022}, "29": {"micro_precision": 0.9612859787914493, "micro_recall": 0.9611242006058566, "micro_f1": 0.9612050828915257, "accuracy": 0.9931856236127876}, "42": {"micro_precision": 0.9634289548733433, "micro_recall": 0.9665095927297206, "micro_f1": 0.964966815088633, "accuracy": 0.9938475916046883}, "81": {"micro_precision": 0.9615384615384616, "micro_recall": 0.9634803096600472, "micro_f1": 0.9625084061869537, "accuracy": 0.9934581986682761}, "123": {"micro_precision": 0.9566599732262383, "micro_recall": 0.9621339616290812, "micro_f1": 0.9593891592549085, "accuracy": 0.9926404735018107}}}