{"mistral-repeat-k-early-exit": {"5": {"micro_precision": 0.9691067830758898, "micro_recall": 0.9713901043419724, "micro_f1": 0.9702471003530004, "accuracy": 0.9946263774775126}, "29": {"micro_precision": 0.9692798388450562, "micro_recall": 0.9717266913497139, "micro_f1": 0.9705017228338515, "accuracy": 0.9944511506561271}, "42": {"micro_precision": 0.9681742043551089, "micro_recall": 0.9727364523729384, "micro_f1": 0.9704499664204165, "accuracy": 0.9946458471243331}, "81": {"micro_precision": 0.9699311271627751, "micro_recall": 0.9717266913497139, "micro_f1": 0.9708280790248003, "accuracy": 0.9944900899497683}, "123": {"micro_precision": 0.9712169668405992, "micro_recall": 0.971053517334231, "micro_f1": 0.9711352352099638, "accuracy": 0.9945679685370508}}}