{"mistral-repeat-k": {"5": {"micro_precision": 0.9344377863940783, "micro_recall": 0.9387393767705382, "micro_f1": 0.9365836424659953, "accuracy": 0.986604931624852}, "29": {"micro_precision": 0.9324894514767933, "micro_recall": 0.9390934844192634, "micro_f1": 0.9357798165137614, "accuracy": 0.9864972542263379}, "42": {"micro_precision": 0.9371368198626518, "micro_recall": 0.9422804532577904, "micro_f1": 0.9397015979517965, "accuracy": 0.9871433186174222}, "81": {"micro_precision": 0.9305019305019305, "micro_recall": 0.9387393767705382, "micro_f1": 0.9346025030847875, "accuracy": 0.9858942607946592}, "123": {"micro_precision": 0.931511648274654, "micro_recall": 0.94157223796034, "micro_f1": 0.936514924716034, "accuracy": 0.9866264671045547}}}