{"gemma2-unmasked": {"5": {"micro_precision": 0.9610738255033557, "micro_recall": 0.9639851901716594, "micro_f1": 0.9625273063350698, "accuracy": 0.9932829718468907}, "29": {"micro_precision": 0.9644900706832716, "micro_recall": 0.9644900706832716, "micro_f1": 0.9644900706832716, "accuracy": 0.9935360772555586}, "42": {"micro_precision": 0.9604425075427422, "micro_recall": 0.9643217771794009, "micro_f1": 0.9623782331205912, "accuracy": 0.9933024414937113}, "81": {"micro_precision": 0.9590741361959074, "micro_recall": 0.9623022551329519, "micro_f1": 0.9606854838709677, "accuracy": 0.9931466843191464}, "123": {"micro_precision": 0.9606920880228457, "micro_recall": 0.9624705486368226, "micro_f1": 0.9615804960067256, "accuracy": 0.9931272146723259}}}