{"mistral-repeat-k-early-exit": {"5": {"micro_precision": 0.9336143308746049, "micro_recall": 0.9412181303116147, "micro_f1": 0.9374008111444191, "accuracy": 0.9869494993000969}, "29": {"micro_precision": 0.9326634937422881, "micro_recall": 0.9367917847025495, "micro_f1": 0.9347230809999116, "accuracy": 0.9863465058684182}, "42": {"micro_precision": 0.9340717299578059, "micro_recall": 0.9406869688385269, "micro_f1": 0.9373676781933662, "accuracy": 0.9868418219015829}, "81": {"micro_precision": 0.9340853013746916, "micro_recall": 0.9383852691218131, "micro_f1": 0.9362303479950539, "accuracy": 0.9865403251857435}, "123": {"micro_precision": 0.9304332511447693, "micro_recall": 0.9353753541076487, "micro_f1": 0.9328977573724175, "accuracy": 0.9861311510713902}}}