{"gemma2-repeat-k": {"5": {"micro_precision": 0.9298801973220577, "micro_recall": 0.9344900849858357, "micro_f1": 0.9321794418933238, "accuracy": 0.9859373317540648}, "29": {"micro_precision": 0.9288093985621603, "micro_recall": 0.9378541076487252, "micro_f1": 0.9333098405426834, "accuracy": 0.9861096155916873}, "42": {"micro_precision": 0.9338610378188215, "micro_recall": 0.9399787535410765, "micro_f1": 0.9369099091149741, "accuracy": 0.9867772154624744}, "81": {"micro_precision": 0.9324538258575198, "micro_recall": 0.9385623229461756, "micro_f1": 0.9354981028853789, "accuracy": 0.9862172929902013}, "123": {"micro_precision": 0.9313621964097148, "micro_recall": 0.9369688385269122, "micro_f1": 0.9341571050308914, "accuracy": 0.9863249703887154}}}