{"mistral-repeat-k-early-exit": {"5": {"micro_precision": 0.9260762173606211, "micro_recall": 0.9293555240793201, "micro_f1": 0.9277129727819017, "accuracy": 0.985118983525358}, "29": {"micro_precision": 0.9251628807888713, "micro_recall": 0.9302407932011332, "micro_f1": 0.9276948883199434, "accuracy": 0.9848390222892215}, "42": {"micro_precision": 0.9201266713581985, "micro_recall": 0.9259915014164306, "micro_f1": 0.9230497705612426, "accuracy": 0.9843006352966512}, "81": {"micro_precision": 0.9213780918727915, "micro_recall": 0.9233356940509915, "micro_f1": 0.922355854262469, "accuracy": 0.9840852804996232}, "123": {"micro_precision": 0.9230769230769231, "micro_recall": 0.9305949008498584, "micro_f1": 0.9268206665491096, "accuracy": 0.9848390222892215}}}