{"qwen3-repeat-k": {"5": {"micro_precision": 0.926251097453907, "micro_recall": 0.9339589235127479, "micro_f1": 0.9300890416997267, "accuracy": 0.985808118875848}, "29": {"micro_precision": 0.9290379523389232, "micro_recall": 0.9318342776203966, "micro_f1": 0.9304340139662335, "accuracy": 0.9857865833961451}, "42": {"micro_precision": 0.9265845070422535, "micro_recall": 0.9318342776203966, "micro_f1": 0.92920197740113, "accuracy": 0.9855281576397115}, "81": {"micro_precision": 0.9247764334560757, "micro_recall": 0.9337818696883853, "micro_f1": 0.929257334155581, "accuracy": 0.9853128028426833}, "123": {"micro_precision": 0.9254723582925123, "micro_recall": 0.9366147308781869, "micro_f1": 0.9310102076733545, "accuracy": 0.9856142995585226}}}