{"mistral-repeat-k-early-exit": {"5": {"micro_precision": 0.9642016806722689, "micro_recall": 0.9654998317064961, "micro_f1": 0.9648503195425496, "accuracy": 0.993516607608738}, "29": {"micro_precision": 0.9640154699848663, "micro_recall": 0.9648266576910132, "micro_f1": 0.9644208932626798, "accuracy": 0.9934581986682761}, "42": {"micro_precision": 0.9583752937227258, "micro_recall": 0.9609559071019859, "micro_f1": 0.9596638655462185, "accuracy": 0.9927767610295549}, "81": {"micro_precision": 0.9665321224352506, "micro_recall": 0.9671827667452036, "micro_f1": 0.96685733512786, "accuracy": 0.9937891826642264}, "123": {"micro_precision": 0.9630003363605786, "micro_recall": 0.9636486031639179, "micro_f1": 0.9633243606998653, "accuracy": 0.9932829718468907}}}