{"qwen3-repeat-k": {"5": {"micro_precision": 0.9578717690500168, "micro_recall": 0.9604510265903736, "micro_f1": 0.9591596638655463, "accuracy": 0.9924847163272458}, "29": {"micro_precision": 0.956062384705685, "micro_recall": 0.9594412655671491, "micro_f1": 0.9577488450230996, "accuracy": 0.9924068377399634}, "42": {"micro_precision": 0.9549866131191432, "micro_recall": 0.9604510265903736, "micro_f1": 0.9577110253398221, "accuracy": 0.9925041859740664}, "81": {"micro_precision": 0.9567994620944696, "micro_recall": 0.9579266240323123, "micro_f1": 0.9573627112942561, "accuracy": 0.9924847163272458}, "123": {"micro_precision": 0.9592623637887678, "micro_recall": 0.9629754291484349, "micro_f1": 0.9611153103216595, "accuracy": 0.992971457497761}}}