{"mistral-repeat-k-early-exit": {"5": {"micro_precision": 0.9318700614574188, "micro_recall": 0.9396246458923513, "micro_f1": 0.9357312880190426, "accuracy": 0.9865403251857435}, "29": {"micro_precision": 0.9360168746704166, "micro_recall": 0.9428116147308782, "micro_f1": 0.9394019581899973, "accuracy": 0.9869710347797997}, "42": {"micro_precision": 0.9326617179215271, "micro_recall": 0.9343130311614731, "micro_f1": 0.9334866442596852, "accuracy": 0.9857219769570367}, "81": {"micro_precision": 0.934356802541027, "micro_recall": 0.9375, "micro_f1": 0.9359257622624834, "accuracy": 0.9867341445030688}, "123": {"micro_precision": 0.926517011574886, "micro_recall": 0.9353753541076487, "micro_f1": 0.9309251101321586, "accuracy": 0.9858511898352535}}}