{"mistral-repeat-k": {"5": {"micro_precision": 0.9716061827956989, "micro_recall": 0.9732413328845506, "micro_f1": 0.9724230704556919, "accuracy": 0.9950547097075659}, "29": {"micro_precision": 0.9714477662075915, "micro_recall": 0.9734096263884214, "micro_f1": 0.9724277067921991, "accuracy": 0.994801604298898}, "42": {"micro_precision": 0.9713087248322148, "micro_recall": 0.9742510939077752, "micro_f1": 0.9727776844227862, "accuracy": 0.9949378918266423}, "81": {"micro_precision": 0.968990948709353, "micro_recall": 0.9729047458768092, "micro_f1": 0.9709439032583138, "accuracy": 0.9945874381838713}, "123": {"micro_precision": 0.9700067024128687, "micro_recall": 0.9742510939077752, "micro_f1": 0.9721242653232578, "accuracy": 0.9951909972353101}}}