{"qwen3-repeat-k": {"5": {"micro_precision": 0.9222670643972627, "micro_recall": 0.9305949008498584, "micro_f1": 0.9264122675597074, "accuracy": 0.9849897706471412}, "29": {"micro_precision": 0.9236037934668072, "micro_recall": 0.9311260623229461, "micro_f1": 0.9273496737788749, "accuracy": 0.9848390222892215}, "42": {"micro_precision": 0.9256270829679004, "micro_recall": 0.9343130311614731, "micro_f1": 0.9299497753106002, "accuracy": 0.9854420157209002}, "81": {"micro_precision": 0.9247104247104247, "micro_recall": 0.9328966005665722, "micro_f1": 0.9287854750572889, "accuracy": 0.9852266609238721}, "123": {"micro_precision": 0.9184136967155835, "micro_recall": 0.9307719546742209, "micro_f1": 0.9245515300738656, "accuracy": 0.9849466996877355}}}