{"qwen3-repeat-k": {"5": {"micro_precision": 0.9650302622730329, "micro_recall": 0.9660047122181084, "micro_f1": 0.9655172413793103, "accuracy": 0.9938281219578677}, "29": {"micro_precision": 0.9635355402453369, "micro_recall": 0.9649949511948839, "micro_f1": 0.964264693517195, "accuracy": 0.9934581986682761}, "42": {"micro_precision": 0.9653897849462365, "micro_recall": 0.9670144732413329, "micro_f1": 0.966201446107281, "accuracy": 0.9940812273665356}, "81": {"micro_precision": 0.9631429050092143, "micro_recall": 0.9675193537529452, "micro_f1": 0.9653261690873982, "accuracy": 0.9940033487792531}, "123": {"micro_precision": 0.9601606963508537, "micro_recall": 0.9653315382026254, "micro_f1": 0.9627391742195368, "accuracy": 0.9933997897278143}}}