{"qwen3-repeat-k": {"5": {"micro_precision": 0.9619127516778524, "micro_recall": 0.9648266576910132, "micro_f1": 0.9633675012602925, "accuracy": 0.9934971379619174}, "29": {"micro_precision": 0.9637948374120013, "micro_recall": 0.9676876472568159, "micro_f1": 0.9657373194491098, "accuracy": 0.9937891826642264}, "42": {"micro_precision": 0.9625964441462597, "micro_recall": 0.9658364187142376, "micro_f1": 0.9642137096774195, "accuracy": 0.9935555469023792}, "81": {"micro_precision": 0.9631120053655265, "micro_recall": 0.9666778862335914, "micro_f1": 0.964891651268268, "accuracy": 0.9937307737237646}, "123": {"micro_precision": 0.9644712585889057, "micro_recall": 0.9685291147761697, "micro_f1": 0.9664959274498279, "accuracy": 0.9940033487792531}}}