{"gemma2": {"5": {"micro_precision": 0.8158590308370044, "micro_recall": 0.8197592067988668, "micro_f1": 0.8178044687803585, "accuracy": 0.9683643803165716}, "29": {"micro_precision": 0.818724749692605, "micro_recall": 0.8252478753541076, "micro_f1": 0.8219733709549423, "accuracy": 0.9686874125121137}, "42": {"micro_precision": 0.8201198026779423, "micro_recall": 0.824185552407932, "micro_f1": 0.8221476510067115, "accuracy": 0.9685797351135996}, "81": {"micro_precision": 0.8217576187101346, "micro_recall": 0.8211756373937678, "micro_f1": 0.8214665249734325, "accuracy": 0.9691611930655756},"123": {"micro_precision": 0.8253575843192654, "micro_recall": 0.8275495750708215, "micro_f1": 0.8264521262487844, "accuracy": 0.9692688704640896}}}
