{"qwen3-repeat-k-early-exit": {"5": {"micro_precision": 0.8921568627450981, "micro_recall": 0.9022662889518414, "micro_f1": 0.8971830985915493, "accuracy": 0.9796489716808442}, "29": {"micro_precision": 0.8919298245614035, "micro_recall": 0.9001416430594901, "micro_f1": 0.8960169192809305, "accuracy": 0.9789598363303542}, "42": {"micro_precision": 0.8911935313763403, "micro_recall": 0.8976628895184136, "micro_f1": 0.8944165123048425, "accuracy": 0.9782922364595671}, "81": {"micro_precision": 0.8891217042081369, "micro_recall": 0.9015580736543909, "micro_f1": 0.8952967032967033, "accuracy": 0.979218262086788}, "123": {"micro_precision": 0.8956092399929466, "micro_recall": 0.8992563739376771, "micro_f1": 0.8974291015107342, "accuracy": 0.979218262086788}}}