{"mistral-repeat-k": {"5": {"micro_precision": 0.9329118370214261, "micro_recall": 0.9405099150141643, "micro_f1": 0.9366954681713984, "accuracy": 0.9868418219015829}, "29": {"micro_precision": 0.932548744071667, "micro_recall": 0.9399787535410765, "micro_f1": 0.9362490080239838, "accuracy": 0.9865833961451491}, "42": {"micro_precision": 0.9334272631208171, "micro_recall": 0.9383852691218131, "micro_f1": 0.9358996998057567, "accuracy": 0.9864972542263379}, "81": {"micro_precision": 0.9344608879492601, "micro_recall": 0.9390934844192634, "micro_f1": 0.9367714588484635, "accuracy": 0.9867556799827716}, "123": {"micro_precision": 0.9353531794962128, "micro_recall": 0.9401558073654391, "micro_f1": 0.937748344370861, "accuracy": 0.9869710347797997}}}