{"qwen3-repeat-k-early-exit": {"5": {"micro_precision": 0.8648648648648649, "micro_recall": 0.7272727272727273, "micro_f1": 0.7901234567901235, "accuracy": 0.9843343451864701}, "29": {"micro_precision": 0.8157894736842105, "micro_recall": 0.7045454545454546, "micro_f1": 0.7560975609756098, "accuracy": 0.983304423243712}, "42": {"micro_precision": 0.8787878787878788, "micro_recall": 0.6590909090909091, "micro_f1": 0.7532467532467532, "accuracy": 0.9843343451864701}, "81": {"micro_precision": 0.8888888888888888, "micro_recall": 0.7272727272727273, "micro_f1": 0.7999999999999999, "accuracy": 0.9831418039895924}, "123": {"micro_precision": 0.8648648648648649, "micro_recall": 0.7272727272727273, "micro_f1": 0.7901234567901235, "accuracy": 0.9840633130962706}}}