{"qwen3-unmasked-middle": {"5": {"micro_precision": 0.8611111111111112, "micro_recall": 0.7045454545454546, "micro_f1": 0.775, "accuracy": 0.9840091066782307}, "29": {"micro_precision": 0.8888888888888888, "micro_recall": 0.7272727272727273, "micro_f1": 0.7999999999999999, "accuracy": 0.9830333911535126}, "42": {"micro_precision": 0.7708333333333334, "micro_recall": 0.8409090909090909, "micro_f1": 0.8043478260869567, "accuracy": 0.9841175195143105}, "81": {"micro_precision": 0.8648648648648649, "micro_recall": 0.7272727272727273, "micro_f1": 0.7901234567901235, "accuracy": 0.9842259323503902}, "123": {"micro_precision": 0.7555555555555555, "micro_recall": 0.7727272727272727, "micro_f1": 0.7640449438202247, "accuracy": 0.9829791847354726}}}