{"qwen3-repeat-k": {"5": {"micro_precision": 0.9230769230769231, "micro_recall": 0.8181818181818182, "micro_f1": 0.8674698795180724, "accuracy": 0.9847679965307893}, "29": {"micro_precision": 0.9230769230769231, "micro_recall": 0.8181818181818182, "micro_f1": 0.8674698795180724, "accuracy": 0.9863941890719862}, "42": {"micro_precision": 0.8372093023255814, "micro_recall": 0.8181818181818182, "micro_f1": 0.8275862068965518, "accuracy": 0.9860147441457069}, "81": {"micro_precision": 0.9473684210526315, "micro_recall": 0.8181818181818182, "micro_f1": 0.8780487804878049, "accuracy": 0.985906331309627}, "123": {"micro_precision": 0.9210526315789473, "micro_recall": 0.7954545454545454, "micro_f1": 0.8536585365853658, "accuracy": 0.9871530789245446}}}