{"mistral-repeat-k": {"5": {"micro_precision": 0.8372093023255814, "micro_recall": 0.8181818181818182, "micro_f1": 0.8275862068965518, "accuracy": 0.9869362532523851}, "29": {"micro_precision": 0.9210526315789473, "micro_recall": 0.7954545454545454, "micro_f1": 0.8536585365853658, "accuracy": 0.9868820468343452}, "42": {"micro_precision": 0.9230769230769231, "micro_recall": 0.8181818181818182, "micro_f1": 0.8674698795180724, "accuracy": 0.9870988725065047}, "81": {"micro_precision": 0.9, "micro_recall": 0.8181818181818182, "micro_f1": 0.8571428571428572, "accuracy": 0.9867736339982653}, "123": {"micro_precision": 0.875, "micro_recall": 0.7954545454545454, "micro_f1": 0.8333333333333334, "accuracy": 0.9874241110147441}}}