{"mistral-repeat-k-early-exit": {"5": {"micro_precision": 0.8688524590163934, "micro_recall": 0.6385542168674698, "micro_f1": 0.7361111111111112, "accuracy": 0.9875269978401728}, "29": {"micro_precision": 0.8194444444444444, "micro_recall": 0.7108433734939759, "micro_f1": 0.7612903225806451, "accuracy": 0.9874730021598273}, "42": {"micro_precision": 0.8484848484848485, "micro_recall": 0.6746987951807228, "micro_f1": 0.7516778523489932, "accuracy": 0.9877429805615551}, "81": {"micro_precision": 0.7532467532467533, "micro_recall": 0.6987951807228916, "micro_f1": 0.7250000000000001, "accuracy": 0.9874190064794817}, "123": {"micro_precision": 0.7857142857142857, "micro_recall": 0.6626506024096386, "micro_f1": 0.7189542483660131, "accuracy": 0.9873110151187905}}}