{"gemma": {"5": {"micro_precision": 0.717391304347826, "micro_recall": 0.75, "micro_f1": 0.7333333333333332, "accuracy": 0.9829791847354726}, "29": {"micro_precision": 0.8157894736842105, "micro_recall": 0.7045454545454546, "micro_f1": 0.7560975609756098, "accuracy": 0.9826539462272333}, "42": {"micro_precision": 0.8529411764705882, "micro_recall": 0.6590909090909091, "micro_f1": 0.7435897435897436, "accuracy": 0.9825997398091935}, "81": {"micro_precision": 0.7560975609756098, "micro_recall": 0.7045454545454546, "micro_f1": 0.7294117647058823, "accuracy": 0.9829249783174328}, "123": {"micro_precision": 0.75, "micro_recall": 0.6818181818181818, "micro_f1": 0.7142857142857143, "accuracy": 0.9828707718993929}}}