{"qwen3-repeat-k-early-exit": {"5": {"micro_precision": 0.7954545454545454, "micro_recall": 0.7954545454545454, "micro_f1": 0.7954545454545455, "accuracy": 0.9844427580225499}, "29": {"micro_precision": 0.8648648648648649, "micro_recall": 0.7272727272727273, "micro_f1": 0.7901234567901235, "accuracy": 0.9853100607111882}, "42": {"micro_precision": 0.868421052631579, "micro_recall": 0.75, "micro_f1": 0.8048780487804879, "accuracy": 0.9860147441457069}, "81": {"micro_precision": 0.8095238095238095, "micro_recall": 0.7727272727272727, "micro_f1": 0.7906976744186046, "accuracy": 0.9853642671292281}, "123": {"micro_precision": 0.8823529411764706, "micro_recall": 0.6818181818181818, "micro_f1": 0.7692307692307693, "accuracy": 0.9857979184735473}}}