{"qwen3-repeat-k": {"5": {"micro_precision": 0.9444444444444444, "micro_recall": 0.7727272727272727, "micro_f1": 0.85, "accuracy": 0.9867736339982653}, "29": {"micro_precision": 0.8780487804878049, "micro_recall": 0.8181818181818182, "micro_f1": 0.8470588235294119, "accuracy": 0.985960537727667}, "42": {"micro_precision": 0.918918918918919, "micro_recall": 0.7727272727272727, "micro_f1": 0.8395061728395061, "accuracy": 0.9856895056374675}, "81": {"micro_precision": 0.9459459459459459, "micro_recall": 0.7954545454545454, "micro_f1": 0.8641975308641975, "accuracy": 0.9857979184735473}, "123": {"micro_precision": 0.8260869565217391, "micro_recall": 0.8636363636363636, "micro_f1": 0.8444444444444444, "accuracy": 0.9860689505637468}}}