{"mistral-repeat-k-early-exit": {"5": {"micro_precision": 0.8059701492537313, "micro_recall": 0.6506024096385542, "micro_f1": 0.7200000000000001, "accuracy": 0.9873110151187905}, "29": {"micro_precision": 0.8115942028985508, "micro_recall": 0.6746987951807228, "micro_f1": 0.7368421052631579, "accuracy": 0.9866630669546437}, "42": {"micro_precision": 0.7611940298507462, "micro_recall": 0.6144578313253012, "micro_f1": 0.68, "accuracy": 0.9854211663066955}, "81": {"micro_precision": 0.7777777777777778, "micro_recall": 0.6746987951807228, "micro_f1": 0.7225806451612904, "accuracy": 0.9853131749460043}, "123": {"micro_precision": 0.7692307692307693, "micro_recall": 0.6024096385542169, "micro_f1": 0.6756756756756758, "accuracy": 0.9854211663066955}}}