{"qwen3": {"5": {"micro_precision": 0.7346938775510204, "micro_recall": 0.43373493975903615, "micro_f1": 0.5454545454545455, "accuracy": 0.9821274298056155}, "29": {"micro_precision": 0.6379310344827587, "micro_recall": 0.4457831325301205, "micro_f1": 0.524822695035461, "accuracy": 0.9815874730021599}, "42": {"micro_precision": 0.6515151515151515, "micro_recall": 0.5180722891566265, "micro_f1": 0.5771812080536912, "accuracy": 0.9815874730021599}, "81": {"micro_precision": 0.7272727272727273, "micro_recall": 0.4819277108433735, "micro_f1": 0.5797101449275363, "accuracy": 0.9818574514038877}, "123": {"micro_precision": 0.6440677966101694, "micro_recall": 0.4578313253012048, "micro_f1": 0.5352112676056338, "accuracy": 0.9817494600431965}}}