{"mistral-repeat-k-early-exit": {"5": {"micro_precision": 0.8780487804878049, "micro_recall": 0.8181818181818182, "micro_f1": 0.8470588235294119, "accuracy": 0.9860689505637468}, "29": {"micro_precision": 0.9210526315789473, "micro_recall": 0.7954545454545454, "micro_f1": 0.8536585365853658, "accuracy": 0.9861773633998265}, "42": {"micro_precision": 0.8604651162790697, "micro_recall": 0.8409090909090909, "micro_f1": 0.8505747126436781, "accuracy": 0.9860689505637468}, "81": {"micro_precision": 0.8809523809523809, "micro_recall": 0.8409090909090909, "micro_f1": 0.8604651162790699, "accuracy": 0.985960537727667}, "123": {"micro_precision": 0.8918918918918919, "micro_recall": 0.75, "micro_f1": 0.8148148148148148, "accuracy": 0.9861773633998265}}}