{"qwen3-unmasked": {"5": {"micro_precision": 0.9166666666666666, "micro_recall": 0.75, "micro_f1": 0.8250000000000001, "accuracy": 0.9844427580225499}, "29": {"micro_precision": 0.9444444444444444, "micro_recall": 0.7727272727272727, "micro_f1": 0.85, "accuracy": 0.9837380745880312}, "42": {"micro_precision": 0.8947368421052632, "micro_recall": 0.7727272727272727, "micro_f1": 0.8292682926829269, "accuracy": 0.9860689505637468}, "81": {"micro_precision": 0.9230769230769231, "micro_recall": 0.8181818181818182, "micro_f1": 0.8674698795180724, "accuracy": 0.9856895056374675}, "123": {"micro_precision": 0.9473684210526315, "micro_recall": 0.8181818181818182, "micro_f1": 0.8780487804878049, "accuracy": 0.9862315698178664}}}