{"mistral-repeat-k-early-exit": {"5": {"micro_precision": 0.9047619047619048, "micro_recall": 0.8636363636363636, "micro_f1": 0.8837209302325582, "accuracy": 0.986448395490026}, "29": {"micro_precision": 0.875, "micro_recall": 0.7954545454545454, "micro_f1": 0.8333333333333334, "accuracy": 0.9858521248915871}, "42": {"micro_precision": 0.9166666666666666, "micro_recall": 0.75, "micro_f1": 0.8250000000000001, "accuracy": 0.9871530789245446}, "81": {"micro_precision": 0.9459459459459459, "micro_recall": 0.7954545454545454, "micro_f1": 0.8641975308641975, "accuracy": 0.9866652211621856}, "123": {"micro_precision": 0.8648648648648649, "micro_recall": 0.7272727272727273, "micro_f1": 0.7901234567901235, "accuracy": 0.9860689505637468}}}