{"qwen3": {"5": {"micro_precision": 0.7297297297297297, "micro_recall": 0.6136363636363636, "micro_f1": 0.6666666666666666, "accuracy": 0.9808651344319167}, "29": {"micro_precision": 0.7, "micro_recall": 0.6363636363636364, "micro_f1": 0.6666666666666666, "accuracy": 0.9806483087597572}, "42": {"micro_precision": 0.7105263157894737, "micro_recall": 0.6136363636363636, "micro_f1": 0.6585365853658537, "accuracy": 0.980214657415438}, "81": {"micro_precision": 0.8, "micro_recall": 0.5454545454545454, "micro_f1": 0.6486486486486486, "accuracy": 0.9818408499566349}, "123": {"micro_precision": 0.8, "micro_recall": 0.5454545454545454, "micro_f1": 0.6486486486486486, "accuracy": 0.9811361665221162}}}