{"qwen3-repeat-k-early-exit": {"5": {"micro_precision": 0.7246376811594203, "micro_recall": 0.6024096385542169, "micro_f1": 0.6578947368421053, "accuracy": 0.9838552915766738}, "29": {"micro_precision": 0.7966101694915254, "micro_recall": 0.5662650602409639, "micro_f1": 0.6619718309859155, "accuracy": 0.9850431965442764}, "42": {"micro_precision": 0.8392857142857143, "micro_recall": 0.5662650602409639, "micro_f1": 0.6762589928057554, "accuracy": 0.9853131749460043}, "81": {"micro_precision": 0.7121212121212122, "micro_recall": 0.5662650602409639, "micro_f1": 0.6308724832214765, "accuracy": 0.9842872570194384}, "123": {"micro_precision": 0.8, "micro_recall": 0.4819277108433735, "micro_f1": 0.6015037593984962, "accuracy": 0.9845572354211664}}}