{"mistral-repeat-k": {"5": {"micro_precision": 0.8461538461538461, "micro_recall": 0.6626506024096386, "micro_f1": 0.7432432432432433, "accuracy": 0.9879049676025918}, "29": {"micro_precision": 0.8428571428571429, "micro_recall": 0.7108433734939759, "micro_f1": 0.7712418300653594, "accuracy": 0.9879049676025918}, "42": {"micro_precision": 0.8266666666666667, "micro_recall": 0.7469879518072289, "micro_f1": 0.7848101265822784, "accuracy": 0.9889848812095032}, "81": {"micro_precision": 0.8923076923076924, "micro_recall": 0.6987951807228916, "micro_f1": 0.7837837837837838, "accuracy": 0.9874730021598273}, "123": {"micro_precision": 0.6666666666666666, "micro_recall": 0.6506024096385542, "micro_f1": 0.6585365853658536, "accuracy": 0.9839092872570194}}}