{"qwen3-repeat-k": {"5": {"micro_precision": 0.8918918918918919, "micro_recall": 0.75, "micro_f1": 0.8148148148148148, "accuracy": 0.9848222029488292}, "29": {"micro_precision": 0.8947368421052632, "micro_recall": 0.7727272727272727, "micro_f1": 0.8292682926829269, "accuracy": 0.9855810928013877}, "42": {"micro_precision": 0.9142857142857143, "micro_recall": 0.7272727272727273, "micro_f1": 0.810126582278481, "accuracy": 0.9847137901127494}, "81": {"micro_precision": 0.8536585365853658, "micro_recall": 0.7954545454545454, "micro_f1": 0.8235294117647058, "accuracy": 0.9857437120555074}, "123": {"micro_precision": 0.9166666666666666, "micro_recall": 0.75, "micro_f1": 0.8250000000000001, "accuracy": 0.9855268863833477}}}