{"qwen3-unmasked": {"5": {"micro_precision": 0.9230769230769231, "micro_recall": 0.8181818181818182, "micro_f1": 0.8674698795180724, "accuracy": 0.98438855160451}, "29": {"micro_precision": 0.8974358974358975, "micro_recall": 0.7954545454545454, "micro_f1": 0.8433734939759037, "accuracy": 0.985960537727667}, "42": {"micro_precision": 0.9, "micro_recall": 0.8181818181818182, "micro_f1": 0.8571428571428572, "accuracy": 0.9860689505637468}, "81": {"micro_precision": 0.7872340425531915, "micro_recall": 0.8409090909090909, "micro_f1": 0.8131868131868133, "accuracy": 0.9828707718993929}, "123": {"micro_precision": 0.85, "micro_recall": 0.7727272727272727, "micro_f1": 0.8095238095238095, "accuracy": 0.9852016478751084}}}