{"mistral-repeat-k-early-exit": {"5": {"micro_precision": 0.9210526315789473, "micro_recall": 0.7954545454545454, "micro_f1": 0.8536585365853658, "accuracy": 0.9856895056374675}, "29": {"micro_precision": 0.9459459459459459, "micro_recall": 0.7954545454545454, "micro_f1": 0.8641975308641975, "accuracy": 0.9870988725065047}, "42": {"micro_precision": 0.8947368421052632, "micro_recall": 0.7727272727272727, "micro_f1": 0.8292682926829269, "accuracy": 0.9840633130962706}, "81": {"micro_precision": 0.8536585365853658, "micro_recall": 0.7954545454545454, "micro_f1": 0.8235294117647058, "accuracy": 0.9849306157849089}, "123": {"micro_precision": 0.8333333333333334, "micro_recall": 0.7954545454545454, "micro_f1": 0.8139534883720929, "accuracy": 0.9842259323503902}}}