{"mistral-repeat-k-early-exit": {"5": {"micro_precision": 0.7945205479452054, "micro_recall": 0.6987951807228916, "micro_f1": 0.7435897435897436, "accuracy": 0.9865550755939525}, "29": {"micro_precision": 0.8, "micro_recall": 0.6265060240963856, "micro_f1": 0.7027027027027027, "accuracy": 0.9874730021598273}, "42": {"micro_precision": 0.8596491228070176, "micro_recall": 0.5903614457831325, "micro_f1": 0.7000000000000001, "accuracy": 0.9855291576673866}, "81": {"micro_precision": 0.7625, "micro_recall": 0.7349397590361446, "micro_f1": 0.7484662576687117, "accuracy": 0.9863930885529157}, "123": {"micro_precision": 0.7424242424242424, "micro_recall": 0.5903614457831325, "micro_f1": 0.6577181208053692, "accuracy": 0.9849352051835853}}}