{"qwen3-unmasked-middle": {"5": {"micro_precision": 0.7536231884057971, "micro_recall": 0.6265060240963856, "micro_f1": 0.6842105263157895, "accuracy": 0.9859071274298056}, "29": {"micro_precision": 0.7818181818181819, "micro_recall": 0.5180722891566265, "micro_f1": 0.6231884057971014, "accuracy": 0.9843952483801296}, "42": {"micro_precision": 0.6547619047619048, "micro_recall": 0.6626506024096386, "micro_f1": 0.6586826347305389, "accuracy": 0.9844492440604752}, "81": {"micro_precision": 0.7910447761194029, "micro_recall": 0.6385542168674698, "micro_f1": 0.7066666666666667, "accuracy": 0.9854211663066955}, "123": {"micro_precision": 0.6626506024096386, "micro_recall": 0.6626506024096386, "micro_f1": 0.6626506024096386, "accuracy": 0.9835313174946004}}}