{"mistral-repeat-k": {"5": {"micro_precision": 0.735632183908046, "micro_recall": 0.7710843373493976, "micro_f1": 0.7529411764705882, "accuracy": 0.9877429805615551}, "29": {"micro_precision": 0.8225806451612904, "micro_recall": 0.6144578313253012, "micro_f1": 0.7034482758620689, "accuracy": 0.9880129589632829}, "42": {"micro_precision": 0.8356164383561644, "micro_recall": 0.7349397590361446, "micro_f1": 0.7820512820512822, "accuracy": 0.9889308855291576}, "81": {"micro_precision": 0.8194444444444444, "micro_recall": 0.7108433734939759, "micro_f1": 0.7612903225806451, "accuracy": 0.9880129589632829}, "123": {"micro_precision": 0.7777777777777778, "micro_recall": 0.7590361445783133, "micro_f1": 0.7682926829268293, "accuracy": 0.9876889848812095}}}