{"qwen3": {"5": {"micro_precision": 0.7230769230769231, "micro_recall": 0.5662650602409639, "micro_f1": 0.6351351351351351, "accuracy": 0.9827753779697624}, "29": {"micro_precision": 0.7647058823529411, "micro_recall": 0.46987951807228917, "micro_f1": 0.582089552238806, "accuracy": 0.9823434125269979}, "42": {"micro_precision": 0.7321428571428571, "micro_recall": 0.4939759036144578, "micro_f1": 0.5899280575539567, "accuracy": 0.9827213822894169}, "81": {"micro_precision": 0.7608695652173914, "micro_recall": 0.42168674698795183, "micro_f1": 0.5426356589147286, "accuracy": 0.9831533477321814}, "123": {"micro_precision": 0.8297872340425532, "micro_recall": 0.46987951807228917, "micro_f1": 0.6, "accuracy": 0.9834773218142548}}}