{"mistral-repeat-k-early-exit": {"5": {"micro_precision": 0.9411764705882353, "micro_recall": 0.7272727272727273, "micro_f1": 0.8205128205128205, "accuracy": 0.9851474414570686}, "29": {"micro_precision": 0.8888888888888888, "micro_recall": 0.7272727272727273, "micro_f1": 0.7999999999999999, "accuracy": 0.9846595836947094}, "42": {"micro_precision": 0.9210526315789473, "micro_recall": 0.7954545454545454, "micro_f1": 0.8536585365853658, "accuracy": 0.9855810928013877}, "81": {"micro_precision": 0.8043478260869565, "micro_recall": 0.8409090909090909, "micro_f1": 0.8222222222222223, "accuracy": 0.9841717259323504}, "123": {"micro_precision": 0.8947368421052632, "micro_recall": 0.7727272727272727, "micro_f1": 0.8292682926829269, "accuracy": 0.9852558542931483}}}