{"gemma-repeat-k": {"5": {"micro_precision": 0.8615384615384616, "micro_recall": 0.6746987951807228, "micro_f1": 0.7567567567567568, "accuracy": 0.9877429805615551}, "29": {"micro_precision": 0.7627118644067796, "micro_recall": 0.5421686746987951, "micro_f1": 0.6338028169014085, "accuracy": 0.9836393088552916}, "42": {"micro_precision": 0.8387096774193549, "micro_recall": 0.6265060240963856, "micro_f1": 0.7172413793103449, "accuracy": 0.9877429805615551}, "81": {"micro_precision": 0.8235294117647058, "micro_recall": 0.6746987951807228, "micro_f1": 0.7417218543046358, "accuracy": 0.98585313174946}, "123": {"micro_precision": 0.7407407407407407, "micro_recall": 0.7228915662650602, "micro_f1": 0.7317073170731708, "accuracy": 0.9861771058315335}}}