{"gemma-unmasked-middle": {"5": {"micro_precision": 0.8769230769230769, "micro_recall": 0.6867469879518072, "micro_f1": 0.7702702702702702, "accuracy": 0.9870410367170627}, "29": {"micro_precision": 0.88, "micro_recall": 0.5301204819277109, "micro_f1": 0.6616541353383459, "accuracy": 0.9853671706263499}, "42": {"micro_precision": 0.8088235294117647, "micro_recall": 0.6626506024096386, "micro_f1": 0.7284768211920529, "accuracy": 0.9851511879049676}, "81": {"micro_precision": 0.7397260273972602, "micro_recall": 0.6506024096385542, "micro_f1": 0.6923076923076923, "accuracy": 0.9853131749460043}, "123": {"micro_precision": 0.7894736842105263, "micro_recall": 0.7228915662650602, "micro_f1": 0.7547169811320756, "accuracy": 0.9878509719222462}}}