{"mistral-repeat-k": {"5": {"micro_precision": 0.835820895522388, "micro_recall": 0.6746987951807228, "micro_f1": 0.7466666666666666, "accuracy": 0.9877429805615551}, "29": {"micro_precision": 0.7971014492753623, "micro_recall": 0.6626506024096386, "micro_f1": 0.7236842105263158, "accuracy": 0.9870410367170627}, "42": {"micro_precision": 0.7945205479452054, "micro_recall": 0.6987951807228916, "micro_f1": 0.7435897435897436, "accuracy": 0.9880669546436285}, "81": {"micro_precision": 0.8955223880597015, "micro_recall": 0.7228915662650602, "micro_f1": 0.7999999999999999, "accuracy": 0.9885529157667386}, "123": {"micro_precision": 0.7261904761904762, "micro_recall": 0.7349397590361446, "micro_f1": 0.7305389221556886, "accuracy": 0.9867710583153347}}}