{"mistral-repeat-k-early-exit": {"5": {"micro_precision": 0.7901234567901234, "micro_recall": 0.7710843373493976, "micro_f1": 0.7804878048780488, "accuracy": 0.9877969762419007}, "29": {"micro_precision": 0.8260869565217391, "micro_recall": 0.6867469879518072, "micro_f1": 0.75, "accuracy": 0.9867710583153347}, "42": {"micro_precision": 0.7222222222222222, "micro_recall": 0.7831325301204819, "micro_f1": 0.7514450867052022, "accuracy": 0.9866630669546437}, "81": {"micro_precision": 0.8170731707317073, "micro_recall": 0.8072289156626506, "micro_f1": 0.812121212121212, "accuracy": 0.9875809935205183}, "123": {"micro_precision": 0.9259259259259259, "micro_recall": 0.6024096385542169, "micro_f1": 0.7299270072992702, "accuracy": 0.9864470842332613}}}