{"gemma2": {"5": {"micro_precision": 0.8484848484848485, "micro_recall": 0.6363636363636364, "micro_f1": 0.7272727272727273, "accuracy": 0.9816782307025151}, "29": {"micro_precision": 0.7837837837837838, "micro_recall": 0.6590909090909091, "micro_f1": 0.7160493827160493, "accuracy": 0.9825455333911535}, "42": {"micro_precision": 0.825, "micro_recall": 0.75, "micro_f1": 0.7857142857142856, "accuracy": 0.9828707718993929}, "81": {"micro_precision": 0.8484848484848485, "micro_recall": 0.6363636363636364, "micro_f1": 0.7272727272727273, "accuracy": 0.9820034692107545}, "123": {"micro_precision": 0.8823529411764706, "micro_recall": 0.6818181818181818, "micro_f1": 0.7692307692307693, "accuracy": 0.9831960104076323}}}