{"qwen3-repeat-k-early-exit": {"5": {"micro_precision": 0.7906976744186046, "micro_recall": 0.7727272727272727, "micro_f1": 0.7816091954022988, "accuracy": 0.9842259323503902}, "29": {"micro_precision": 0.8717948717948718, "micro_recall": 0.7727272727272727, "micro_f1": 0.8192771084337349, "accuracy": 0.9857979184735473}, "42": {"micro_precision": 0.868421052631579, "micro_recall": 0.75, "micro_f1": 0.8048780487804879, "accuracy": 0.9853642671292281}, "81": {"micro_precision": 0.7857142857142857, "micro_recall": 0.75, "micro_f1": 0.7674418604651163, "accuracy": 0.9852016478751084}, "123": {"micro_precision": 0.723404255319149, "micro_recall": 0.7727272727272727, "micro_f1": 0.7472527472527473, "accuracy": 0.9849848222029488}}}