{"mistral-repeat-k-early-exit": {"5": {"micro_precision": 0.7361111111111112, "micro_recall": 0.6385542168674698, "micro_f1": 0.6838709677419356, "accuracy": 0.9854211663066955}, "29": {"micro_precision": 0.7439024390243902, "micro_recall": 0.7349397590361446, "micro_f1": 0.7393939393939394, "accuracy": 0.9859071274298056}, "42": {"micro_precision": 0.8888888888888888, "micro_recall": 0.4819277108433735, "micro_f1": 0.625, "accuracy": 0.982829373650108}, "81": {"micro_precision": 0.7875, "micro_recall": 0.7590361445783133, "micro_f1": 0.7730061349693251, "accuracy": 0.9857451403887689}, "123": {"micro_precision": 0.8181818181818182, "micro_recall": 0.43373493975903615, "micro_f1": 0.5669291338582677, "accuracy": 0.9831533477321814}}}