{"mistral-repeat-k": {"5": {"micro_precision": 0.918918918918919, "micro_recall": 0.7727272727272727, "micro_f1": 0.8395061728395061, "accuracy": 0.9869362532523851}, "29": {"micro_precision": 0.8181818181818182, "micro_recall": 0.8181818181818182, "micro_f1": 0.8181818181818182, "accuracy": 0.9855810928013877}, "42": {"micro_precision": 0.9230769230769231, "micro_recall": 0.8181818181818182, "micro_f1": 0.8674698795180724, "accuracy": 0.9873699045967043}, "81": {"micro_precision": 0.9473684210526315, "micro_recall": 0.8181818181818182, "micro_f1": 0.8780487804878049, "accuracy": 0.9876951431049437}, "123": {"micro_precision": 0.9, "micro_recall": 0.8181818181818182, "micro_f1": 0.8571428571428572, "accuracy": 0.9865026019080659}}}