{"mistral-repeat-k-early-exit": {"5": {"micro_precision": 0.9210526315789473, "micro_recall": 0.7954545454545454, "micro_f1": 0.8536585365853658, "accuracy": 0.985418473547268}, "29": {"micro_precision": 0.9166666666666666, "micro_recall": 0.75, "micro_f1": 0.8250000000000001, "accuracy": 0.9861773633998265}, "42": {"micro_precision": 0.9428571428571428, "micro_recall": 0.75, "micro_f1": 0.8354430379746834, "accuracy": 0.9856352992194276}, "81": {"micro_precision": 0.9459459459459459, "micro_recall": 0.7954545454545454, "micro_f1": 0.8641975308641975, "accuracy": 0.9857979184735473}, "123": {"micro_precision": 0.8974358974358975, "micro_recall": 0.7954545454545454, "micro_f1": 0.8433734939759037, "accuracy": 0.9850390286209887}}}