{"qwen3-repeat-k-early-exit": {"5": {"micro_precision": 0.7647058823529411, "micro_recall": 0.6265060240963856, "micro_f1": 0.6887417218543046, "accuracy": 0.9855831533477322}, "29": {"micro_precision": 0.7222222222222222, "micro_recall": 0.6265060240963856, "micro_f1": 0.6709677419354839, "accuracy": 0.9852591792656588}, "42": {"micro_precision": 0.8245614035087719, "micro_recall": 0.5662650602409639, "micro_f1": 0.6714285714285715, "accuracy": 0.9865010799136069}, "81": {"micro_precision": 0.75, "micro_recall": 0.6144578313253012, "micro_f1": 0.6754966887417218, "accuracy": 0.9845032397408208}, "123": {"micro_precision": 0.7692307692307693, "micro_recall": 0.6024096385542169, "micro_f1": 0.6756756756756758, "accuracy": 0.98585313174946}}}