{"qwen3-unmasked-middle": {"5": {"micro_precision": 0.918918918918919, "micro_recall": 0.7727272727272727, "micro_f1": 0.8395061728395061, "accuracy": 0.9857437120555074}, "29": {"micro_precision": 0.9411764705882353, "micro_recall": 0.7272727272727273, "micro_f1": 0.8205128205128205, "accuracy": 0.9849848222029488}, "42": {"micro_precision": 0.8918918918918919, "micro_recall": 0.75, "micro_f1": 0.8148148148148148, "accuracy": 0.9851474414570686}, "81": {"micro_precision": 0.8947368421052632, "micro_recall": 0.7727272727272727, "micro_f1": 0.8292682926829269, "accuracy": 0.9856895056374675}, "123": {"micro_precision": 0.9166666666666666, "micro_recall": 0.75, "micro_f1": 0.8250000000000001, "accuracy": 0.9861231569817867}}}