{"qwen3-unmasked-middle": {"5": {"micro_precision": 0.7671232876712328, "micro_recall": 0.6746987951807228, "micro_f1": 0.717948717948718, "accuracy": 0.9863390928725702}, "29": {"micro_precision": 0.7611940298507462, "micro_recall": 0.6144578313253012, "micro_f1": 0.68, "accuracy": 0.9863390928725702}, "42": {"micro_precision": 0.7397260273972602, "micro_recall": 0.6506024096385542, "micro_f1": 0.6923076923076923, "accuracy": 0.985475161987041}, "81": {"micro_precision": 0.7532467532467533, "micro_recall": 0.6987951807228916, "micro_f1": 0.7250000000000001, "accuracy": 0.9862311015118791}, "123": {"micro_precision": 0.7777777777777778, "micro_recall": 0.5903614457831325, "micro_f1": 0.6712328767123287, "accuracy": 0.9841792656587472}}}