{"gemma2-repeat-k": {"5": {"micro_precision": 0.918918918918919, "micro_recall": 0.7727272727272727, "micro_f1": 0.8395061728395061, "accuracy": 0.986990459670425}, "29": {"micro_precision": 0.8947368421052632, "micro_recall": 0.7727272727272727, "micro_f1": 0.8292682926829269, "accuracy": 0.985906331309627}, "42": {"micro_precision": 0.8918918918918919, "micro_recall": 0.75, "micro_f1": 0.8148148148148148, "accuracy": 0.986448395490026}, "81": {"micro_precision": 0.8536585365853658, "micro_recall": 0.7954545454545454, "micro_f1": 0.8235294117647058, "accuracy": 0.9870988725065047}, "123": {"micro_precision": 0.875, "micro_recall": 0.7954545454545454, "micro_f1": 0.8333333333333334, "accuracy": 0.9866110147441457}}}