{"mistral-repeat-k-early-exit": {"5": {"micro_precision": 0.9210526315789473, "micro_recall": 0.7954545454545454, "micro_f1": 0.8536585365853658, "accuracy": 0.9852558542931483}, "29": {"micro_precision": 0.9166666666666666, "micro_recall": 0.75, "micro_f1": 0.8250000000000001, "accuracy": 0.9855268863833477}, "42": {"micro_precision": 0.9230769230769231, "micro_recall": 0.8181818181818182, "micro_f1": 0.8674698795180724, "accuracy": 0.9865026019080659}, "81": {"micro_precision": 0.9473684210526315, "micro_recall": 0.8181818181818182, "micro_f1": 0.8780487804878049, "accuracy": 0.9849306157849089}, "123": {"micro_precision": 0.9285714285714286, "micro_recall": 0.5909090909090909, "micro_f1": 0.7222222222222223, "accuracy": 0.9811903729401561}}}