{"mistral-repeat-k-early-exit": {"5": {"micro_precision": 0.8450704225352113, "micro_recall": 0.7228915662650602, "micro_f1": 0.7792207792207793, "accuracy": 0.9879589632829374}, "29": {"micro_precision": 0.8169014084507042, "micro_recall": 0.6987951807228916, "micro_f1": 0.7532467532467533, "accuracy": 0.9872570194384449}, "42": {"micro_precision": 0.8378378378378378, "micro_recall": 0.7469879518072289, "micro_f1": 0.7898089171974523, "accuracy": 0.9883909287257019}, "81": {"micro_precision": 0.7469879518072289, "micro_recall": 0.7469879518072289, "micro_f1": 0.7469879518072289, "accuracy": 0.9867710583153347}, "123": {"micro_precision": 0.6785714285714286, "micro_recall": 0.6867469879518072, "micro_f1": 0.6826347305389222, "accuracy": 0.985097192224622}}}