{"qwen3-repeat-k-early-exit": {"5": {"micro_precision": 0.7761194029850746, "micro_recall": 0.6265060240963856, "micro_f1": 0.6933333333333334, "accuracy": 0.985475161987041}, "29": {"micro_precision": 0.7619047619047619, "micro_recall": 0.5783132530120482, "micro_f1": 0.6575342465753424, "accuracy": 0.9850431965442764}, "42": {"micro_precision": 0.7272727272727273, "micro_recall": 0.5783132530120482, "micro_f1": 0.6442953020134229, "accuracy": 0.9845032397408208}, "81": {"micro_precision": 0.8088235294117647, "micro_recall": 0.6626506024096386, "micro_f1": 0.7284768211920529, "accuracy": 0.9860691144708423}, "123": {"micro_precision": 0.7833333333333333, "micro_recall": 0.5662650602409639, "micro_f1": 0.6573426573426574, "accuracy": 0.9856371490280778}}}