{"qwen3": {"5": {"micro_precision": 0.7083333333333334, "micro_recall": 0.40963855421686746, "micro_f1": 0.5190839694656489, "accuracy": 0.9827753779697624}, "29": {"micro_precision": 0.6851851851851852, "micro_recall": 0.4457831325301205, "micro_f1": 0.5401459854014597, "accuracy": 0.9822354211663067}, "42": {"micro_precision": 0.6811594202898551, "micro_recall": 0.5662650602409639, "micro_f1": 0.618421052631579, "accuracy": 0.9832613390928726}, "81": {"micro_precision": 0.6896551724137931, "micro_recall": 0.4819277108433735, "micro_f1": 0.5673758865248226, "accuracy": 0.9822894168466523}, "123": {"micro_precision": 0.7678571428571429, "micro_recall": 0.5180722891566265, "micro_f1": 0.618705035971223, "accuracy": 0.9831533477321814}}}