{"gemma2-repeat-k": {"5": {"micro_precision": 0.8059701492537313, "micro_recall": 0.6506024096385542, "micro_f1": 0.7200000000000001, "accuracy": 0.9867710583153347}, "29": {"micro_precision": 0.76, "micro_recall": 0.6867469879518072, "micro_f1": 0.7215189873417722, "accuracy": 0.9874730021598273}, "42": {"micro_precision": 0.7530864197530864, "micro_recall": 0.7349397590361446, "micro_f1": 0.7439024390243902, "accuracy": 0.9873650107991361}, "81": {"micro_precision": 0.8181818181818182, "micro_recall": 0.6506024096385542, "micro_f1": 0.7248322147651006, "accuracy": 0.9865550755939525}, "123": {"micro_precision": 0.7126436781609196, "micro_recall": 0.7469879518072289, "micro_f1": 0.7294117647058824, "accuracy": 0.9870410367170627}}}