{"gemma2-repeat-k": {"5": {"micro_precision": 0.8484848484848485, "micro_recall": 0.6746987951807228, "micro_f1": 0.7516778523489932, "accuracy": 0.9880669546436285}, "29": {"micro_precision": 0.8, "micro_recall": 0.6265060240963856, "micro_f1": 0.7027027027027027, "accuracy": 0.9843952483801296}, "42": {"micro_precision": 0.7662337662337663, "micro_recall": 0.7108433734939759, "micro_f1": 0.7374999999999999, "accuracy": 0.9851511879049676}, "81": {"micro_precision": 0.8461538461538461, "micro_recall": 0.6626506024096386, "micro_f1": 0.7432432432432433, "accuracy": 0.9888768898488121}, "123": {"micro_precision": 0.819672131147541, "micro_recall": 0.6024096385542169, "micro_f1": 0.6944444444444445, "accuracy": 0.9869870410367171}}}