{"mistral-repeat-k-early-exit": {"5": {"micro_precision": 0.8076923076923077, "micro_recall": 0.7590361445783133, "micro_f1": 0.7826086956521741, "accuracy": 0.9880129589632829}, "29": {"micro_precision": 0.855072463768116, "micro_recall": 0.7108433734939759, "micro_f1": 0.7763157894736842, "accuracy": 0.9885529157667386}, "42": {"micro_precision": 0.8688524590163934, "micro_recall": 0.6385542168674698, "micro_f1": 0.7361111111111112, "accuracy": 0.9869870410367171}, "81": {"micro_precision": 0.7901234567901234, "micro_recall": 0.7710843373493976, "micro_f1": 0.7804878048780488, "accuracy": 0.9886069114470842}, "123": {"micro_precision": 0.6790123456790124, "micro_recall": 0.6626506024096386, "micro_f1": 0.6707317073170732, "accuracy": 0.9847732181425486}}}