{"qwen3-repeat-k-early-exit": {"5": {"micro_precision": 0.8378378378378378, "micro_recall": 0.7045454545454546, "micro_f1": 0.7654320987654323, "accuracy": 0.9840633130962706}, "29": {"micro_precision": 0.8333333333333334, "micro_recall": 0.6818181818181818, "micro_f1": 0.7499999999999999, "accuracy": 0.981786643538595}, "42": {"micro_precision": 0.8378378378378378, "micro_recall": 0.7045454545454546, "micro_f1": 0.7654320987654323, "accuracy": 0.983846487424111}, "81": {"micro_precision": 0.868421052631579, "micro_recall": 0.75, "micro_f1": 0.8048780487804879, "accuracy": 0.983304423243712}, "123": {"micro_precision": 0.8571428571428571, "micro_recall": 0.6818181818181818, "micro_f1": 0.759493670886076, "accuracy": 0.983900693842151}}}