{"qwen3-repeat-k": {"5": {"micro_precision": 0.875, "micro_recall": 0.7954545454545454, "micro_f1": 0.8333333333333334, "accuracy": 0.9849306157849089}, "29": {"micro_precision": 0.85, "micro_recall": 0.7727272727272727, "micro_f1": 0.8095238095238095, "accuracy": 0.9860147441457069}, "42": {"micro_precision": 0.875, "micro_recall": 0.7954545454545454, "micro_f1": 0.8333333333333334, "accuracy": 0.9845511708586296}, "81": {"micro_precision": 0.8918918918918919, "micro_recall": 0.75, "micro_f1": 0.8148148148148148, "accuracy": 0.9843343451864701}, "123": {"micro_precision": 0.918918918918919, "micro_recall": 0.7727272727272727, "micro_f1": 0.8395061728395061, "accuracy": 0.985960537727667}}}