{"mistral-repeat-k-early-exit": {"5": {"micro_precision": 0.8717948717948718, "micro_recall": 0.7727272727272727, "micro_f1": 0.8192771084337349, "accuracy": 0.9849306157849089}, "29": {"micro_precision": 0.9142857142857143, "micro_recall": 0.7272727272727273, "micro_f1": 0.810126582278481, "accuracy": 0.9852016478751084}, "42": {"micro_precision": 0.9210526315789473, "micro_recall": 0.7954545454545454, "micro_f1": 0.8536585365853658, "accuracy": 0.9858521248915871}, "81": {"micro_precision": 0.85, "micro_recall": 0.7727272727272727, "micro_f1": 0.8095238095238095, "accuracy": 0.9858521248915871}, "123": {"micro_precision": 0.9, "micro_recall": 0.8181818181818182, "micro_f1": 0.8571428571428572, "accuracy": 0.9852558542931483}}}