{"gemma2": {"5": {"micro_precision": 0.8205128205128205, "micro_recall": 0.7272727272727273, "micro_f1": 0.7710843373493976, "accuracy": 0.9846053772766695}, "29": {"micro_precision": 0.8918918918918919, "micro_recall": 0.75, "micro_f1": 0.8148148148148148, "accuracy": 0.9824913269731136}, "42": {"micro_precision": 0.8648648648648649, "micro_recall": 0.7272727272727273, "micro_f1": 0.7901234567901235, "accuracy": 0.9831418039895924}, "81": {"micro_precision": 0.8157894736842105, "micro_recall": 0.7045454545454546, "micro_f1": 0.7560975609756098, "accuracy": 0.9835212489158717}, "123": {"micro_precision": 0.7906976744186046, "micro_recall": 0.7727272727272727, "micro_f1": 0.7816091954022988, "accuracy": 0.9828707718993929}}}