{"qwen3-repeat-k": {"5": {"micro_precision": 0.875, "micro_recall": 0.7954545454545454, "micro_f1": 0.8333333333333334, "accuracy": 0.9860147441457069}, "29": {"micro_precision": 0.9705882352941176, "micro_recall": 0.75, "micro_f1": 0.846153846153846, "accuracy": 0.9849848222029488}, "42": {"micro_precision": 0.8947368421052632, "micro_recall": 0.7727272727272727, "micro_f1": 0.8292682926829269, "accuracy": 0.9861773633998265}, "81": {"micro_precision": 0.8536585365853658, "micro_recall": 0.7954545454545454, "micro_f1": 0.8235294117647058, "accuracy": 0.9868820468343452}, "123": {"micro_precision": 0.8536585365853658, "micro_recall": 0.7954545454545454, "micro_f1": 0.8235294117647058, "accuracy": 0.9850932350390286}}}