{"qwen3-repeat-k": {"5": {"micro_precision": 0.873015873015873, "micro_recall": 0.6626506024096386, "micro_f1": 0.7534246575342466, "accuracy": 0.9868250539956803}, "29": {"micro_precision": 0.9137931034482759, "micro_recall": 0.6385542168674698, "micro_f1": 0.75177304964539, "accuracy": 0.9870950323974083}, "42": {"micro_precision": 0.8297872340425532, "micro_recall": 0.46987951807228917, "micro_f1": 0.6, "accuracy": 0.985097192224622}, "81": {"micro_precision": 0.8103448275862069, "micro_recall": 0.5662650602409639, "micro_f1": 0.6666666666666667, "accuracy": 0.9865550755939525}, "123": {"micro_precision": 0.7283950617283951, "micro_recall": 0.7108433734939759, "micro_f1": 0.7195121951219512, "accuracy": 0.9860691144708423}}}