{"mistral-repeat-k-early-exit": {"5": {"micro_precision": 0.75, "micro_recall": 0.6867469879518072, "micro_f1": 0.7169811320754716, "accuracy": 0.9853671706263499}, "29": {"micro_precision": 0.8260869565217391, "micro_recall": 0.6867469879518072, "micro_f1": 0.75, "accuracy": 0.9865550755939525}, "42": {"micro_precision": 0.8028169014084507, "micro_recall": 0.6867469879518072, "micro_f1": 0.7402597402597403, "accuracy": 0.9863930885529157}, "81": {"micro_precision": 0.6987951807228916, "micro_recall": 0.6987951807228916, "micro_f1": 0.6987951807228916, "accuracy": 0.984341252699784}, "123": {"micro_precision": 0.7857142857142857, "micro_recall": 0.6626506024096386, "micro_f1": 0.7189542483660131, "accuracy": 0.9857451403887689}}}