{"gemma2-repeat-k": {"5": {"micro_precision": 0.868421052631579, "micro_recall": 0.75, "micro_f1": 0.8048780487804879, "accuracy": 0.9878577623590633}, "29": {"micro_precision": 0.918918918918919, "micro_recall": 0.7727272727272727, "micro_f1": 0.8395061728395061, "accuracy": 0.9843343451864701}, "42": {"micro_precision": 0.8717948717948718, "micro_recall": 0.7727272727272727, "micro_f1": 0.8192771084337349, "accuracy": 0.9850390286209887}, "81": {"micro_precision": 0.8947368421052632, "micro_recall": 0.7727272727272727, "micro_f1": 0.8292682926829269, "accuracy": 0.9869362532523851}, "123": {"micro_precision": 0.8947368421052632, "micro_recall": 0.7727272727272727, "micro_f1": 0.8292682926829269, "accuracy": 0.985906331309627}}}