{"qwen3": {"5": {"micro_precision": 0.7931034482758621, "micro_recall": 0.5227272727272727, "micro_f1": 0.6301369863013699, "accuracy": 0.9816240242844753}, "29": {"micro_precision": 0.7142857142857143, "micro_recall": 0.5681818181818182, "micro_f1": 0.6329113924050633, "accuracy": 0.9812987857762359}, "42": {"micro_precision": 0.6923076923076923, "micro_recall": 0.6136363636363636, "micro_f1": 0.6506024096385543, "accuracy": 0.9808651344319167}, "81": {"micro_precision": 0.6842105263157895, "micro_recall": 0.5909090909090909, "micro_f1": 0.6341463414634148, "accuracy": 0.9805941023417173}, "123": {"micro_precision": 0.7941176470588235, "micro_recall": 0.6136363636363636, "micro_f1": 0.6923076923076923, "accuracy": 0.9809735472679966}}}