{"qwen3-repeat-k": {"5": {"micro_precision": 0.7868852459016393, "micro_recall": 0.5783132530120482, "micro_f1": 0.6666666666666666, "accuracy": 0.9860691144708423}, "29": {"micro_precision": 0.7846153846153846, "micro_recall": 0.6144578313253012, "micro_f1": 0.6891891891891891, "accuracy": 0.9859071274298056}, "42": {"micro_precision": 0.8636363636363636, "micro_recall": 0.6867469879518072, "micro_f1": 0.7651006711409396, "accuracy": 0.9877969762419007}, "81": {"micro_precision": 0.8181818181818182, "micro_recall": 0.6506024096385542, "micro_f1": 0.7248322147651006, "accuracy": 0.9874190064794817}, "123": {"micro_precision": 0.8181818181818182, "micro_recall": 0.6506024096385542, "micro_f1": 0.7248322147651006, "accuracy": 0.9862311015118791}}}