{"qwen3-repeat-k": {"5": {"micro_precision": 0.9, "micro_recall": 0.8181818181818182, "micro_f1": 0.8571428571428572, "accuracy": 0.9849306157849089}, "29": {"micro_precision": 0.9428571428571428, "micro_recall": 0.75, "micro_f1": 0.8354430379746834, "accuracy": 0.9853642671292281}, "42": {"micro_precision": 0.9210526315789473, "micro_recall": 0.7954545454545454, "micro_f1": 0.8536585365853658, "accuracy": 0.9860147441457069}, "81": {"micro_precision": 0.9210526315789473, "micro_recall": 0.7954545454545454, "micro_f1": 0.8536585365853658, "accuracy": 0.9853642671292281}, "123": {"micro_precision": 0.8947368421052632, "micro_recall": 0.7727272727272727, "micro_f1": 0.8292682926829269, "accuracy": 0.9860147441457069}}}