{"qwen3-unmasked-middle": {"5": {"micro_precision": 0.8793103448275862, "micro_recall": 0.6144578313253012, "micro_f1": 0.7234042553191489, "accuracy": 0.9876349892008639}, "29": {"micro_precision": 0.8412698412698413, "micro_recall": 0.6385542168674698, "micro_f1": 0.7260273972602739, "accuracy": 0.9866630669546437}, "42": {"micro_precision": 0.8064516129032258, "micro_recall": 0.6024096385542169, "micro_f1": 0.689655172413793, "accuracy": 0.9862311015118791}, "81": {"micro_precision": 0.8064516129032258, "micro_recall": 0.6024096385542169, "micro_f1": 0.689655172413793, "accuracy": 0.9861231101511879}, "123": {"micro_precision": 0.7945205479452054, "micro_recall": 0.6987951807228916, "micro_f1": 0.7435897435897436, "accuracy": 0.9873110151187905}}}