{"mistral-repeat-k-early-exit": {"5": {"micro_precision": 0.7536231884057971, "micro_recall": 0.6265060240963856, "micro_f1": 0.6842105263157895, "accuracy": 0.9857451403887689}, "29": {"micro_precision": 0.8412698412698413, "micro_recall": 0.6385542168674698, "micro_f1": 0.7260273972602739, "accuracy": 0.9855831533477322}, "42": {"micro_precision": 0.7972972972972973, "micro_recall": 0.7108433734939759, "micro_f1": 0.751592356687898, "accuracy": 0.9867170626349892}, "81": {"micro_precision": 0.8064516129032258, "micro_recall": 0.6024096385542169, "micro_f1": 0.689655172413793, "accuracy": 0.9860691144708423}, "123": {"micro_precision": 0.8688524590163934, "micro_recall": 0.6385542168674698, "micro_f1": 0.7361111111111112, "accuracy": 0.9866090712742981}}}