{"gemma2-repeat-k": {"5": {"micro_precision": 0.8333333333333334, "micro_recall": 0.7954545454545454, "micro_f1": 0.8139534883720929, "accuracy": 0.9857437120555074}, "29": {"micro_precision": 0.8947368421052632, "micro_recall": 0.7727272727272727, "micro_f1": 0.8292682926829269, "accuracy": 0.9870446660884649}, "42": {"micro_precision": 0.8918918918918919, "micro_recall": 0.75, "micro_f1": 0.8148148148148148, "accuracy": 0.9855268863833477}, "81": {"micro_precision": 0.9428571428571428, "micro_recall": 0.75, "micro_f1": 0.8354430379746834, "accuracy": 0.985960537727667}, "123": {"micro_precision": 0.8780487804878049, "micro_recall": 0.8181818181818182, "micro_f1": 0.8470588235294119, "accuracy": 0.9872614917606245}}}