{"mistral-repeat-k-early-exit": {"5": {"micro_precision": 0.7721518987341772, "micro_recall": 0.7349397590361446, "micro_f1": 0.7530864197530864, "accuracy": 0.9875269978401728}, "29": {"micro_precision": 0.7534246575342466, "micro_recall": 0.6626506024096386, "micro_f1": 0.7051282051282052, "accuracy": 0.9863930885529157}, "42": {"micro_precision": 0.8709677419354839, "micro_recall": 0.6506024096385542, "micro_f1": 0.7448275862068965, "accuracy": 0.9875269978401728}, "81": {"micro_precision": 0.8311688311688312, "micro_recall": 0.7710843373493976, "micro_f1": 0.8, "accuracy": 0.9880129589632829}, "123": {"micro_precision": 0.7901234567901234, "micro_recall": 0.7710843373493976, "micro_f1": 0.7804878048780488, "accuracy": 0.9876889848812095}}}