{"gemma2-repeat-k": {"5": {"micro_precision": 0.75, "micro_recall": 0.6144578313253012, "micro_f1": 0.6754966887417218, "accuracy": 0.9848272138228942}, "29": {"micro_precision": 0.803030303030303, "micro_recall": 0.6385542168674698, "micro_f1": 0.7114093959731542, "accuracy": 0.9867710583153347}, "42": {"micro_precision": 0.7386363636363636, "micro_recall": 0.7831325301204819, "micro_f1": 0.7602339181286549, "accuracy": 0.9857451403887689}, "81": {"micro_precision": 0.7792207792207793, "micro_recall": 0.7228915662650602, "micro_f1": 0.75, "accuracy": 0.9863930885529157}, "123": {"micro_precision": 0.8983050847457628, "micro_recall": 0.6385542168674698, "micro_f1": 0.7464788732394366, "accuracy": 0.9867170626349892}}}