{"gemma2-unmasked": {"5": {"micro_precision": 0.8115942028985508, "micro_recall": 0.6746987951807228, "micro_f1": 0.7368421052631579, "accuracy": 0.9864470842332613}, "29": {"micro_precision": 0.8461538461538461, "micro_recall": 0.6626506024096386, "micro_f1": 0.7432432432432433, "accuracy": 0.9866090712742981}, "42": {"micro_precision": 0.8867924528301887, "micro_recall": 0.5662650602409639, "micro_f1": 0.6911764705882354, "accuracy": 0.9865010799136069}, "81": {"micro_precision": 0.8309859154929577, "micro_recall": 0.7108433734939759, "micro_f1": 0.7662337662337662, "accuracy": 0.9875269978401728}, "123": {"micro_precision": 0.8450704225352113, "micro_recall": 0.7228915662650602, "micro_f1": 0.7792207792207793, "accuracy": 0.9874730021598273}}}