{"gemma2-repeat-k": {"5": {"micro_precision": 0.8974358974358975, "micro_recall": 0.7954545454545454, "micro_f1": 0.8433734939759037, "accuracy": 0.9854726799653079}, "29": {"micro_precision": 0.8181818181818182, "micro_recall": 0.8181818181818182, "micro_f1": 0.8181818181818182, "accuracy": 0.9857979184735473}, "42": {"micro_precision": 0.9230769230769231, "micro_recall": 0.8181818181818182, "micro_f1": 0.8674698795180724, "accuracy": 0.9857437120555074}, "81": {"micro_precision": 0.9230769230769231, "micro_recall": 0.8181818181818182, "micro_f1": 0.8674698795180724, "accuracy": 0.986990459670425}, "123": {"micro_precision": 0.9142857142857143, "micro_recall": 0.7272727272727273, "micro_f1": 0.810126582278481, "accuracy": 0.985960537727667}}}