{"qwen3-repeat-k": {"5": {"micro_precision": 0.8717948717948718, "micro_recall": 0.7727272727272727, "micro_f1": 0.8192771084337349, "accuracy": 0.985418473547268}, "29": {"micro_precision": 0.8918918918918919, "micro_recall": 0.75, "micro_f1": 0.8148148148148148, "accuracy": 0.985418473547268}, "42": {"micro_precision": 0.9428571428571428, "micro_recall": 0.75, "micro_f1": 0.8354430379746834, "accuracy": 0.9847679965307893}, "81": {"micro_precision": 0.8888888888888888, "micro_recall": 0.7272727272727273, "micro_f1": 0.7999999999999999, "accuracy": 0.9854726799653079}, "123": {"micro_precision": 0.8372093023255814, "micro_recall": 0.8181818181818182, "micro_f1": 0.8275862068965518, "accuracy": 0.9860147441457069}}}