{"gemma-unmasked-middle": {"5": {"micro_precision": 0.875, "micro_recall": 0.7954545454545454, "micro_f1": 0.8333333333333334, "accuracy": 0.9865026019080659}, "29": {"micro_precision": 0.9117647058823529, "micro_recall": 0.7045454545454546, "micro_f1": 0.794871794871795, "accuracy": 0.9847137901127494}, "42": {"micro_precision": 0.7948717948717948, "micro_recall": 0.7045454545454546, "micro_f1": 0.746987951807229, "accuracy": 0.9836838681699913}, "81": {"micro_precision": 0.8048780487804879, "micro_recall": 0.75, "micro_f1": 0.7764705882352942, "accuracy": 0.9836838681699913}, "123": {"micro_precision": 0.8333333333333334, "micro_recall": 0.7954545454545454, "micro_f1": 0.8139534883720929, "accuracy": 0.9861773633998265}}}