{"gemma-repeat-k": {"5": {"micro_precision": 0.8688524590163934, "micro_recall": 0.6385542168674698, "micro_f1": 0.7361111111111112, "accuracy": 0.9879049676025918}, "29": {"micro_precision": 0.835820895522388, "micro_recall": 0.6746987951807228, "micro_f1": 0.7466666666666666, "accuracy": 0.9860151187904967}, "42": {"micro_precision": 0.7714285714285715, "micro_recall": 0.6506024096385542, "micro_f1": 0.7058823529411765, "accuracy": 0.9861231101511879}, "81": {"micro_precision": 0.76, "micro_recall": 0.6867469879518072, "micro_f1": 0.7215189873417722, "accuracy": 0.9867710583153347}, "123": {"micro_precision": 0.7692307692307693, "micro_recall": 0.6024096385542169, "micro_f1": 0.6756756756756758, "accuracy": 0.9827753779697624}}}