{"gemma2-unmasked-middle": {"5": {"micro_precision": 0.8983050847457628, "micro_recall": 0.6385542168674698, "micro_f1": 0.7464788732394366, "accuracy": 0.9866630669546437}, "29": {"micro_precision": 0.8194444444444444, "micro_recall": 0.7108433734939759, "micro_f1": 0.7612903225806451, "accuracy": 0.9874730021598273}, "42": {"micro_precision": 0.7176470588235294, "micro_recall": 0.7349397590361446, "micro_f1": 0.7261904761904763, "accuracy": 0.9852051835853132}, "81": {"micro_precision": 0.855072463768116, "micro_recall": 0.7108433734939759, "micro_f1": 0.7763157894736842, "accuracy": 0.9880129589632829}, "123": {"micro_precision": 0.8, "micro_recall": 0.7710843373493976, "micro_f1": 0.7852760736196319, "accuracy": 0.9876349892008639}}}