{"mistral-repeat-k-early-exit": {"5": {"micro_precision": 0.9444444444444444, "micro_recall": 0.7727272727272727, "micro_f1": 0.85, "accuracy": 0.9873699045967043}, "29": {"micro_precision": 0.925, "micro_recall": 0.8409090909090909, "micro_f1": 0.8809523809523809, "accuracy": 0.9852558542931483}, "42": {"micro_precision": 0.9210526315789473, "micro_recall": 0.7954545454545454, "micro_f1": 0.8536585365853658, "accuracy": 0.9875867302688638}, "81": {"micro_precision": 0.8947368421052632, "micro_recall": 0.7727272727272727, "micro_f1": 0.8292682926829269, "accuracy": 0.9855810928013877}, "123": {"micro_precision": 0.8536585365853658, "micro_recall": 0.7954545454545454, "micro_f1": 0.8235294117647058, "accuracy": 0.985960537727667}}}