{"gemma2-unmasked-middle": {"5": {"micro_precision": 0.9210526315789473, "micro_recall": 0.7954545454545454, "micro_f1": 0.8536585365853658, "accuracy": 0.9870446660884649}, "29": {"micro_precision": 0.9142857142857143, "micro_recall": 0.7272727272727273, "micro_f1": 0.810126582278481, "accuracy": 0.9861231569817867}, "42": {"micro_precision": 0.8717948717948718, "micro_recall": 0.7727272727272727, "micro_f1": 0.8192771084337349, "accuracy": 0.9841717259323504}, "81": {"micro_precision": 0.9210526315789473, "micro_recall": 0.7954545454545454, "micro_f1": 0.8536585365853658, "accuracy": 0.9870446660884649}, "123": {"micro_precision": 0.8571428571428571, "micro_recall": 0.8181818181818182, "micro_f1": 0.8372093023255814, "accuracy": 0.9871530789245446}}}