{"gemma-repeat-k": {"5": {"micro_precision": 0.8870967741935484, "micro_recall": 0.6626506024096386, "micro_f1": 0.7586206896551725, "accuracy": 0.9890928725701944}, "29": {"micro_precision": 0.8153846153846154, "micro_recall": 0.6385542168674698, "micro_f1": 0.7162162162162162, "accuracy": 0.9863390928725702}, "42": {"micro_precision": 0.7792207792207793, "micro_recall": 0.7228915662650602, "micro_f1": 0.75, "accuracy": 0.9882829373650108}, "81": {"micro_precision": 0.9152542372881356, "micro_recall": 0.6506024096385542, "micro_f1": 0.7605633802816901, "accuracy": 0.9877969762419007}, "123": {"micro_precision": 0.859375, "micro_recall": 0.6626506024096386, "micro_f1": 0.7482993197278912, "accuracy": 0.9878509719222462}}}