{"qwen3-repeat-k": {"5": {"micro_precision": 0.9166666666666666, "micro_recall": 0.75, "micro_f1": 0.8250000000000001, "accuracy": 0.9852016478751084}, "29": {"micro_precision": 0.8536585365853658, "micro_recall": 0.7954545454545454, "micro_f1": 0.8235294117647058, "accuracy": 0.9862857762359063}, "42": {"micro_precision": 0.9, "micro_recall": 0.8181818181818182, "micro_f1": 0.8571428571428572, "accuracy": 0.9849848222029488}, "81": {"micro_precision": 0.8918918918918919, "micro_recall": 0.75, "micro_f1": 0.8148148148148148, "accuracy": 0.9849306157849089}, "123": {"micro_precision": 0.8717948717948718, "micro_recall": 0.7727272727272727, "micro_f1": 0.8192771084337349, "accuracy": 0.9848222029488292}}}