{"mistral-repeat-k": {"5": {"micro_precision": 0.9, "micro_recall": 0.8181818181818182, "micro_f1": 0.8571428571428572, "accuracy": 0.9865568083261058}, "29": {"micro_precision": 0.9230769230769231, "micro_recall": 0.8181818181818182, "micro_f1": 0.8674698795180724, "accuracy": 0.9877493495229835}, "42": {"micro_precision": 0.918918918918919, "micro_recall": 0.7727272727272727, "micro_f1": 0.8395061728395061, "accuracy": 0.9868820468343452}, "81": {"micro_precision": 0.8809523809523809, "micro_recall": 0.8409090909090909, "micro_f1": 0.8604651162790699, "accuracy": 0.9873699045967043}, "123": {"micro_precision": 0.8043478260869565, "micro_recall": 0.8409090909090909, "micro_f1": 0.8222222222222223, "accuracy": 0.9849848222029488}}}