{"mistral-repeat-k": {"5": {"micro_precision": 0.8405797101449275, "micro_recall": 0.6987951807228916, "micro_f1": 0.763157894736842, "accuracy": 0.9875809935205183}, "29": {"micro_precision": 0.8235294117647058, "micro_recall": 0.6746987951807228, "micro_f1": 0.7417218543046358, "accuracy": 0.9882829373650108}, "42": {"micro_precision": 0.8589743589743589, "micro_recall": 0.8072289156626506, "micro_f1": 0.8322981366459627, "accuracy": 0.9888768898488121}, "81": {"micro_precision": 0.8292682926829268, "micro_recall": 0.8192771084337349, "micro_f1": 0.8242424242424242, "accuracy": 0.9879589632829374}, "123": {"micro_precision": 0.7, "micro_recall": 0.7590361445783133, "micro_f1": 0.7283236994219654, "accuracy": 0.9855291576673866}}}