{"gemma2-unmasked": {"5": {"micro_precision": 0.8780487804878049, "micro_recall": 0.8181818181818182, "micro_f1": 0.8470588235294119, "accuracy": 0.9862857762359063}, "29": {"micro_precision": 0.8333333333333334, "micro_recall": 0.7954545454545454, "micro_f1": 0.8139534883720929, "accuracy": 0.9862315698178664}, "42": {"micro_precision": 0.9444444444444444, "micro_recall": 0.7727272727272727, "micro_f1": 0.85, "accuracy": 0.9854726799653079}, "81": {"micro_precision": 0.9210526315789473, "micro_recall": 0.7954545454545454, "micro_f1": 0.8536585365853658, "accuracy": 0.986990459670425}, "123": {"micro_precision": 0.868421052631579, "micro_recall": 0.75, "micro_f1": 0.8048780487804879, "accuracy": 0.9863399826539462}}}