{"mistral-repeat-k-early-exit": {"5": {"micro_precision": 0.8918918918918919, "micro_recall": 0.75, "micro_f1": 0.8148148148148148, "accuracy": 0.9863399826539462}, "29": {"micro_precision": 0.8536585365853658, "micro_recall": 0.7954545454545454, "micro_f1": 0.8235294117647058, "accuracy": 0.9866652211621856}, "42": {"micro_precision": 0.8974358974358975, "micro_recall": 0.7954545454545454, "micro_f1": 0.8433734939759037, "accuracy": 0.9861231569817867}, "81": {"micro_precision": 0.9473684210526315, "micro_recall": 0.8181818181818182, "micro_f1": 0.8780487804878049, "accuracy": 0.9862857762359063}, "123": {"micro_precision": 0.8974358974358975, "micro_recall": 0.7954545454545454, "micro_f1": 0.8433734939759037, "accuracy": 0.9857437120555074}}}