{"mistral-repeat-k-early-exit": {"5": {"micro_precision": 0.8181818181818182, "micro_recall": 0.6506024096385542, "micro_f1": 0.7248322147651006, "accuracy": 0.9877429805615551}, "29": {"micro_precision": 0.7763157894736842, "micro_recall": 0.7108433734939759, "micro_f1": 0.7421383647798742, "accuracy": 0.9873650107991361}, "42": {"micro_precision": 0.8055555555555556, "micro_recall": 0.6987951807228916, "micro_f1": 0.7483870967741936, "accuracy": 0.9870410367170627}, "81": {"micro_precision": 0.8787878787878788, "micro_recall": 0.6987951807228916, "micro_f1": 0.778523489932886, "accuracy": 0.9876349892008639}, "123": {"micro_precision": 0.7625, "micro_recall": 0.7349397590361446, "micro_f1": 0.7484662576687117, "accuracy": 0.9861231101511879}}}