{"qwen3-repeat-k-early-exit": {"5": {"micro_precision": 0.8253968253968254, "micro_recall": 0.6265060240963856, "micro_f1": 0.7123287671232876, "accuracy": 0.9853131749460043}, "29": {"micro_precision": 0.7966101694915254, "micro_recall": 0.5662650602409639, "micro_f1": 0.6619718309859155, "accuracy": 0.9845572354211664}, "42": {"micro_precision": 0.75, "micro_recall": 0.5783132530120482, "micro_f1": 0.6530612244897958, "accuracy": 0.984719222462203}, "81": {"micro_precision": 0.7868852459016393, "micro_recall": 0.5783132530120482, "micro_f1": 0.6666666666666666, "accuracy": 0.9845032397408208}, "123": {"micro_precision": 0.8064516129032258, "micro_recall": 0.6024096385542169, "micro_f1": 0.689655172413793, "accuracy": 0.9849352051835853}}}