{"qwen3-repeat-k": {"5": {"micro_precision": 0.7887323943661971, "micro_recall": 0.6746987951807228, "micro_f1": 0.7272727272727272, "accuracy": 0.9860691144708423}, "29": {"micro_precision": 0.7571428571428571, "micro_recall": 0.6385542168674698, "micro_f1": 0.6928104575163397, "accuracy": 0.9856911447084233}, "42": {"micro_precision": 0.7142857142857143, "micro_recall": 0.6626506024096386, "micro_f1": 0.6875000000000001, "accuracy": 0.9853671706263499}, "81": {"micro_precision": 0.8245614035087719, "micro_recall": 0.5662650602409639, "micro_f1": 0.6714285714285715, "accuracy": 0.9859611231101512}, "123": {"micro_precision": 0.7794117647058824, "micro_recall": 0.6385542168674698, "micro_f1": 0.7019867549668874, "accuracy": 0.9867170626349892}}}