{"qwen3-repeat-k": {"5": {"micro_precision": 0.7611940298507462, "micro_recall": 0.6144578313253012, "micro_f1": 0.68, "accuracy": 0.9862850971922246}, "29": {"micro_precision": 0.7575757575757576, "micro_recall": 0.6024096385542169, "micro_f1": 0.6711409395973154, "accuracy": 0.9855291576673866}, "42": {"micro_precision": 0.8103448275862069, "micro_recall": 0.5662650602409639, "micro_f1": 0.6666666666666667, "accuracy": 0.9856371490280778}, "81": {"micro_precision": 0.7733333333333333, "micro_recall": 0.6987951807228916, "micro_f1": 0.7341772151898734, "accuracy": 0.9867710583153347}, "123": {"micro_precision": 0.8813559322033898, "micro_recall": 0.6265060240963856, "micro_f1": 0.7323943661971831, "accuracy": 0.9874190064794817}}}