{"qwen3-repeat-k-early-exit": {"5": {"micro_precision": 0.8857142857142857, "micro_recall": 0.7045454545454546, "micro_f1": 0.7848101265822784, "accuracy": 0.985418473547268}, "29": {"micro_precision": 0.8095238095238095, "micro_recall": 0.7727272727272727, "micro_f1": 0.7906976744186046, "accuracy": 0.9858521248915871}, "42": {"micro_precision": 0.8571428571428571, "micro_recall": 0.6818181818181818, "micro_f1": 0.759493670886076, "accuracy": 0.983846487424111}, "81": {"micro_precision": 0.8823529411764706, "micro_recall": 0.6818181818181818, "micro_f1": 0.7692307692307693, "accuracy": 0.9853100607111882}, "123": {"micro_precision": 0.8205128205128205, "micro_recall": 0.7272727272727273, "micro_f1": 0.7710843373493976, "accuracy": 0.985960537727667}}}