{"gemma": {"5": {"micro_precision": 0.7, "micro_recall": 0.6746987951807228, "micro_f1": 0.6871165644171778, "accuracy": 0.985097192224622}, "29": {"micro_precision": 0.782608695652174, "micro_recall": 0.6506024096385542, "micro_f1": 0.7105263157894737, "accuracy": 0.9854211663066955}, "42": {"micro_precision": 0.8214285714285714, "micro_recall": 0.5542168674698795, "micro_f1": 0.6618705035971223, "accuracy": 0.9848272138228942}, "81": {"micro_precision": 0.7941176470588235, "micro_recall": 0.6506024096385542, "micro_f1": 0.7152317880794702, "accuracy": 0.985097192224622}, "123": {"micro_precision": 0.8448275862068966, "micro_recall": 0.5903614457831325, "micro_f1": 0.6950354609929078, "accuracy": 0.9861771058315335}}}