{"gemma-unmasked": {"5": {"micro_precision": 0.85, "micro_recall": 0.7727272727272727, "micro_f1": 0.8095238095238095, "accuracy": 0.985418473547268}, "29": {"micro_precision": 0.8974358974358975, "micro_recall": 0.7954545454545454, "micro_f1": 0.8433734939759037, "accuracy": 0.9844969644405898}, "42": {"micro_precision": 0.8717948717948718, "micro_recall": 0.7727272727272727, "micro_f1": 0.8192771084337349, "accuracy": 0.983846487424111}, "81": {"micro_precision": 0.9166666666666666, "micro_recall": 0.75, "micro_f1": 0.8250000000000001, "accuracy": 0.9853100607111882}, "123": {"micro_precision": 0.8974358974358975, "micro_recall": 0.7954545454545454, "micro_f1": 0.8433734939759037, "accuracy": 0.9851474414570686}}}