{"gemma-unmasked": {"5": {"micro_precision": 0.8378378378378378, "micro_recall": 0.7469879518072289, "micro_f1": 0.7898089171974523, "accuracy": 0.9875809935205183}, "29": {"micro_precision": 0.8, "micro_recall": 0.6746987951807228, "micro_f1": 0.7320261437908497, "accuracy": 0.9864470842332613}, "42": {"micro_precision": 0.8548387096774194, "micro_recall": 0.6385542168674698, "micro_f1": 0.7310344827586206, "accuracy": 0.984719222462203}, "81": {"micro_precision": 0.9, "micro_recall": 0.6506024096385542, "micro_f1": 0.7552447552447552, "accuracy": 0.9877969762419007}, "123": {"micro_precision": 0.9318181818181818, "micro_recall": 0.4939759036144578, "micro_f1": 0.6456692913385826, "accuracy": 0.9862311015118791}}}