{"qwen3-unmasked": {"5": {"micro_precision": 0.7611940298507462, "micro_recall": 0.6144578313253012, "micro_f1": 0.68, "accuracy": 0.9847732181425486}, "29": {"micro_precision": 0.8545454545454545, "micro_recall": 0.5662650602409639, "micro_f1": 0.6811594202898551, "accuracy": 0.9848272138228942}, "42": {"micro_precision": 0.864406779661017, "micro_recall": 0.6144578313253012, "micro_f1": 0.7183098591549295, "accuracy": 0.9848812095032398}, "81": {"micro_precision": 0.7796610169491526, "micro_recall": 0.5542168674698795, "micro_f1": 0.647887323943662, "accuracy": 0.9846652267818574}, "123": {"micro_precision": 0.7910447761194029, "micro_recall": 0.6385542168674698, "micro_f1": 0.7066666666666667, "accuracy": 0.9856911447084233}}}