{"mistral": {"5": {"micro_precision": 0.7333333333333333, "micro_recall": 0.6626506024096386, "micro_f1": 0.6962025316455697, "accuracy": 0.9847732181425486}, "29": {"micro_precision": 0.8387096774193549, "micro_recall": 0.6265060240963856, "micro_f1": 0.7172413793103449, "accuracy": 0.9842872570194384}, "42": {"micro_precision": 0.7794117647058824, "micro_recall": 0.6385542168674698, "micro_f1": 0.7019867549668874, "accuracy": 0.9842872570194384}, "81": {"micro_precision": 0.7397260273972602, "micro_recall": 0.6506024096385542, "micro_f1": 0.6923076923076923, "accuracy": 0.9842332613390928}, "123": {"micro_precision": 0.8275862068965517, "micro_recall": 0.5783132530120482, "micro_f1": 0.6808510638297872, "accuracy": 0.9841252699784018}}}