{"mistral-repeat-k-early-exit": {"5": {"micro_precision": 0.9166666666666666, "micro_recall": 0.75, "micro_f1": 0.8250000000000001, "accuracy": 0.9852558542931483}, "29": {"micro_precision": 0.8717948717948718, "micro_recall": 0.7727272727272727, "micro_f1": 0.8192771084337349, "accuracy": 0.984876409366869}, "42": {"micro_precision": 0.8809523809523809, "micro_recall": 0.8409090909090909, "micro_f1": 0.8604651162790699, "accuracy": 0.9854726799653079}, "81": {"micro_precision": 0.918918918918919, "micro_recall": 0.7727272727272727, "micro_f1": 0.8395061728395061, "accuracy": 0.9866110147441457}, "123": {"micro_precision": 0.9, "micro_recall": 0.8181818181818182, "micro_f1": 0.8571428571428572, "accuracy": 0.9873699045967043}}}