{"mistral-repeat-k-early-exit": {"5": {"micro_precision": 0.8548387096774194, "micro_recall": 0.6385542168674698, "micro_f1": 0.7310344827586206, "accuracy": 0.9855831533477322}, "29": {"micro_precision": 0.7875, "micro_recall": 0.7590361445783133, "micro_f1": 0.7730061349693251, "accuracy": 0.9870410367170627}, "42": {"micro_precision": 0.7804878048780488, "micro_recall": 0.7710843373493976, "micro_f1": 0.7757575757575758, "accuracy": 0.98585313174946}, "81": {"micro_precision": 0.8591549295774648, "micro_recall": 0.7349397590361446, "micro_f1": 0.7922077922077921, "accuracy": 0.9881209503239741}, "123": {"micro_precision": 0.7777777777777778, "micro_recall": 0.7590361445783133, "micro_f1": 0.7682926829268293, "accuracy": 0.9877429805615551}}}