{"gemma-repeat-k": {"5": {"micro_precision": 0.9166666666666666, "micro_recall": 0.75, "micro_f1": 0.8250000000000001, "accuracy": 0.9866652211621856}, "29": {"micro_precision": 0.8461538461538461, "micro_recall": 0.75, "micro_f1": 0.7951807228915662, "accuracy": 0.9872072853425846}, "42": {"micro_precision": 0.8974358974358975, "micro_recall": 0.7954545454545454, "micro_f1": 0.8433734939759037, "accuracy": 0.9862315698178664}, "81": {"micro_precision": 0.918918918918919, "micro_recall": 0.7727272727272727, "micro_f1": 0.8395061728395061, "accuracy": 0.985960537727667}, "123": {"micro_precision": 0.9142857142857143, "micro_recall": 0.7272727272727273, "micro_f1": 0.810126582278481, "accuracy": 0.9868820468343452}}}