{"mistral": {"5": {"micro_precision": 0.7857142857142857, "micro_recall": 0.75, "micro_f1": 0.7674418604651163, "accuracy": 0.9840633130962706}, "29": {"micro_precision": 0.8611111111111112, "micro_recall": 0.7045454545454546, "micro_f1": 0.775, "accuracy": 0.9833586296617519}, "42": {"micro_precision": 0.825, "micro_recall": 0.75, "micro_f1": 0.7857142857142856, "accuracy": 0.9840091066782307}, "81": {"micro_precision": 0.8048780487804879, "micro_recall": 0.75, "micro_f1": 0.7764705882352942, "accuracy": 0.9833586296617519}, "123": {"micro_precision": 0.8157894736842105, "micro_recall": 0.7045454545454546, "micro_f1": 0.7560975609756098, "accuracy": 0.9841175195143105}}}