{"mistral-unmasked": {"5": {"micro_precision": 0.8591549295774648, "micro_recall": 0.7349397590361446, "micro_f1": 0.7922077922077921, "accuracy": 0.9880129589632829}, "29": {"micro_precision": 0.855072463768116, "micro_recall": 0.7108433734939759, "micro_f1": 0.7763157894736842, "accuracy": 0.9886609071274298}, "42": {"micro_precision": 0.8356164383561644, "micro_recall": 0.7349397590361446, "micro_f1": 0.7820512820512822, "accuracy": 0.9876889848812095}, "81": {"micro_precision": 0.8461538461538461, "micro_recall": 0.6626506024096386, "micro_f1": 0.7432432432432433, "accuracy": 0.9873650107991361}, "123": {"micro_precision": 0.8928571428571429, "micro_recall": 0.6024096385542169, "micro_f1": 0.7194244604316548, "accuracy": 0.9859071274298056}}}