{"gemma2": {"5": {"micro_precision": 0.7619047619047619, "micro_recall": 0.5783132530120482, "micro_f1": 0.6575342465753424, "accuracy": 0.9848812095032398}, "29": {"micro_precision": 0.9038461538461539, "micro_recall": 0.5662650602409639, "micro_f1": 0.6962962962962963, "accuracy": 0.984719222462203}, "42": {"micro_precision": 0.7777777777777778, "micro_recall": 0.5903614457831325, "micro_f1": 0.6712328767123287, "accuracy": 0.9852591792656588}, "81": {"micro_precision": 0.796875, "micro_recall": 0.6144578313253012, "micro_f1": 0.6938775510204082, "accuracy": 0.9846112311015118}, "123": {"micro_precision": 0.7894736842105263, "micro_recall": 0.5421686746987951, "micro_f1": 0.6428571428571429, "accuracy": 0.9846652267818574}}}