{"qwen3-repeat-k-early-exit": {"5": {"micro_precision": 0.825, "micro_recall": 0.75, "micro_f1": 0.7857142857142856, "accuracy": 0.9844427580225499}, "29": {"micro_precision": 0.8108108108108109, "micro_recall": 0.6818181818181818, "micro_f1": 0.7407407407407407, "accuracy": 0.9836838681699913}, "42": {"micro_precision": 0.8571428571428571, "micro_recall": 0.6818181818181818, "micro_f1": 0.759493670886076, "accuracy": 0.9837922810060711}, "81": {"micro_precision": 0.8205128205128205, "micro_recall": 0.7272727272727273, "micro_f1": 0.7710843373493976, "accuracy": 0.9841717259323504}, "123": {"micro_precision": 0.825, "micro_recall": 0.75, "micro_f1": 0.7857142857142856, "accuracy": 0.9840633130962706}}}