{"qwen3-repeat-k": {"5": {"micro_precision": 0.7714285714285715, "micro_recall": 0.6506024096385542, "micro_f1": 0.7058823529411765, "accuracy": 0.9865010799136069}, "29": {"micro_precision": 0.7567567567567568, "micro_recall": 0.6746987951807228, "micro_f1": 0.7133757961783439, "accuracy": 0.9859611231101512}, "42": {"micro_precision": 0.8333333333333334, "micro_recall": 0.5421686746987951, "micro_f1": 0.656934306569343, "accuracy": 0.9859071274298056}, "81": {"micro_precision": 0.7469879518072289, "micro_recall": 0.7469879518072289, "micro_f1": 0.7469879518072289, "accuracy": 0.9867170626349892}, "123": {"micro_precision": 0.7746478873239436, "micro_recall": 0.6626506024096386, "micro_f1": 0.7142857142857142, "accuracy": 0.9864470842332613}}}