{"gemma-repeat-k": {"5": {"micro_precision": 0.8717948717948718, "micro_recall": 0.7727272727272727, "micro_f1": 0.8192771084337349, "accuracy": 0.9856352992194276}, "29": {"micro_precision": 0.8918918918918919, "micro_recall": 0.75, "micro_f1": 0.8148148148148148, "accuracy": 0.9854726799653079}, "42": {"micro_precision": 0.825, "micro_recall": 0.75, "micro_f1": 0.7857142857142856, "accuracy": 0.9842259323503902}, "81": {"micro_precision": 0.8823529411764706, "micro_recall": 0.6818181818181818, "micro_f1": 0.7692307692307693, "accuracy": 0.9847137901127494}, "123": {"micro_precision": 0.6382978723404256, "micro_recall": 0.6818181818181818, "micro_f1": 0.6593406593406593, "accuracy": 0.981786643538595}}}