{"gemma2-repeat-k": {"5": {"micro_precision": 0.9152542372881356, "micro_recall": 0.6506024096385542, "micro_f1": 0.7605633802816901, "accuracy": 0.9879049676025918}, "29": {"micro_precision": 0.8548387096774194, "micro_recall": 0.6385542168674698, "micro_f1": 0.7310344827586206, "accuracy": 0.9862311015118791}, "42": {"micro_precision": 0.8833333333333333, "micro_recall": 0.6385542168674698, "micro_f1": 0.7412587412587411, "accuracy": 0.9874190064794817}, "81": {"micro_precision": 0.8285714285714286, "micro_recall": 0.6987951807228916, "micro_f1": 0.758169934640523, "accuracy": 0.9882829373650108}, "123": {"micro_precision": 0.8208955223880597, "micro_recall": 0.6626506024096386, "micro_f1": 0.7333333333333333, "accuracy": 0.9881749460043197}}}