{"mistral-repeat-k-early-exit": {"5": {"micro_precision": 0.8085106382978723, "micro_recall": 0.8636363636363636, "micro_f1": 0.8351648351648351, "accuracy": 0.985960537727667}, "29": {"micro_precision": 0.9459459459459459, "micro_recall": 0.7954545454545454, "micro_f1": 0.8641975308641975, "accuracy": 0.9881830008673027}, "42": {"micro_precision": 0.8333333333333334, "micro_recall": 0.7954545454545454, "micro_f1": 0.8139534883720929, "accuracy": 0.9873156981786644}, "81": {"micro_precision": 0.9444444444444444, "micro_recall": 0.7727272727272727, "micro_f1": 0.85, "accuracy": 0.9849848222029488}, "123": {"micro_precision": 0.9459459459459459, "micro_recall": 0.7954545454545454, "micro_f1": 0.8641975308641975, "accuracy": 0.9870988725065047}}}