{"gemma2-repeat-k": {"5": {"micro_precision": 0.8974358974358975, "micro_recall": 0.7954545454545454, "micro_f1": 0.8433734939759037, "accuracy": 0.9848222029488292}, "29": {"micro_precision": 0.8461538461538461, "micro_recall": 0.75, "micro_f1": 0.7951807228915662, "accuracy": 0.9849848222029488}, "42": {"micro_precision": 0.7551020408163265, "micro_recall": 0.8409090909090909, "micro_f1": 0.7956989247311828, "accuracy": 0.9849848222029488}, "81": {"micro_precision": 0.8372093023255814, "micro_recall": 0.8181818181818182, "micro_f1": 0.8275862068965518, "accuracy": 0.985960537727667}, "123": {"micro_precision": 0.9428571428571428, "micro_recall": 0.75, "micro_f1": 0.8354430379746834, "accuracy": 0.9857437120555074}}}