{"mistral-repeat-k-early-exit": {"5": {"micro_precision": 0.8947368421052632, "micro_recall": 0.7727272727272727, "micro_f1": 0.8292682926829269, "accuracy": 0.985906331309627}, "29": {"micro_precision": 0.85, "micro_recall": 0.7727272727272727, "micro_f1": 0.8095238095238095, "accuracy": 0.9851474414570686}, "42": {"micro_precision": 0.8055555555555556, "micro_recall": 0.6590909090909091, "micro_f1": 0.7250000000000001, "accuracy": 0.981786643538595}, "81": {"micro_precision": 0.8809523809523809, "micro_recall": 0.8409090909090909, "micro_f1": 0.8604651162790699, "accuracy": 0.9854726799653079}, "123": {"micro_precision": 0.8055555555555556, "micro_recall": 0.6590909090909091, "micro_f1": 0.7250000000000001, "accuracy": 0.9819492627927147}}}