{"mistral-repeat-k-early-exit": {"5": {"micro_precision": 0.7605633802816901, "micro_recall": 0.6506024096385542, "micro_f1": 0.7012987012987013, "accuracy": 0.9868790496760259}, "29": {"micro_precision": 0.78125, "micro_recall": 0.6024096385542169, "micro_f1": 0.6802721088435375, "accuracy": 0.9862850971922246}, "42": {"micro_precision": 0.8, "micro_recall": 0.7228915662650602, "micro_f1": 0.759493670886076, "accuracy": 0.9872030237580993}, "81": {"micro_precision": 0.8285714285714286, "micro_recall": 0.6987951807228916, "micro_f1": 0.758169934640523, "accuracy": 0.9866630669546437}, "123": {"micro_precision": 0.6265060240963856, "micro_recall": 0.6265060240963856, "micro_f1": 0.6265060240963856, "accuracy": 0.984719222462203}}}