{"gemma2-repeat-k": {"5": {"micro_precision": 0.8055555555555556, "micro_recall": 0.6987951807228916, "micro_f1": 0.7483870967741936, "accuracy": 0.9880129589632829}, "29": {"micro_precision": 0.796875, "micro_recall": 0.6144578313253012, "micro_f1": 0.6938775510204082, "accuracy": 0.9849892008639309}, "42": {"micro_precision": 0.7746478873239436, "micro_recall": 0.6626506024096386, "micro_f1": 0.7142857142857142, "accuracy": 0.9849352051835853}, "81": {"micro_precision": 0.873015873015873, "micro_recall": 0.6626506024096386, "micro_f1": 0.7534246575342466, "accuracy": 0.9875269978401728}, "123": {"micro_precision": 0.8676470588235294, "micro_recall": 0.7108433734939759, "micro_f1": 0.7814569536423841, "accuracy": 0.9881749460043197}}}