{"gemma-repeat-k": {"5": {"micro_precision": 0.9428571428571428, "micro_recall": 0.75, "micro_f1": 0.8354430379746834, "accuracy": 0.9875867302688638}, "29": {"micro_precision": 0.813953488372093, "micro_recall": 0.7954545454545454, "micro_f1": 0.8045977011494252, "accuracy": 0.9850390286209887}, "42": {"micro_precision": 0.9166666666666666, "micro_recall": 0.75, "micro_f1": 0.8250000000000001, "accuracy": 0.9866110147441457}, "81": {"micro_precision": 0.8536585365853658, "micro_recall": 0.7954545454545454, "micro_f1": 0.8235294117647058, "accuracy": 0.9840633130962706}, "123": {"micro_precision": 0.8333333333333334, "micro_recall": 0.7954545454545454, "micro_f1": 0.8139534883720929, "accuracy": 0.985960537727667}}}