{"qwen3-repeat-k": {"5": {"micro_precision": 0.8103448275862069, "micro_recall": 0.5662650602409639, "micro_f1": 0.6666666666666667, "accuracy": 0.9849892008639309}, "29": {"micro_precision": 0.8387096774193549, "micro_recall": 0.6265060240963856, "micro_f1": 0.7172413793103449, "accuracy": 0.9864470842332613}, "42": {"micro_precision": 0.8695652173913043, "micro_recall": 0.7228915662650602, "micro_f1": 0.7894736842105263, "accuracy": 0.9879589632829374}, "81": {"micro_precision": 0.8028169014084507, "micro_recall": 0.6867469879518072, "micro_f1": 0.7402597402597403, "accuracy": 0.9868790496760259}, "123": {"micro_precision": 0.7536231884057971, "micro_recall": 0.6265060240963856, "micro_f1": 0.6842105263157895, "accuracy": 0.9864470842332613}}}