{"gemma2-repeat-k": {"5": {"micro_precision": 0.7647058823529411, "micro_recall": 0.6265060240963856, "micro_f1": 0.6887417218543046, "accuracy": 0.9872570194384449}, "29": {"micro_precision": 0.8115942028985508, "micro_recall": 0.6746987951807228, "micro_f1": 0.7368421052631579, "accuracy": 0.9875269978401728}, "42": {"micro_precision": 0.759493670886076, "micro_recall": 0.7228915662650602, "micro_f1": 0.7407407407407407, "accuracy": 0.9871490280777537}, "81": {"micro_precision": 0.803030303030303, "micro_recall": 0.6385542168674698, "micro_f1": 0.7114093959731542, "accuracy": 0.9883369330453564}, "123": {"micro_precision": 0.8636363636363636, "micro_recall": 0.6867469879518072, "micro_f1": 0.7651006711409396, "accuracy": 0.9883369330453564}}}