{"gemma2-unmasked": {"5": {"micro_precision": 0.7011494252873564, "micro_recall": 0.7349397590361446, "micro_f1": 0.7176470588235295, "accuracy": 0.9853131749460043}, "29": {"micro_precision": 0.890625, "micro_recall": 0.6867469879518072, "micro_f1": 0.7755102040816326, "accuracy": 0.9888768898488121}, "42": {"micro_precision": 0.90625, "micro_recall": 0.6987951807228916, "micro_f1": 0.7891156462585034, "accuracy": 0.9875809935205183}, "81": {"micro_precision": 0.8428571428571429, "micro_recall": 0.7108433734939759, "micro_f1": 0.7712418300653594, "accuracy": 0.9875809935205183}, "123": {"micro_precision": 0.75, "micro_recall": 0.7228915662650602, "micro_f1": 0.7361963190184048, "accuracy": 0.9848812095032398}}}