{"qwen3-repeat-k": {"5": {"micro_precision": 0.918918918918919, "micro_recall": 0.7727272727272727, "micro_f1": 0.8395061728395061, "accuracy": 0.9862857762359063}, "29": {"micro_precision": 0.85, "micro_recall": 0.7727272727272727, "micro_f1": 0.8095238095238095, "accuracy": 0.9853100607111882}, "42": {"micro_precision": 0.8421052631578947, "micro_recall": 0.7272727272727273, "micro_f1": 0.7804878048780488, "accuracy": 0.9857437120555074}, "81": {"micro_precision": 0.8421052631578947, "micro_recall": 0.7272727272727273, "micro_f1": 0.7804878048780488, "accuracy": 0.9853100607111882}, "123": {"micro_precision": 0.8888888888888888, "micro_recall": 0.7272727272727273, "micro_f1": 0.7999999999999999, "accuracy": 0.9853100607111882}}}