{"gemma2-repeat-k": {"5": {"micro_precision": 0.9, "micro_recall": 0.8181818181818182, "micro_f1": 0.8571428571428572, "accuracy": 0.9863399826539462}, "29": {"micro_precision": 0.8717948717948718, "micro_recall": 0.7727272727272727, "micro_f1": 0.8192771084337349, "accuracy": 0.9847679965307893}, "42": {"micro_precision": 0.9166666666666666, "micro_recall": 0.75, "micro_f1": 0.8250000000000001, "accuracy": 0.9841717259323504}, "81": {"micro_precision": 0.8974358974358975, "micro_recall": 0.7954545454545454, "micro_f1": 0.8433734939759037, "accuracy": 0.9862857762359063}, "123": {"micro_precision": 0.8780487804878049, "micro_recall": 0.8181818181818182, "micro_f1": 0.8470588235294119, "accuracy": 0.9869362532523851}}}