{"qwen3-repeat-k": {"5": {"micro_precision": 0.875, "micro_recall": 0.7954545454545454, "micro_f1": 0.8333333333333334, "accuracy": 0.985906331309627}, "29": {"micro_precision": 0.96875, "micro_recall": 0.7045454545454546, "micro_f1": 0.8157894736842106, "accuracy": 0.9852016478751084}, "42": {"micro_precision": 0.7916666666666666, "micro_recall": 0.8636363636363636, "micro_f1": 0.8260869565217391, "accuracy": 0.9853100607111882}, "81": {"micro_precision": 0.8648648648648649, "micro_recall": 0.7272727272727273, "micro_f1": 0.7901234567901235, "accuracy": 0.9861231569817867}, "123": {"micro_precision": 0.9428571428571428, "micro_recall": 0.75, "micro_f1": 0.8354430379746834, "accuracy": 0.9849848222029488}}}