{"mistral-repeat-k-early-exit": {"5": {"micro_precision": 0.6979166666666666, "micro_recall": 0.8072289156626506, "micro_f1": 0.7486033519553071, "accuracy": 0.985475161987041}, "29": {"micro_precision": 0.8428571428571429, "micro_recall": 0.7108433734939759, "micro_f1": 0.7712418300653594, "accuracy": 0.9878509719222462}, "42": {"micro_precision": 0.8076923076923077, "micro_recall": 0.7590361445783133, "micro_f1": 0.7826086956521741, "accuracy": 0.9876349892008639}, "81": {"micro_precision": 0.7368421052631579, "micro_recall": 0.6746987951807228, "micro_f1": 0.7044025157232704, "accuracy": 0.9848812095032398}, "123": {"micro_precision": 0.8235294117647058, "micro_recall": 0.6746987951807228, "micro_f1": 0.7417218543046358, "accuracy": 0.9876889848812095}}}