{"mistral-unmasked-middle": {"5": {"micro_precision": 0.8571428571428571, "micro_recall": 0.7228915662650602, "micro_f1": 0.7843137254901961, "accuracy": 0.9883369330453564}, "29": {"micro_precision": 0.8405797101449275, "micro_recall": 0.6987951807228916, "micro_f1": 0.763157894736842, "accuracy": 0.9874730021598273}, "42": {"micro_precision": 0.8840579710144928, "micro_recall": 0.7349397590361446, "micro_f1": 0.8026315789473685, "accuracy": 0.9884449244060475}, "81": {"micro_precision": 0.8591549295774648, "micro_recall": 0.7349397590361446, "micro_f1": 0.7922077922077921, "accuracy": 0.9879049676025918}, "123": {"micro_precision": 0.7916666666666666, "micro_recall": 0.6867469879518072, "micro_f1": 0.7354838709677419, "accuracy": 0.9862311015118791}}}