{"qwen3-repeat-k": {"5": {"micro_precision": 0.8490566037735849, "micro_recall": 0.5421686746987951, "micro_f1": 0.6617647058823528, "accuracy": 0.9851511879049676}, "29": {"micro_precision": 0.8051948051948052, "micro_recall": 0.7469879518072289, "micro_f1": 0.7749999999999999, "accuracy": 0.9877429805615551}, "42": {"micro_precision": 0.7746478873239436, "micro_recall": 0.6626506024096386, "micro_f1": 0.7142857142857142, "accuracy": 0.9861771058315335}, "81": {"micro_precision": 0.7761194029850746, "micro_recall": 0.6265060240963856, "micro_f1": 0.6933333333333334, "accuracy": 0.9865550755939525}, "123": {"micro_precision": 0.8194444444444444, "micro_recall": 0.7108433734939759, "micro_f1": 0.7612903225806451, "accuracy": 0.9868790496760259}}}