{"gemma-repeat-k": {"5": {"micro_precision": 0.8095238095238095, "micro_recall": 0.7727272727272727, "micro_f1": 0.7906976744186046, "accuracy": 0.986990459670425}, "29": {"micro_precision": 0.9428571428571428, "micro_recall": 0.75, "micro_f1": 0.8354430379746834, "accuracy": 0.9853642671292281}, "42": {"micro_precision": 0.8717948717948718, "micro_recall": 0.7727272727272727, "micro_f1": 0.8192771084337349, "accuracy": 0.9860689505637468}, "81": {"micro_precision": 0.9411764705882353, "micro_recall": 0.7272727272727273, "micro_f1": 0.8205128205128205, "accuracy": 0.9856895056374675}, "123": {"micro_precision": 0.9142857142857143, "micro_recall": 0.7272727272727273, "micro_f1": 0.810126582278481, "accuracy": 0.9867736339982653}}}