{"mistral-repeat-k-early-exit": {"5": {"micro_precision": 0.8208955223880597, "micro_recall": 0.6626506024096386, "micro_f1": 0.7333333333333333, "accuracy": 0.9867710583153347}, "29": {"micro_precision": 0.8235294117647058, "micro_recall": 0.6746987951807228, "micro_f1": 0.7417218543046358, "accuracy": 0.9866630669546437}, "42": {"micro_precision": 0.8115942028985508, "micro_recall": 0.6746987951807228, "micro_f1": 0.7368421052631579, "accuracy": 0.9861771058315335}, "81": {"micro_precision": 0.8157894736842105, "micro_recall": 0.7469879518072289, "micro_f1": 0.7798742138364778, "accuracy": 0.9853131749460043}, "123": {"micro_precision": 0.6781609195402298, "micro_recall": 0.7108433734939759, "micro_f1": 0.6941176470588235, "accuracy": 0.9846652267818574}}}