{"qwen3-repeat-k-early-exit": {"5": {"micro_precision": 0.8888888888888888, "micro_recall": 0.7272727272727273, "micro_f1": 0.7999999999999999, "accuracy": 0.9836296617519514}, "29": {"micro_precision": 0.8157894736842105, "micro_recall": 0.7045454545454546, "micro_f1": 0.7560975609756098, "accuracy": 0.9834128360797918}, "42": {"micro_precision": 0.8888888888888888, "micro_recall": 0.7272727272727273, "micro_f1": 0.7999999999999999, "accuracy": 0.9843343451864701}, "81": {"micro_precision": 0.8333333333333334, "micro_recall": 0.6818181818181818, "micro_f1": 0.7499999999999999, "accuracy": 0.9835212489158717}, "123": {"micro_precision": 0.8048780487804879, "micro_recall": 0.75, "micro_f1": 0.7764705882352942, "accuracy": 0.9846053772766695}}}