{"qwen3-repeat-k": {"5": {"micro_precision": 0.8181818181818182, "micro_recall": 0.7590361445783133, "micro_f1": 0.7875000000000001, "accuracy": 0.9876349892008639}, "29": {"micro_precision": 0.7564102564102564, "micro_recall": 0.7108433734939759, "micro_f1": 0.732919254658385, "accuracy": 0.9865550755939525}, "42": {"micro_precision": 0.8, "micro_recall": 0.6265060240963856, "micro_f1": 0.7027027027027027, "accuracy": 0.9870950323974083}, "81": {"micro_precision": 0.8548387096774194, "micro_recall": 0.6385542168674698, "micro_f1": 0.7310344827586206, "accuracy": 0.9860151187904967}, "123": {"micro_precision": 0.8524590163934426, "micro_recall": 0.6265060240963856, "micro_f1": 0.7222222222222222, "accuracy": 0.9867710583153347}}}