{"qwen3-repeat-k-early-exit": {"5": {"micro_precision": 0.7424242424242424, "micro_recall": 0.5903614457831325, "micro_f1": 0.6577181208053692, "accuracy": 0.9847732181425486}, "29": {"micro_precision": 0.8627450980392157, "micro_recall": 0.5301204819277109, "micro_f1": 0.6567164179104479, "accuracy": 0.9853131749460043}, "42": {"micro_precision": 0.8727272727272727, "micro_recall": 0.5783132530120482, "micro_f1": 0.6956521739130435, "accuracy": 0.9855291576673866}, "81": {"micro_precision": 0.8166666666666667, "micro_recall": 0.5903614457831325, "micro_f1": 0.6853146853146853, "accuracy": 0.9849352051835853}, "123": {"micro_precision": 0.8448275862068966, "micro_recall": 0.5903614457831325, "micro_f1": 0.6950354609929078, "accuracy": 0.9853131749460043}}}