{"qwen3-repeat-k-early-exit": {"5": {"micro_precision": 0.7530864197530864, "micro_recall": 0.7349397590361446, "micro_f1": 0.7439024390243902, "accuracy": 0.9851511879049676}, "29": {"micro_precision": 0.7681159420289855, "micro_recall": 0.6385542168674698, "micro_f1": 0.6973684210526315, "accuracy": 0.9855291576673866}, "42": {"micro_precision": 0.7575757575757576, "micro_recall": 0.6024096385542169, "micro_f1": 0.6711409395973154, "accuracy": 0.9856371490280778}, "81": {"micro_precision": 0.6744186046511628, "micro_recall": 0.6987951807228916, "micro_f1": 0.6863905325443787, "accuracy": 0.9846652267818574}, "123": {"micro_precision": 0.6823529411764706, "micro_recall": 0.6987951807228916, "micro_f1": 0.6904761904761905, "accuracy": 0.984341252699784}}}