{"gemma2-repeat-k": {"5": {"micro_precision": 0.859375, "micro_recall": 0.6626506024096386, "micro_f1": 0.7482993197278912, "accuracy": 0.9867710583153347}, "29": {"micro_precision": 0.8472222222222222, "micro_recall": 0.7349397590361446, "micro_f1": 0.7870967741935484, "accuracy": 0.9883369330453564}, "42": {"micro_precision": 0.8266666666666667, "micro_recall": 0.7469879518072289, "micro_f1": 0.7848101265822784, "accuracy": 0.9871490280777537}, "81": {"micro_precision": 0.8656716417910447, "micro_recall": 0.6987951807228916, "micro_f1": 0.7733333333333333, "accuracy": 0.9875269978401728}, "123": {"micro_precision": 0.759493670886076, "micro_recall": 0.7228915662650602, "micro_f1": 0.7407407407407407, "accuracy": 0.9874730021598273}}}