{"gemma-repeat-k": {"5": {"micro_precision": 0.7808219178082192, "micro_recall": 0.6867469879518072, "micro_f1": 0.7307692307692306, "accuracy": 0.9881209503239741}, "29": {"micro_precision": 0.8548387096774194, "micro_recall": 0.6385542168674698, "micro_f1": 0.7310344827586206, "accuracy": 0.9875269978401728}, "42": {"micro_precision": 0.8142857142857143, "micro_recall": 0.6867469879518072, "micro_f1": 0.7450980392156863, "accuracy": 0.9876889848812095}, "81": {"micro_precision": 0.9137931034482759, "micro_recall": 0.6385542168674698, "micro_f1": 0.75177304964539, "accuracy": 0.9880129589632829}, "123": {"micro_precision": 0.8382352941176471, "micro_recall": 0.6867469879518072, "micro_f1": 0.7549668874172185, "accuracy": 0.9883909287257019}}}