{"qwen3-repeat-k-early-exit": {"5": {"micro_precision": 0.8857142857142857, "micro_recall": 0.7045454545454546, "micro_f1": 0.7848101265822784, "accuracy": 0.9847679965307893}, "29": {"micro_precision": 0.825, "micro_recall": 0.75, "micro_f1": 0.7857142857142856, "accuracy": 0.9853100607111882}, "42": {"micro_precision": 0.8048780487804879, "micro_recall": 0.75, "micro_f1": 0.7764705882352942, "accuracy": 0.9843343451864701}, "81": {"micro_precision": 0.9142857142857143, "micro_recall": 0.7272727272727273, "micro_f1": 0.810126582278481, "accuracy": 0.9852558542931483}, "123": {"micro_precision": 0.7948717948717948, "micro_recall": 0.7045454545454546, "micro_f1": 0.746987951807229, "accuracy": 0.984876409366869}}}