{"gemma2-unmasked-middle": {"5": {"micro_precision": 0.8307692307692308, "micro_recall": 0.6506024096385542, "micro_f1": 0.7297297297297298, "accuracy": 0.9863930885529157}, "29": {"micro_precision": 0.8867924528301887, "micro_recall": 0.5662650602409639, "micro_f1": 0.6911764705882354, "accuracy": 0.98585313174946}, "42": {"micro_precision": 0.7763157894736842, "micro_recall": 0.7108433734939759, "micro_f1": 0.7421383647798742, "accuracy": 0.9867170626349892}, "81": {"micro_precision": 0.648936170212766, "micro_recall": 0.7349397590361446, "micro_f1": 0.6892655367231639, "accuracy": 0.985475161987041}, "123": {"micro_precision": 0.7922077922077922, "micro_recall": 0.7349397590361446, "micro_f1": 0.7625, "accuracy": 0.9875269978401728}}}