{"qwen3-repeat-k": {"5": {"micro_precision": 0.7222222222222222, "micro_recall": 0.6265060240963856, "micro_f1": 0.6709677419354839, "accuracy": 0.985475161987041}, "29": {"micro_precision": 0.8088235294117647, "micro_recall": 0.6626506024096386, "micro_f1": 0.7284768211920529, "accuracy": 0.9860691144708423}, "42": {"micro_precision": 0.8548387096774194, "micro_recall": 0.6385542168674698, "micro_f1": 0.7310344827586206, "accuracy": 0.9862311015118791}, "81": {"micro_precision": 0.8333333333333334, "micro_recall": 0.6024096385542169, "micro_f1": 0.6993006993006993, "accuracy": 0.9869330453563715}, "123": {"micro_precision": 0.6962025316455697, "micro_recall": 0.6626506024096386, "micro_f1": 0.6790123456790125, "accuracy": 0.98585313174946}}}