{"qwen3-unmasked": {"5": {"micro_precision": 0.7846153846153846, "micro_recall": 0.6144578313253012, "micro_f1": 0.6891891891891891, "accuracy": 0.9867170626349892}, "29": {"micro_precision": 0.8703703703703703, "micro_recall": 0.5662650602409639, "micro_f1": 0.6861313868613138, "accuracy": 0.9874730021598273}, "42": {"micro_precision": 0.8775510204081632, "micro_recall": 0.5180722891566265, "micro_f1": 0.6515151515151514, "accuracy": 0.9869870410367171}, "81": {"micro_precision": 0.7011494252873564, "micro_recall": 0.7349397590361446, "micro_f1": 0.7176470588235295, "accuracy": 0.9857991360691145}, "123": {"micro_precision": 0.7714285714285715, "micro_recall": 0.6506024096385542, "micro_f1": 0.7058823529411765, "accuracy": 0.9860151187904967}}}