{"qwen3-repeat-k": {"5": {"micro_precision": 0.9210526315789473, "micro_recall": 0.7954545454545454, "micro_f1": 0.8536585365853658, "accuracy": 0.9855268863833477}, "29": {"micro_precision": 0.9459459459459459, "micro_recall": 0.7954545454545454, "micro_f1": 0.8641975308641975, "accuracy": 0.9855268863833477}, "42": {"micro_precision": 0.8717948717948718, "micro_recall": 0.7727272727272727, "micro_f1": 0.8192771084337349, "accuracy": 0.9865568083261058}, "81": {"micro_precision": 0.9459459459459459, "micro_recall": 0.7954545454545454, "micro_f1": 0.8641975308641975, "accuracy": 0.9863399826539462}, "123": {"micro_precision": 0.875, "micro_recall": 0.7954545454545454, "micro_f1": 0.8333333333333334, "accuracy": 0.9853100607111882}}}