{"mistral-repeat-k-early-exit": {"5": {"micro_precision": 0.7910447761194029, "micro_recall": 0.6385542168674698, "micro_f1": 0.7066666666666667, "accuracy": 0.9844492440604752}, "29": {"micro_precision": 0.8260869565217391, "micro_recall": 0.6867469879518072, "micro_f1": 0.75, "accuracy": 0.9871490280777537}, "42": {"micro_precision": 0.7945205479452054, "micro_recall": 0.6987951807228916, "micro_f1": 0.7435897435897436, "accuracy": 0.9860151187904967}, "81": {"micro_precision": 0.8214285714285714, "micro_recall": 0.5542168674698795, "micro_f1": 0.6618705035971223, "accuracy": 0.9851511879049676}, "123": {"micro_precision": 0.8863636363636364, "micro_recall": 0.46987951807228917, "micro_f1": 0.6141732283464567, "accuracy": 0.9835313174946004}}}