{"qwen3": {"5": {"micro_precision": 0.7419354838709677, "micro_recall": 0.5227272727272727, "micro_f1": 0.6133333333333333, "accuracy": 0.9796183868169991}, "29": {"micro_precision": 0.6363636363636364, "micro_recall": 0.6363636363636364, "micro_f1": 0.6363636363636364, "accuracy": 0.980214657415438}, "42": {"micro_precision": 0.7297297297297297, "micro_recall": 0.6136363636363636, "micro_f1": 0.6666666666666666, "accuracy": 0.9805941023417173}, "81": {"micro_precision": 0.696969696969697, "micro_recall": 0.5227272727272727, "micro_f1": 0.5974025974025974, "accuracy": 0.9808651344319167}, "123": {"micro_precision": 0.6666666666666666, "micro_recall": 0.5909090909090909, "micro_f1": 0.6265060240963856, "accuracy": 0.9803772766695577}}}