{"qwen3-unmasked": {"5": {"micro_precision": 0.8421052631578947, "micro_recall": 0.7272727272727273, "micro_f1": 0.7804878048780488, "accuracy": 0.9855810928013877}, "29": {"micro_precision": 0.9210526315789473, "micro_recall": 0.7954545454545454, "micro_f1": 0.8536585365853658, "accuracy": 0.9846595836947094}, "42": {"micro_precision": 0.9142857142857143, "micro_recall": 0.7272727272727273, "micro_f1": 0.810126582278481, "accuracy": 0.9832502168256722}, "81": {"micro_precision": 0.8611111111111112, "micro_recall": 0.7045454545454546, "micro_f1": 0.775, "accuracy": 0.9852558542931483}, "123": {"micro_precision": 0.8947368421052632, "micro_recall": 0.7727272727272727, "micro_f1": 0.8292682926829269, "accuracy": 0.9844427580225499}}}