{"qwen3-repeat-k": {"5": {"micro_precision": 0.8405797101449275, "micro_recall": 0.6987951807228916, "micro_f1": 0.763157894736842, "accuracy": 0.9873110151187905}, "29": {"micro_precision": 0.7692307692307693, "micro_recall": 0.6024096385542169, "micro_f1": 0.6756756756756758, "accuracy": 0.9853131749460043}, "42": {"micro_precision": 0.8235294117647058, "micro_recall": 0.6746987951807228, "micro_f1": 0.7417218543046358, "accuracy": 0.9869330453563715}, "81": {"micro_precision": 0.9019607843137255, "micro_recall": 0.5542168674698795, "micro_f1": 0.6865671641791045, "accuracy": 0.9864470842332613}, "123": {"micro_precision": 0.875, "micro_recall": 0.6746987951807228, "micro_f1": 0.761904761904762, "accuracy": 0.9868250539956803}}}