{"gemma2-unmasked-middle": {"5": {"micro_precision": 0.8780487804878049, "micro_recall": 0.8181818181818182, "micro_f1": 0.8470588235294119, "accuracy": 0.986448395490026}, "29": {"micro_precision": 0.9166666666666666, "micro_recall": 0.75, "micro_f1": 0.8250000000000001, "accuracy": 0.9852558542931483}, "42": {"micro_precision": 0.8604651162790697, "micro_recall": 0.8409090909090909, "micro_f1": 0.8505747126436781, "accuracy": 0.9855810928013877}, "81": {"micro_precision": 0.8043478260869565, "micro_recall": 0.8409090909090909, "micro_f1": 0.8222222222222223, "accuracy": 0.9855268863833477}, "123": {"micro_precision": 0.8048780487804879, "micro_recall": 0.75, "micro_f1": 0.7764705882352942, "accuracy": 0.984876409366869}}}