{"gemma2-repeat-k": {"5": {"micro_precision": 0.9142857142857143, "micro_recall": 0.7272727272727273, "micro_f1": 0.810126582278481, "accuracy": 0.9860147441457069}, "29": {"micro_precision": 0.875, "micro_recall": 0.7954545454545454, "micro_f1": 0.8333333333333334, "accuracy": 0.9860689505637468}, "42": {"micro_precision": 0.925, "micro_recall": 0.8409090909090909, "micro_f1": 0.8809523809523809, "accuracy": 0.9865568083261058}, "81": {"micro_precision": 0.8947368421052632, "micro_recall": 0.7727272727272727, "micro_f1": 0.8292682926829269, "accuracy": 0.9857437120555074}, "123": {"micro_precision": 0.7755102040816326, "micro_recall": 0.8636363636363636, "micro_f1": 0.8172043010752688, "accuracy": 0.985906331309627}}}