{"mistral-repeat-k-early-exit": {"5": {"micro_precision": 0.8974358974358975, "micro_recall": 0.7954545454545454, "micro_f1": 0.8433734939759037, "accuracy": 0.9867194275802255}, "29": {"micro_precision": 0.9166666666666666, "micro_recall": 0.75, "micro_f1": 0.8250000000000001, "accuracy": 0.986990459670425}, "42": {"micro_precision": 0.9210526315789473, "micro_recall": 0.7954545454545454, "micro_f1": 0.8536585365853658, "accuracy": 0.9865026019080659}, "81": {"micro_precision": 0.8536585365853658, "micro_recall": 0.7954545454545454, "micro_f1": 0.8235294117647058, "accuracy": 0.9835212489158717}, "123": {"micro_precision": 0.8536585365853658, "micro_recall": 0.7954545454545454, "micro_f1": 0.8235294117647058, "accuracy": 0.9862315698178664}}}