{"mistral-repeat-k-early-exit": {"5": {"micro_precision": 0.8974358974358975, "micro_recall": 0.7954545454545454, "micro_f1": 0.8433734939759037, "accuracy": 0.9866110147441457}, "29": {"micro_precision": 0.9210526315789473, "micro_recall": 0.7954545454545454, "micro_f1": 0.8536585365853658, "accuracy": 0.9863399826539462}, "42": {"micro_precision": 0.9210526315789473, "micro_recall": 0.7954545454545454, "micro_f1": 0.8536585365853658, "accuracy": 0.9874241110147441}, "81": {"micro_precision": 0.9142857142857143, "micro_recall": 0.7272727272727273, "micro_f1": 0.810126582278481, "accuracy": 0.9863941890719862}, "123": {"micro_precision": 0.8974358974358975, "micro_recall": 0.7954545454545454, "micro_f1": 0.8433734939759037, "accuracy": 0.9827081526452732}}}