{"qwen3-repeat-k-early-exit": {"5": {"micro_precision": 0.7195121951219512, "micro_recall": 0.7108433734939759, "micro_f1": 0.7151515151515151, "accuracy": 0.9855831533477322}, "29": {"micro_precision": 0.8305084745762712, "micro_recall": 0.5903614457831325, "micro_f1": 0.6901408450704225, "accuracy": 0.9860151187904967}, "42": {"micro_precision": 0.8524590163934426, "micro_recall": 0.6265060240963856, "micro_f1": 0.7222222222222222, "accuracy": 0.9866630669546437}, "81": {"micro_precision": 0.7105263157894737, "micro_recall": 0.6506024096385542, "micro_f1": 0.679245283018868, "accuracy": 0.9848812095032398}, "123": {"micro_precision": 0.8, "micro_recall": 0.6265060240963856, "micro_f1": 0.7027027027027027, "accuracy": 0.9865010799136069}}}