{"gemma2-unmasked": {"5": {"micro_precision": 0.813953488372093, "micro_recall": 0.7954545454545454, "micro_f1": 0.8045977011494252, "accuracy": 0.9861231569817867}, "29": {"micro_precision": 0.918918918918919, "micro_recall": 0.7727272727272727, "micro_f1": 0.8395061728395061, "accuracy": 0.9874241110147441}, "42": {"micro_precision": 0.9166666666666666, "micro_recall": 0.75, "micro_f1": 0.8250000000000001, "accuracy": 0.985960537727667}, "81": {"micro_precision": 0.8717948717948718, "micro_recall": 0.7727272727272727, "micro_f1": 0.8192771084337349, "accuracy": 0.9863399826539462}, "123": {"micro_precision": 0.8372093023255814, "micro_recall": 0.8181818181818182, "micro_f1": 0.8275862068965518, "accuracy": 0.9848222029488292}}}