{"qwen3-unmasked": {"5": {"micro_precision": 0.8620689655172413, "micro_recall": 0.6024096385542169, "micro_f1": 0.7092198581560283, "accuracy": 0.9860151187904967}, "29": {"micro_precision": 0.8627450980392157, "micro_recall": 0.5301204819277109, "micro_f1": 0.6567164179104479, "accuracy": 0.9850431965442764}, "42": {"micro_precision": 0.7846153846153846, "micro_recall": 0.6144578313253012, "micro_f1": 0.6891891891891891, "accuracy": 0.9865010799136069}, "81": {"micro_precision": 0.873015873015873, "micro_recall": 0.6626506024096386, "micro_f1": 0.7534246575342466, "accuracy": 0.9865550755939525}, "123": {"micro_precision": 0.828125, "micro_recall": 0.6385542168674698, "micro_f1": 0.7210884353741497, "accuracy": 0.9863930885529157}}}