{"qwen3-unmasked-middle": {"5": {"micro_precision": 0.8947368421052632, "micro_recall": 0.7727272727272727, "micro_f1": 0.8292682926829269, "accuracy": 0.9856352992194276}, "29": {"micro_precision": 0.8888888888888888, "micro_recall": 0.7272727272727273, "micro_f1": 0.7999999999999999, "accuracy": 0.9865026019080659}, "42": {"micro_precision": 0.8918918918918919, "micro_recall": 0.75, "micro_f1": 0.8148148148148148, "accuracy": 0.9857979184735473}, "81": {"micro_precision": 0.868421052631579, "micro_recall": 0.75, "micro_f1": 0.8048780487804879, "accuracy": 0.9854726799653079}, "123": {"micro_precision": 0.9411764705882353, "micro_recall": 0.7272727272727273, "micro_f1": 0.8205128205128205, "accuracy": 0.9844427580225499}}}