{"qwen3-repeat-k": {"5": {"micro_precision": 0.765625, "micro_recall": 0.5903614457831325, "micro_f1": 0.6666666666666666, "accuracy": 0.9852051835853132}, "29": {"micro_precision": 0.7466666666666667, "micro_recall": 0.6746987951807228, "micro_f1": 0.708860759493671, "accuracy": 0.9853131749460043}, "42": {"micro_precision": 0.8059701492537313, "micro_recall": 0.6506024096385542, "micro_f1": 0.7200000000000001, "accuracy": 0.9866090712742981}, "81": {"micro_precision": 0.796875, "micro_recall": 0.6144578313253012, "micro_f1": 0.6938775510204082, "accuracy": 0.9855291576673866}, "123": {"micro_precision": 0.7945205479452054, "micro_recall": 0.6987951807228916, "micro_f1": 0.7435897435897436, "accuracy": 0.9866090712742981}}}