{"gemma2-repeat-k": {"5": {"micro_precision": 0.918918918918919, "micro_recall": 0.7727272727272727, "micro_f1": 0.8395061728395061, "accuracy": 0.9866110147441457}, "29": {"micro_precision": 0.8947368421052632, "micro_recall": 0.7727272727272727, "micro_f1": 0.8292682926829269, "accuracy": 0.9866110147441457}, "42": {"micro_precision": 0.8571428571428571, "micro_recall": 0.8181818181818182, "micro_f1": 0.8372093023255814, "accuracy": 0.9860689505637468}, "81": {"micro_precision": 0.8947368421052632, "micro_recall": 0.7727272727272727, "micro_f1": 0.8292682926829269, "accuracy": 0.985960537727667}, "123": {"micro_precision": 0.8974358974358975, "micro_recall": 0.7954545454545454, "micro_f1": 0.8433734939759037, "accuracy": 0.9866110147441457}}}