{"qwen3-repeat-k-early-exit": {"5": {"micro_precision": 0.8032786885245902, "micro_recall": 0.5903614457831325, "micro_f1": 0.6805555555555556, "accuracy": 0.9861231101511879}, "29": {"micro_precision": 0.7678571428571429, "micro_recall": 0.5180722891566265, "micro_f1": 0.618705035971223, "accuracy": 0.985475161987041}, "42": {"micro_precision": 0.8166666666666667, "micro_recall": 0.5903614457831325, "micro_f1": 0.6853146853146853, "accuracy": 0.9852051835853132}, "81": {"micro_precision": 0.7368421052631579, "micro_recall": 0.5060240963855421, "micro_f1": 0.6, "accuracy": 0.9841252699784018}, "123": {"micro_precision": 0.7884615384615384, "micro_recall": 0.4939759036144578, "micro_f1": 0.6074074074074073, "accuracy": 0.9848272138228942}}}