{"mistral-repeat-k": {"5": {"micro_precision": 0.9444444444444444, "micro_recall": 0.7727272727272727, "micro_f1": 0.85, "accuracy": 0.9870446660884649}, "29": {"micro_precision": 0.918918918918919, "micro_recall": 0.7727272727272727, "micro_f1": 0.8395061728395061, "accuracy": 0.9874241110147441}, "42": {"micro_precision": 0.9459459459459459, "micro_recall": 0.7954545454545454, "micro_f1": 0.8641975308641975, "accuracy": 0.9875325238508239}, "81": {"micro_precision": 0.9444444444444444, "micro_recall": 0.7727272727272727, "micro_f1": 0.85, "accuracy": 0.9878577623590633}, "123": {"micro_precision": 0.8780487804878049, "micro_recall": 0.8181818181818182, "micro_f1": 0.8470588235294119, "accuracy": 0.9853642671292281}}}