{"gemma2": {"5": {"micro_precision": 0.803921568627451, "micro_recall": 0.4939759036144578, "micro_f1": 0.6119402985074628, "accuracy": 0.9845032397408208}, "29": {"micro_precision": 0.8076923076923077, "micro_recall": 0.5060240963855421, "micro_f1": 0.6222222222222222, "accuracy": 0.9837473002159827}, "42": {"micro_precision": 0.7966101694915254, "micro_recall": 0.5662650602409639, "micro_f1": 0.6619718309859155, "accuracy": 0.9846112311015118}, "81": {"micro_precision": 0.8703703703703703, "micro_recall": 0.5662650602409639, "micro_f1": 0.6861313868613138, "accuracy": 0.9852051835853132}, "123": {"micro_precision": 0.7419354838709677, "micro_recall": 0.5542168674698795, "micro_f1": 0.6344827586206897, "accuracy": 0.9840172786177106}}}