{"qwen3-repeat-k": {"5": {"micro_precision": 0.7916666666666666, "micro_recall": 0.6867469879518072, "micro_f1": 0.7354838709677419, "accuracy": 0.9871490280777537}, "29": {"micro_precision": 0.746268656716418, "micro_recall": 0.6024096385542169, "micro_f1": 0.6666666666666667, "accuracy": 0.9848272138228942}, "42": {"micro_precision": 0.7261904761904762, "micro_recall": 0.7349397590361446, "micro_f1": 0.7305389221556886, "accuracy": 0.9860691144708423}, "81": {"micro_precision": 0.8260869565217391, "micro_recall": 0.6867469879518072, "micro_f1": 0.75, "accuracy": 0.9875269978401728}, "123": {"micro_precision": 0.7313432835820896, "micro_recall": 0.5903614457831325, "micro_f1": 0.6533333333333333, "accuracy": 0.985097192224622}}}