{"gemma2-repeat-k": {"5": {"micro_precision": 0.7916666666666666, "micro_recall": 0.6867469879518072, "micro_f1": 0.7354838709677419, "accuracy": 0.9859071274298056}, "29": {"micro_precision": 0.8055555555555556, "micro_recall": 0.6987951807228916, "micro_f1": 0.7483870967741936, "accuracy": 0.9870950323974083}, "42": {"micro_precision": 0.8082191780821918, "micro_recall": 0.7108433734939759, "micro_f1": 0.7564102564102564, "accuracy": 0.9869870410367171}, "81": {"micro_precision": 0.8059701492537313, "micro_recall": 0.6506024096385542, "micro_f1": 0.7200000000000001, "accuracy": 0.9873110151187905}, "123": {"micro_precision": 0.8142857142857143, "micro_recall": 0.6867469879518072, "micro_f1": 0.7450980392156863, "accuracy": 0.9872570194384449}}}